ISO-10303-21;
HEADER;
FILE_DESCRIPTION(('FreeCAD Model'),'2;1');
FILE_NAME('Open CASCADE Shape Model','2026-08-24T23:14:39',(''),(''),
  'Open CASCADE STEP processor 7.8','FreeCAD','Unknown');
FILE_SCHEMA(('AUTOMOTIVE_DESIGN { 1 0 10303 214 1 1 1 1 }'));
ENDSEC;
DATA;
#1 = APPLICATION_PROTOCOL_DEFINITION('international standard',
  'automotive_design',2000,#2);
#2 = APPLICATION_CONTEXT(
  'core data for automotive mechanical design processes');
#3 = SHAPE_DEFINITION_REPRESENTATION(#4,#10);
#4 = PRODUCT_DEFINITION_SHAPE('','',#5);
#5 = PRODUCT_DEFINITION('design','',#6,#9);
#6 = PRODUCT_DEFINITION_FORMATION('','',#7);
#7 = PRODUCT('Case Bottom','Case Bottom','',(#8));
#8 = PRODUCT_CONTEXT('',#2,'mechanical');
#9 = PRODUCT_DEFINITION_CONTEXT('part definition',#2,'design');
#10 = ADVANCED_BREP_SHAPE_REPRESENTATION('',(#11,#15),#2589);
#11 = AXIS2_PLACEMENT_3D('',#12,#13,#14);
#12 = CARTESIAN_POINT('',(0.,0.,0.));
#13 = DIRECTION('',(0.,0.,1.));
#14 = DIRECTION('',(1.,0.,-0.));
#15 = MANIFOLD_SOLID_BREP('',#16);
#16 = CLOSED_SHELL('',(#17,#57,#190,#215,#248,#273,#305,#356,#373,#397,
    #422,#446,#503,#577,#602,#626,#651,#668,#694,#725,#751,#783,#814,
    #879,#902,#919,#950,#1077,#1102,#1128,#1145,#1170,#1243,#1351,#1368,
    #1399,#1447,#1464,#1476,#1501,#1525,#1550,#1567,#1579,#1596,#1618,
    #1630,#1678,#1805,#1829,#1854,#1871,#1895,#1922,#1939,#1951,#1976,
    #2079,#2104,#2154,#2176,#2193,#2210,#2222,#2247,#2264,#2289,#2312,
    #2346,#2364,#2389,#2414,#2439,#2464,#2481,#2493,#2502,#2511,#2520,
    #2529,#2552,#2571));
#17 = ADVANCED_FACE('',(#18),#52,.F.);
#18 = FACE_BOUND('',#19,.F.);
#19 = EDGE_LOOP('',(#20,#30,#38,#46));
#20 = ORIENTED_EDGE('',*,*,#21,.F.);
#21 = EDGE_CURVE('',#22,#24,#26,.T.);
#22 = VERTEX_POINT('',#23);
#23 = CARTESIAN_POINT('',(2.54,1.016,6.604));
#24 = VERTEX_POINT('',#25);
#25 = CARTESIAN_POINT('',(23.622,1.016,6.604));
#26 = LINE('',#27,#28);
#27 = CARTESIAN_POINT('',(2.54,1.016,6.604));
#28 = VECTOR('',#29,1.);
#29 = DIRECTION('',(1.,-6.E-17,0.));
#30 = ORIENTED_EDGE('',*,*,#31,.T.);
#31 = EDGE_CURVE('',#22,#32,#34,.T.);
#32 = VERTEX_POINT('',#33);
#33 = CARTESIAN_POINT('',(2.54,1.016,7.112));
#34 = LINE('',#35,#36);
#35 = CARTESIAN_POINT('',(2.54,1.016,7.112));
#36 = VECTOR('',#37,1.);
#37 = DIRECTION('',(0.,0.,1.));
#38 = ORIENTED_EDGE('',*,*,#39,.T.);
#39 = EDGE_CURVE('',#32,#40,#42,.T.);
#40 = VERTEX_POINT('',#41);
#41 = CARTESIAN_POINT('',(23.622,1.016,7.112));
#42 = LINE('',#43,#44);
#43 = CARTESIAN_POINT('',(2.54,1.016,7.112));
#44 = VECTOR('',#45,1.);
#45 = DIRECTION('',(1.,0.,0.));
#46 = ORIENTED_EDGE('',*,*,#47,.F.);
#47 = EDGE_CURVE('',#24,#40,#48,.T.);
#48 = LINE('',#49,#50);
#49 = CARTESIAN_POINT('',(23.622,1.016,7.112));
#50 = VECTOR('',#51,1.);
#51 = DIRECTION('',(0.,4.196E-14,1.));
#52 = PLANE('',#53);
#53 = AXIS2_PLACEMENT_3D('',#54,#55,#56);
#54 = CARTESIAN_POINT('',(2.54,1.016,7.112));
#55 = DIRECTION('',(0.,1.,-4.196E-14));
#56 = DIRECTION('',(0.,4.196E-14,1.));
#57 = ADVANCED_FACE('',(#58),#185,.T.);
#58 = FACE_BOUND('',#59,.T.);
#59 = EDGE_LOOP('',(#60,#71,#79,#88,#96,#105,#113,#121,#129,#138,#146,
    #153,#154,#163,#171,#179));
#60 = ORIENTED_EDGE('',*,*,#61,.T.);
#61 = EDGE_CURVE('',#62,#64,#66,.T.);
#62 = VERTEX_POINT('',#63);
#63 = CARTESIAN_POINT('',(0.,2.54,6.604));
#64 = VERTEX_POINT('',#65);
#65 = CARTESIAN_POINT('',(2.54,0.,6.604));
#66 = CIRCLE('',#67,2.54);
#67 = AXIS2_PLACEMENT_3D('',#68,#69,#70);
#68 = CARTESIAN_POINT('',(2.54,2.54,6.604));
#69 = DIRECTION('',(-0.,0.,1.));
#70 = DIRECTION('',(0.,-1.,0.));
#71 = ORIENTED_EDGE('',*,*,#72,.T.);
#72 = EDGE_CURVE('',#64,#73,#75,.T.);
#73 = VERTEX_POINT('',#74);
#74 = CARTESIAN_POINT('',(23.622,0.,6.604));
#75 = LINE('',#76,#77);
#76 = CARTESIAN_POINT('',(2.54,0.,6.604));
#77 = VECTOR('',#78,1.);
#78 = DIRECTION('',(1.,0.,0.));
#79 = ORIENTED_EDGE('',*,*,#80,.T.);
#80 = EDGE_CURVE('',#73,#81,#83,.T.);
#81 = VERTEX_POINT('',#82);
#82 = CARTESIAN_POINT('',(26.162,2.54,6.604));
#83 = CIRCLE('',#84,2.54);
#84 = AXIS2_PLACEMENT_3D('',#85,#86,#87);
#85 = CARTESIAN_POINT('',(23.622,2.54,6.604));
#86 = DIRECTION('',(-0.,0.,1.));
#87 = DIRECTION('',(0.,-1.,0.));
#88 = ORIENTED_EDGE('',*,*,#89,.T.);
#89 = EDGE_CURVE('',#81,#90,#92,.T.);
#90 = VERTEX_POINT('',#91);
#91 = CARTESIAN_POINT('',(26.162,48.26,6.604));
#92 = LINE('',#93,#94);
#93 = CARTESIAN_POINT('',(26.162,2.54,6.604));
#94 = VECTOR('',#95,1.);
#95 = DIRECTION('',(0.,1.,0.));
#96 = ORIENTED_EDGE('',*,*,#97,.T.);
#97 = EDGE_CURVE('',#90,#98,#100,.T.);
#98 = VERTEX_POINT('',#99);
#99 = CARTESIAN_POINT('',(23.622,50.8,6.604));
#100 = CIRCLE('',#101,2.54);
#101 = AXIS2_PLACEMENT_3D('',#102,#103,#104);
#102 = CARTESIAN_POINT('',(23.622,48.26,6.604));
#103 = DIRECTION('',(-0.,0.,1.));
#104 = DIRECTION('',(0.,-1.,0.));
#105 = ORIENTED_EDGE('',*,*,#106,.T.);
#106 = EDGE_CURVE('',#98,#107,#109,.T.);
#107 = VERTEX_POINT('',#108);
#108 = CARTESIAN_POINT('',(18.796,50.8,6.604));
#109 = LINE('',#110,#111);
#110 = CARTESIAN_POINT('',(23.622,50.8,6.604));
#111 = VECTOR('',#112,1.);
#112 = DIRECTION('',(-1.,0.,0.));
#113 = ORIENTED_EDGE('',*,*,#114,.T.);
#114 = EDGE_CURVE('',#107,#115,#117,.T.);
#115 = VERTEX_POINT('',#116);
#116 = CARTESIAN_POINT('',(18.796,49.784,6.604));
#117 = LINE('',#118,#119);
#118 = CARTESIAN_POINT('',(18.796,50.8,6.604));
#119 = VECTOR('',#120,1.);
#120 = DIRECTION('',(0.,-1.,0.));
#121 = ORIENTED_EDGE('',*,*,#122,.F.);
#122 = EDGE_CURVE('',#123,#115,#125,.T.);
#123 = VERTEX_POINT('',#124);
#124 = CARTESIAN_POINT('',(23.622,49.784,6.604));
#125 = LINE('',#126,#127);
#126 = CARTESIAN_POINT('',(23.622,49.784,6.604));
#127 = VECTOR('',#128,1.);
#128 = DIRECTION('',(-1.,0.,0.));
#129 = ORIENTED_EDGE('',*,*,#130,.F.);
#130 = EDGE_CURVE('',#131,#123,#133,.T.);
#131 = VERTEX_POINT('',#132);
#132 = CARTESIAN_POINT('',(25.146,48.26,6.604));
#133 = CIRCLE('',#134,1.524);
#134 = AXIS2_PLACEMENT_3D('',#135,#136,#137);
#135 = CARTESIAN_POINT('',(23.622,48.26,6.604));
#136 = DIRECTION('',(-0.,0.,1.));
#137 = DIRECTION('',(0.,-1.,0.));
#138 = ORIENTED_EDGE('',*,*,#139,.F.);
#139 = EDGE_CURVE('',#140,#131,#142,.T.);
#140 = VERTEX_POINT('',#141);
#141 = CARTESIAN_POINT('',(25.146,2.54,6.604));
#142 = LINE('',#143,#144);
#143 = CARTESIAN_POINT('',(25.146,2.54,6.604));
#144 = VECTOR('',#145,1.);
#145 = DIRECTION('',(7.9E-16,1.,0.));
#146 = ORIENTED_EDGE('',*,*,#147,.F.);
#147 = EDGE_CURVE('',#24,#140,#148,.T.);
#148 = CIRCLE('',#149,1.524);
#149 = AXIS2_PLACEMENT_3D('',#150,#151,#152);
#150 = CARTESIAN_POINT('',(23.622,2.54,6.604));
#151 = DIRECTION('',(-0.,0.,1.));
#152 = DIRECTION('',(0.,-1.,0.));
#153 = ORIENTED_EDGE('',*,*,#21,.F.);
#154 = ORIENTED_EDGE('',*,*,#155,.F.);
#155 = EDGE_CURVE('',#156,#22,#158,.T.);
#156 = VERTEX_POINT('',#157);
#157 = CARTESIAN_POINT('',(1.016,2.54,6.604));
#158 = CIRCLE('',#159,1.524);
#159 = AXIS2_PLACEMENT_3D('',#160,#161,#162);
#160 = CARTESIAN_POINT('',(2.54,2.54,6.604));
#161 = DIRECTION('',(-0.,0.,1.));
#162 = DIRECTION('',(0.,-1.,0.));
#163 = ORIENTED_EDGE('',*,*,#164,.F.);
#164 = EDGE_CURVE('',#165,#156,#167,.T.);
#165 = VERTEX_POINT('',#166);
#166 = CARTESIAN_POINT('',(1.016,7.9248,6.604));
#167 = LINE('',#168,#169);
#168 = CARTESIAN_POINT('',(1.016,7.9248,6.604));
#169 = VECTOR('',#170,1.);
#170 = DIRECTION('',(0.,-1.,0.));
#171 = ORIENTED_EDGE('',*,*,#172,.F.);
#172 = EDGE_CURVE('',#173,#165,#175,.T.);
#173 = VERTEX_POINT('',#174);
#174 = CARTESIAN_POINT('',(0.,7.924799950118,6.604000049882));
#175 = LINE('',#176,#177);
#176 = CARTESIAN_POINT('',(0.,7.9247999,6.6040001));
#177 = VECTOR('',#178,1.);
#178 = DIRECTION('',(1.,0.,0.));
#179 = ORIENTED_EDGE('',*,*,#180,.T.);
#180 = EDGE_CURVE('',#173,#62,#181,.T.);
#181 = LINE('',#182,#183);
#182 = CARTESIAN_POINT('',(0.,7.9248,6.604));
#183 = VECTOR('',#184,1.);
#184 = DIRECTION('',(0.,-1.,0.));
#185 = PLANE('',#186);
#186 = AXIS2_PLACEMENT_3D('',#187,#188,#189);
#187 = CARTESIAN_POINT('',(13.038642605836,23.73959014877,6.604));
#188 = DIRECTION('',(0.,0.,1.));
#189 = DIRECTION('',(1.,0.,0.));
#190 = ADVANCED_FACE('',(#191),#210,.T.);
#191 = FACE_BOUND('',#192,.T.);
#192 = EDGE_LOOP('',(#193,#194,#195,#204));
#193 = ORIENTED_EDGE('',*,*,#155,.T.);
#194 = ORIENTED_EDGE('',*,*,#31,.T.);
#195 = ORIENTED_EDGE('',*,*,#196,.F.);
#196 = EDGE_CURVE('',#197,#32,#199,.T.);
#197 = VERTEX_POINT('',#198);
#198 = CARTESIAN_POINT('',(1.016,2.54,7.112));
#199 = CIRCLE('',#200,1.524);
#200 = AXIS2_PLACEMENT_3D('',#201,#202,#203);
#201 = CARTESIAN_POINT('',(2.54,2.54,7.112));
#202 = DIRECTION('',(-0.,0.,1.));
#203 = DIRECTION('',(0.,-1.,0.));
#204 = ORIENTED_EDGE('',*,*,#205,.F.);
#205 = EDGE_CURVE('',#156,#197,#206,.T.);
#206 = LINE('',#207,#208);
#207 = CARTESIAN_POINT('',(1.016,2.54,7.112));
#208 = VECTOR('',#209,1.);
#209 = DIRECTION('',(4.196E-14,0.,1.));
#210 = CYLINDRICAL_SURFACE('',#211,1.524);
#211 = AXIS2_PLACEMENT_3D('',#212,#213,#214);
#212 = CARTESIAN_POINT('',(2.54,2.54,7.112));
#213 = DIRECTION('',(0.,0.,1.));
#214 = DIRECTION('',(0.,-1.,0.));
#215 = ADVANCED_FACE('',(#216),#243,.T.);
#216 = FACE_BOUND('',#217,.T.);
#217 = EDGE_LOOP('',(#218,#219,#228,#236));
#218 = ORIENTED_EDGE('',*,*,#39,.T.);
#219 = ORIENTED_EDGE('',*,*,#220,.F.);
#220 = EDGE_CURVE('',#221,#40,#223,.T.);
#221 = VERTEX_POINT('',#222);
#222 = CARTESIAN_POINT('',(23.622,1.016,7.62));
#223 = CIRCLE('',#224,0.26035);
#224 = AXIS2_PLACEMENT_3D('',#225,#226,#227);
#225 = CARTESIAN_POINT('',(23.622,1.07315,7.366));
#226 = DIRECTION('',(1.,0.,0.));
#227 = DIRECTION('',(0.,1.,0.));
#228 = ORIENTED_EDGE('',*,*,#229,.F.);
#229 = EDGE_CURVE('',#230,#221,#232,.T.);
#230 = VERTEX_POINT('',#231);
#231 = CARTESIAN_POINT('',(2.54,1.016,7.62));
#232 = LINE('',#233,#234);
#233 = CARTESIAN_POINT('',(2.54,1.016,7.62));
#234 = VECTOR('',#235,1.);
#235 = DIRECTION('',(1.,0.,0.));
#236 = ORIENTED_EDGE('',*,*,#237,.F.);
#237 = EDGE_CURVE('',#32,#230,#238,.T.);
#238 = CIRCLE('',#239,0.26035);
#239 = AXIS2_PLACEMENT_3D('',#240,#241,#242);
#240 = CARTESIAN_POINT('',(2.54,1.07315,7.366));
#241 = DIRECTION('',(-1.,2.4E-16,0.));
#242 = DIRECTION('',(-2.4E-16,-1.,0.));
#243 = CYLINDRICAL_SURFACE('',#244,0.26035);
#244 = AXIS2_PLACEMENT_3D('',#245,#246,#247);
#245 = CARTESIAN_POINT('',(2.54,1.07315,7.366));
#246 = DIRECTION('',(1.,0.,0.));
#247 = DIRECTION('',(0.,1.,0.));
#248 = ADVANCED_FACE('',(#249),#268,.T.);
#249 = FACE_BOUND('',#250,.T.);
#250 = EDGE_LOOP('',(#251,#252,#260,#267));
#251 = ORIENTED_EDGE('',*,*,#147,.T.);
#252 = ORIENTED_EDGE('',*,*,#253,.T.);
#253 = EDGE_CURVE('',#140,#254,#256,.T.);
#254 = VERTEX_POINT('',#255);
#255 = CARTESIAN_POINT('',(25.146,2.54,7.112));
#256 = LINE('',#257,#258);
#257 = CARTESIAN_POINT('',(25.146,2.54,7.112));
#258 = VECTOR('',#259,1.);
#259 = DIRECTION('',(0.,0.,1.));
#260 = ORIENTED_EDGE('',*,*,#261,.F.);
#261 = EDGE_CURVE('',#40,#254,#262,.T.);
#262 = CIRCLE('',#263,1.524);
#263 = AXIS2_PLACEMENT_3D('',#264,#265,#266);
#264 = CARTESIAN_POINT('',(23.622,2.54,7.112));
#265 = DIRECTION('',(-0.,0.,1.));
#266 = DIRECTION('',(0.,-1.,0.));
#267 = ORIENTED_EDGE('',*,*,#47,.F.);
#268 = CYLINDRICAL_SURFACE('',#269,1.524);
#269 = AXIS2_PLACEMENT_3D('',#270,#271,#272);
#270 = CARTESIAN_POINT('',(23.622,2.54,7.112));
#271 = DIRECTION('',(0.,0.,1.));
#272 = DIRECTION('',(0.,-1.,0.));
#273 = ADVANCED_FACE('',(#274),#300,.T.);
#274 = FACE_BOUND('',#275,.F.);
#275 = EDGE_LOOP('',(#276,#284,#293,#299));
#276 = ORIENTED_EDGE('',*,*,#277,.F.);
#277 = EDGE_CURVE('',#278,#64,#280,.T.);
#278 = VERTEX_POINT('',#279);
#279 = CARTESIAN_POINT('',(2.54,-1.E-15,1.905));
#280 = LINE('',#281,#282);
#281 = CARTESIAN_POINT('',(2.54,-4.4E-16,0.));
#282 = VECTOR('',#283,1.);
#283 = DIRECTION('',(0.,0.,1.));
#284 = ORIENTED_EDGE('',*,*,#285,.F.);
#285 = EDGE_CURVE('',#286,#278,#288,.T.);
#286 = VERTEX_POINT('',#287);
#287 = CARTESIAN_POINT('',(0.,2.54,1.905));
#288 = CIRCLE('',#289,2.54);
#289 = AXIS2_PLACEMENT_3D('',#290,#291,#292);
#290 = CARTESIAN_POINT('',(2.54,2.54,1.905));
#291 = DIRECTION('',(0.,0.,1.));
#292 = DIRECTION('',(-1.,5.2E-16,0.));
#293 = ORIENTED_EDGE('',*,*,#294,.T.);
#294 = EDGE_CURVE('',#286,#62,#295,.T.);
#295 = LINE('',#296,#297);
#296 = CARTESIAN_POINT('',(-4.4E-16,2.54,0.));
#297 = VECTOR('',#298,1.);
#298 = DIRECTION('',(0.,0.,1.));
#299 = ORIENTED_EDGE('',*,*,#61,.T.);
#300 = CYLINDRICAL_SURFACE('',#301,2.54);
#301 = AXIS2_PLACEMENT_3D('',#302,#303,#304);
#302 = CARTESIAN_POINT('',(2.54,2.54,0.));
#303 = DIRECTION('',(0.,0.,1.));
#304 = DIRECTION('',(0.,-1.,0.));
#305 = ADVANCED_FACE('',(#306),#351,.F.);
#306 = FACE_BOUND('',#307,.F.);
#307 = EDGE_LOOP('',(#308,#316,#324,#332,#344,#350));
#308 = ORIENTED_EDGE('',*,*,#309,.F.);
#309 = EDGE_CURVE('',#310,#173,#312,.T.);
#310 = VERTEX_POINT('',#311);
#311 = CARTESIAN_POINT('',(0.,7.9247999,8.3058001));
#312 = LINE('',#313,#314);
#313 = CARTESIAN_POINT('',(0.,7.9247999,8.3058001));
#314 = VECTOR('',#315,1.);
#315 = DIRECTION('',(0.,0.,-1.));
#316 = ORIENTED_EDGE('',*,*,#317,.T.);
#317 = EDGE_CURVE('',#310,#318,#320,.T.);
#318 = VERTEX_POINT('',#319);
#319 = CARTESIAN_POINT('',(1.016,7.9248,8.3058));
#320 = LINE('',#321,#322);
#321 = CARTESIAN_POINT('',(0.,7.9247999,8.3058001));
#322 = VECTOR('',#323,1.);
#323 = DIRECTION('',(1.,0.,0.));
#324 = ORIENTED_EDGE('',*,*,#325,.T.);
#325 = EDGE_CURVE('',#318,#326,#328,.T.);
#326 = VERTEX_POINT('',#327);
#327 = CARTESIAN_POINT('',(1.016,7.9248,7.62));
#328 = LINE('',#329,#330);
#329 = CARTESIAN_POINT('',(1.016,7.9247999,8.212508383516));
#330 = VECTOR('',#331,1.);
#331 = DIRECTION('',(2.071E-14,0.,-1.));
#332 = ORIENTED_EDGE('',*,*,#333,.F.);
#333 = EDGE_CURVE('',#334,#326,#336,.T.);
#334 = VERTEX_POINT('',#335);
#335 = CARTESIAN_POINT('',(1.016,7.9248,7.112));
#336 = ( BOUNDED_CURVE() B_SPLINE_CURVE(6,(#337,#338,#339,#340,#341,#342
,#343),.UNSPECIFIED.,.F.,.F.) B_SPLINE_CURVE_WITH_KNOTS((7,7),(
1.792110769143,4.491074538037),.PIECEWISE_BEZIER_KNOTS.) CURVE() 
GEOMETRIC_REPRESENTATION_ITEM() RATIONAL_B_SPLINE_CURVE((1.095987086611,
    1.027883297317,0.994060191012,0.982581026431,0.994060191012,
1.027883297317,1.095987086611)) REPRESENTATION_ITEM('') );
#337 = CARTESIAN_POINT('',(1.016,7.9248,7.112));
#338 = CARTESIAN_POINT('',(0.89418755086,7.9248,7.139407801056));
#339 = CARTESIAN_POINT('',(0.798104915464,7.9248,7.23245104212));
#340 = CARTESIAN_POINT('',(0.761350907342,7.9248,7.366));
#341 = CARTESIAN_POINT('',(0.798104915464,7.9248,7.49954895788));
#342 = CARTESIAN_POINT('',(0.89418755086,7.9248,7.592592198944));
#343 = CARTESIAN_POINT('',(1.016,7.9248,7.62));
#344 = ORIENTED_EDGE('',*,*,#345,.T.);
#345 = EDGE_CURVE('',#334,#165,#346,.T.);
#346 = LINE('',#347,#348);
#347 = CARTESIAN_POINT('',(1.016,7.9247999,7.579040492738));
#348 = VECTOR('',#349,1.);
#349 = DIRECTION('',(-4.371E-14,0.,-1.));
#350 = ORIENTED_EDGE('',*,*,#172,.F.);
#351 = PLANE('',#352);
#352 = AXIS2_PLACEMENT_3D('',#353,#354,#355);
#353 = CARTESIAN_POINT('',(0.,7.9247999,8.3058001));
#354 = DIRECTION('',(0.,1.,0.));
#355 = DIRECTION('',(0.,0.,-1.));
#356 = ADVANCED_FACE('',(#357),#368,.T.);
#357 = FACE_BOUND('',#358,.T.);
#358 = EDGE_LOOP('',(#359,#360,#361,#362));
#359 = ORIENTED_EDGE('',*,*,#345,.T.);
#360 = ORIENTED_EDGE('',*,*,#164,.T.);
#361 = ORIENTED_EDGE('',*,*,#205,.T.);
#362 = ORIENTED_EDGE('',*,*,#363,.F.);
#363 = EDGE_CURVE('',#334,#197,#364,.T.);
#364 = LINE('',#365,#366);
#365 = CARTESIAN_POINT('',(1.016,7.9248,7.112));
#366 = VECTOR('',#367,1.);
#367 = DIRECTION('',(0.,-1.,0.));
#368 = PLANE('',#369);
#369 = AXIS2_PLACEMENT_3D('',#370,#371,#372);
#370 = CARTESIAN_POINT('',(1.016,25.397574706186,6.852280885475));
#371 = DIRECTION('',(-1.,0.,4.371E-14));
#372 = DIRECTION('',(-4.371E-14,0.,-1.));
#373 = ADVANCED_FACE('',(#374),#392,.F.);
#374 = FACE_BOUND('',#375,.F.);
#375 = EDGE_LOOP('',(#376,#377,#378,#386));
#376 = ORIENTED_EDGE('',*,*,#139,.F.);
#377 = ORIENTED_EDGE('',*,*,#253,.T.);
#378 = ORIENTED_EDGE('',*,*,#379,.T.);
#379 = EDGE_CURVE('',#254,#380,#382,.T.);
#380 = VERTEX_POINT('',#381);
#381 = CARTESIAN_POINT('',(25.146,48.26,7.112));
#382 = LINE('',#383,#384);
#383 = CARTESIAN_POINT('',(25.146,2.54,7.112));
#384 = VECTOR('',#385,1.);
#385 = DIRECTION('',(0.,1.,0.));
#386 = ORIENTED_EDGE('',*,*,#387,.F.);
#387 = EDGE_CURVE('',#131,#380,#388,.T.);
#388 = LINE('',#389,#390);
#389 = CARTESIAN_POINT('',(25.146,48.26,7.112));
#390 = VECTOR('',#391,1.);
#391 = DIRECTION('',(-4.196E-14,0.,1.));
#392 = PLANE('',#393);
#393 = AXIS2_PLACEMENT_3D('',#394,#395,#396);
#394 = CARTESIAN_POINT('',(25.146,2.54,7.112));
#395 = DIRECTION('',(-1.,0.,-4.196E-14));
#396 = DIRECTION('',(-4.196E-14,0.,1.));
#397 = ADVANCED_FACE('',(#398),#417,.T.);
#398 = FACE_BOUND('',#399,.T.);
#399 = EDGE_LOOP('',(#400,#401,#409,#416));
#400 = ORIENTED_EDGE('',*,*,#130,.T.);
#401 = ORIENTED_EDGE('',*,*,#402,.T.);
#402 = EDGE_CURVE('',#123,#403,#405,.T.);
#403 = VERTEX_POINT('',#404);
#404 = CARTESIAN_POINT('',(23.622,49.784,7.112));
#405 = LINE('',#406,#407);
#406 = CARTESIAN_POINT('',(23.622,49.784,7.112));
#407 = VECTOR('',#408,1.);
#408 = DIRECTION('',(0.,0.,1.));
#409 = ORIENTED_EDGE('',*,*,#410,.F.);
#410 = EDGE_CURVE('',#380,#403,#411,.T.);
#411 = CIRCLE('',#412,1.524);
#412 = AXIS2_PLACEMENT_3D('',#413,#414,#415);
#413 = CARTESIAN_POINT('',(23.622,48.26,7.112));
#414 = DIRECTION('',(-0.,0.,1.));
#415 = DIRECTION('',(0.,-1.,0.));
#416 = ORIENTED_EDGE('',*,*,#387,.F.);
#417 = CYLINDRICAL_SURFACE('',#418,1.524);
#418 = AXIS2_PLACEMENT_3D('',#419,#420,#421);
#419 = CARTESIAN_POINT('',(23.622,48.26,7.112));
#420 = DIRECTION('',(0.,0.,1.));
#421 = DIRECTION('',(0.,-1.,0.));
#422 = ADVANCED_FACE('',(#423),#441,.F.);
#423 = FACE_BOUND('',#424,.F.);
#424 = EDGE_LOOP('',(#425,#426,#427,#435));
#425 = ORIENTED_EDGE('',*,*,#122,.F.);
#426 = ORIENTED_EDGE('',*,*,#402,.T.);
#427 = ORIENTED_EDGE('',*,*,#428,.T.);
#428 = EDGE_CURVE('',#403,#429,#431,.T.);
#429 = VERTEX_POINT('',#430);
#430 = CARTESIAN_POINT('',(18.796,49.784,7.112));
#431 = LINE('',#432,#433);
#432 = CARTESIAN_POINT('',(23.622,49.784,7.112));
#433 = VECTOR('',#434,1.);
#434 = DIRECTION('',(-1.,0.,0.));
#435 = ORIENTED_EDGE('',*,*,#436,.F.);
#436 = EDGE_CURVE('',#115,#429,#437,.T.);
#437 = LINE('',#438,#439);
#438 = CARTESIAN_POINT('',(18.796,49.784,7.112));
#439 = VECTOR('',#440,1.);
#440 = DIRECTION('',(0.,-4.196E-14,1.));
#441 = PLANE('',#442);
#442 = AXIS2_PLACEMENT_3D('',#443,#444,#445);
#443 = CARTESIAN_POINT('',(23.622,49.784,7.112));
#444 = DIRECTION('',(-0.,-1.,-4.196E-14));
#445 = DIRECTION('',(0.,-4.196E-14,1.));
#446 = ADVANCED_FACE('',(#447),#498,.F.);
#447 = FACE_BOUND('',#448,.F.);
#448 = EDGE_LOOP('',(#449,#457,#458,#459,#468,#476,#484,#492));
#449 = ORIENTED_EDGE('',*,*,#450,.F.);
#450 = EDGE_CURVE('',#107,#451,#453,.T.);
#451 = VERTEX_POINT('',#452);
#452 = CARTESIAN_POINT('',(18.796,50.8,5.9944));
#453 = LINE('',#454,#455);
#454 = CARTESIAN_POINT('',(18.796,50.8,12.0904));
#455 = VECTOR('',#456,1.);
#456 = DIRECTION('',(0.,0.,-1.));
#457 = ORIENTED_EDGE('',*,*,#114,.T.);
#458 = ORIENTED_EDGE('',*,*,#436,.T.);
#459 = ORIENTED_EDGE('',*,*,#460,.F.);
#460 = EDGE_CURVE('',#461,#429,#463,.T.);
#461 = VERTEX_POINT('',#462);
#462 = CARTESIAN_POINT('',(18.796,49.784,7.62));
#463 = CIRCLE('',#464,0.26035);
#464 = AXIS2_PLACEMENT_3D('',#465,#466,#467);
#465 = CARTESIAN_POINT('',(18.796,49.72685,7.366));
#466 = DIRECTION('',(-1.,0.,0.));
#467 = DIRECTION('',(0.,-1.,0.));
#468 = ORIENTED_EDGE('',*,*,#469,.T.);
#469 = EDGE_CURVE('',#461,#470,#472,.T.);
#470 = VERTEX_POINT('',#471);
#471 = CARTESIAN_POINT('',(18.796,49.784,8.636));
#472 = LINE('',#473,#474);
#473 = CARTESIAN_POINT('',(18.796,49.784,8.636));
#474 = VECTOR('',#475,1.);
#475 = DIRECTION('',(0.,2.098E-14,1.));
#476 = ORIENTED_EDGE('',*,*,#477,.F.);
#477 = EDGE_CURVE('',#478,#470,#480,.T.);
#478 = VERTEX_POINT('',#479);
#479 = CARTESIAN_POINT('',(18.796,48.768,8.636));
#480 = LINE('',#481,#482);
#481 = CARTESIAN_POINT('',(18.796,38.1,8.636));
#482 = VECTOR('',#483,1.);
#483 = DIRECTION('',(0.,1.,0.));
#484 = ORIENTED_EDGE('',*,*,#485,.T.);
#485 = EDGE_CURVE('',#478,#486,#488,.T.);
#486 = VERTEX_POINT('',#487);
#487 = CARTESIAN_POINT('',(18.796,48.768,5.9944));
#488 = LINE('',#489,#490);
#489 = CARTESIAN_POINT('',(18.796,48.768,6.0452));
#490 = VECTOR('',#491,1.);
#491 = DIRECTION('',(0.,0.,-1.));
#492 = ORIENTED_EDGE('',*,*,#493,.F.);
#493 = EDGE_CURVE('',#451,#486,#494,.T.);
#494 = LINE('',#495,#496);
#495 = CARTESIAN_POINT('',(18.796,50.8,5.9944));
#496 = VECTOR('',#497,1.);
#497 = DIRECTION('',(0.,-1.,2.2E-16));
#498 = PLANE('',#499);
#499 = AXIS2_PLACEMENT_3D('',#500,#501,#502);
#500 = CARTESIAN_POINT('',(18.796,50.8,12.0904));
#501 = DIRECTION('',(1.,0.,0.));
#502 = DIRECTION('',(0.,-2.2E-16,-1.));
#503 = ADVANCED_FACE('',(#504),#572,.F.);
#504 = FACE_BOUND('',#505,.F.);
#505 = EDGE_LOOP('',(#506,#516,#522,#523,#524,#533,#541,#550,#558,#566)
  );
#506 = ORIENTED_EDGE('',*,*,#507,.F.);
#507 = EDGE_CURVE('',#508,#510,#512,.T.);
#508 = VERTEX_POINT('',#509);
#509 = CARTESIAN_POINT('',(23.622,50.8,1.905));
#510 = VERTEX_POINT('',#511);
#511 = CARTESIAN_POINT('',(2.54,50.8,1.905));
#512 = LINE('',#513,#514);
#513 = CARTESIAN_POINT('',(23.622,50.8,1.905));
#514 = VECTOR('',#515,1.);
#515 = DIRECTION('',(-1.,0.,0.));
#516 = ORIENTED_EDGE('',*,*,#517,.T.);
#517 = EDGE_CURVE('',#508,#98,#518,.T.);
#518 = LINE('',#519,#520);
#519 = CARTESIAN_POINT('',(23.622,50.8,0.));
#520 = VECTOR('',#521,1.);
#521 = DIRECTION('',(0.,0.,1.));
#522 = ORIENTED_EDGE('',*,*,#106,.T.);
#523 = ORIENTED_EDGE('',*,*,#450,.T.);
#524 = ORIENTED_EDGE('',*,*,#525,.T.);
#525 = EDGE_CURVE('',#451,#526,#528,.T.);
#526 = VERTEX_POINT('',#527);
#527 = CARTESIAN_POINT('',(18.669,50.8,5.8674));
#528 = CIRCLE('',#529,0.127);
#529 = AXIS2_PLACEMENT_3D('',#530,#531,#532);
#530 = CARTESIAN_POINT('',(18.669,50.8,5.9944));
#531 = DIRECTION('',(0.,1.,-0.));
#532 = DIRECTION('',(-1.,0.,0.));
#533 = ORIENTED_EDGE('',*,*,#534,.T.);
#534 = EDGE_CURVE('',#526,#535,#537,.T.);
#535 = VERTEX_POINT('',#536);
#536 = CARTESIAN_POINT('',(8.763,50.8,5.8674));
#537 = LINE('',#538,#539);
#538 = CARTESIAN_POINT('',(18.669,50.8,5.8674));
#539 = VECTOR('',#540,1.);
#540 = DIRECTION('',(-1.,0.,0.));
#541 = ORIENTED_EDGE('',*,*,#542,.T.);
#542 = EDGE_CURVE('',#535,#543,#545,.T.);
#543 = VERTEX_POINT('',#544);
#544 = CARTESIAN_POINT('',(8.636,50.8,5.9944));
#545 = CIRCLE('',#546,0.127);
#546 = AXIS2_PLACEMENT_3D('',#547,#548,#549);
#547 = CARTESIAN_POINT('',(8.763,50.8,5.9944));
#548 = DIRECTION('',(0.,1.,-0.));
#549 = DIRECTION('',(-1.,0.,0.));
#550 = ORIENTED_EDGE('',*,*,#551,.T.);
#551 = EDGE_CURVE('',#543,#552,#554,.T.);
#552 = VERTEX_POINT('',#553);
#553 = CARTESIAN_POINT('',(8.636,50.8,6.604));
#554 = LINE('',#555,#556);
#555 = CARTESIAN_POINT('',(8.636,50.8,5.9944));
#556 = VECTOR('',#557,1.);
#557 = DIRECTION('',(0.,0.,1.));
#558 = ORIENTED_EDGE('',*,*,#559,.T.);
#559 = EDGE_CURVE('',#552,#560,#562,.T.);
#560 = VERTEX_POINT('',#561);
#561 = CARTESIAN_POINT('',(2.54,50.8,6.604));
#562 = LINE('',#563,#564);
#563 = CARTESIAN_POINT('',(8.636,50.8,6.604));
#564 = VECTOR('',#565,1.);
#565 = DIRECTION('',(-1.,0.,0.));
#566 = ORIENTED_EDGE('',*,*,#567,.F.);
#567 = EDGE_CURVE('',#510,#560,#568,.T.);
#568 = LINE('',#569,#570);
#569 = CARTESIAN_POINT('',(2.54,50.8,0.));
#570 = VECTOR('',#571,1.);
#571 = DIRECTION('',(0.,0.,1.));
#572 = PLANE('',#573);
#573 = AXIS2_PLACEMENT_3D('',#574,#575,#576);
#574 = CARTESIAN_POINT('',(26.162,50.8,0.));
#575 = DIRECTION('',(0.,-1.,0.));
#576 = DIRECTION('',(-1.,0.,0.));
#577 = ADVANCED_FACE('',(#578),#597,.T.);
#578 = FACE_BOUND('',#579,.T.);
#579 = EDGE_LOOP('',(#580,#588,#595,#596));
#580 = ORIENTED_EDGE('',*,*,#581,.F.);
#581 = EDGE_CURVE('',#582,#90,#584,.T.);
#582 = VERTEX_POINT('',#583);
#583 = CARTESIAN_POINT('',(26.162,48.26,1.905));
#584 = LINE('',#585,#586);
#585 = CARTESIAN_POINT('',(26.162,48.26,0.));
#586 = VECTOR('',#587,1.);
#587 = DIRECTION('',(0.,0.,1.));
#588 = ORIENTED_EDGE('',*,*,#589,.T.);
#589 = EDGE_CURVE('',#582,#508,#590,.T.);
#590 = CIRCLE('',#591,2.54);
#591 = AXIS2_PLACEMENT_3D('',#592,#593,#594);
#592 = CARTESIAN_POINT('',(23.622,48.26,1.905));
#593 = DIRECTION('',(0.,0.,1.));
#594 = DIRECTION('',(1.,0.,0.));
#595 = ORIENTED_EDGE('',*,*,#517,.T.);
#596 = ORIENTED_EDGE('',*,*,#97,.F.);
#597 = CYLINDRICAL_SURFACE('',#598,2.54);
#598 = AXIS2_PLACEMENT_3D('',#599,#600,#601);
#599 = CARTESIAN_POINT('',(23.622,48.26,0.));
#600 = DIRECTION('',(0.,0.,1.));
#601 = DIRECTION('',(1.,0.,0.));
#602 = ADVANCED_FACE('',(#603),#621,.F.);
#603 = FACE_BOUND('',#604,.F.);
#604 = EDGE_LOOP('',(#605,#613,#619,#620));
#605 = ORIENTED_EDGE('',*,*,#606,.F.);
#606 = EDGE_CURVE('',#607,#582,#609,.T.);
#607 = VERTEX_POINT('',#608);
#608 = CARTESIAN_POINT('',(26.162,2.54,1.905));
#609 = LINE('',#610,#611);
#610 = CARTESIAN_POINT('',(26.162,2.54,1.905));
#611 = VECTOR('',#612,1.);
#612 = DIRECTION('',(0.,1.,0.));
#613 = ORIENTED_EDGE('',*,*,#614,.T.);
#614 = EDGE_CURVE('',#607,#81,#615,.T.);
#615 = LINE('',#616,#617);
#616 = CARTESIAN_POINT('',(26.162,2.54,0.));
#617 = VECTOR('',#618,1.);
#618 = DIRECTION('',(0.,0.,1.));
#619 = ORIENTED_EDGE('',*,*,#89,.T.);
#620 = ORIENTED_EDGE('',*,*,#581,.F.);
#621 = PLANE('',#622);
#622 = AXIS2_PLACEMENT_3D('',#623,#624,#625);
#623 = CARTESIAN_POINT('',(26.162,0.,0.));
#624 = DIRECTION('',(-1.,0.,0.));
#625 = DIRECTION('',(0.,1.,0.));
#626 = ADVANCED_FACE('',(#627),#646,.T.);
#627 = FACE_BOUND('',#628,.T.);
#628 = EDGE_LOOP('',(#629,#637,#644,#645));
#629 = ORIENTED_EDGE('',*,*,#630,.F.);
#630 = EDGE_CURVE('',#631,#73,#633,.T.);
#631 = VERTEX_POINT('',#632);
#632 = CARTESIAN_POINT('',(23.622,-1.E-15,1.905));
#633 = LINE('',#634,#635);
#634 = CARTESIAN_POINT('',(23.622,-4.4E-16,0.));
#635 = VECTOR('',#636,1.);
#636 = DIRECTION('',(0.,0.,1.));
#637 = ORIENTED_EDGE('',*,*,#638,.T.);
#638 = EDGE_CURVE('',#631,#607,#639,.T.);
#639 = CIRCLE('',#640,2.54);
#640 = AXIS2_PLACEMENT_3D('',#641,#642,#643);
#641 = CARTESIAN_POINT('',(23.622,2.54,1.905));
#642 = DIRECTION('',(-0.,0.,1.));
#643 = DIRECTION('',(0.,-1.,0.));
#644 = ORIENTED_EDGE('',*,*,#614,.T.);
#645 = ORIENTED_EDGE('',*,*,#80,.F.);
#646 = CYLINDRICAL_SURFACE('',#647,2.54);
#647 = AXIS2_PLACEMENT_3D('',#648,#649,#650);
#648 = CARTESIAN_POINT('',(23.622,2.54,0.));
#649 = DIRECTION('',(0.,0.,1.));
#650 = DIRECTION('',(0.,-1.,0.));
#651 = ADVANCED_FACE('',(#652),#663,.F.);
#652 = FACE_BOUND('',#653,.F.);
#653 = EDGE_LOOP('',(#654,#660,#661,#662));
#654 = ORIENTED_EDGE('',*,*,#655,.F.);
#655 = EDGE_CURVE('',#278,#631,#656,.T.);
#656 = LINE('',#657,#658);
#657 = CARTESIAN_POINT('',(2.54,0.,1.905));
#658 = VECTOR('',#659,1.);
#659 = DIRECTION('',(1.,0.,0.));
#660 = ORIENTED_EDGE('',*,*,#277,.T.);
#661 = ORIENTED_EDGE('',*,*,#72,.T.);
#662 = ORIENTED_EDGE('',*,*,#630,.F.);
#663 = PLANE('',#664);
#664 = AXIS2_PLACEMENT_3D('',#665,#666,#667);
#665 = CARTESIAN_POINT('',(0.,0.,0.));
#666 = DIRECTION('',(0.,1.,0.));
#667 = DIRECTION('',(1.,0.,0.));
#668 = ADVANCED_FACE('',(#669),#689,.T.);
#669 = FACE_BOUND('',#670,.T.);
#670 = EDGE_LOOP('',(#671,#672,#673,#682));
#671 = ORIENTED_EDGE('',*,*,#196,.T.);
#672 = ORIENTED_EDGE('',*,*,#237,.T.);
#673 = ORIENTED_EDGE('',*,*,#674,.F.);
#674 = EDGE_CURVE('',#675,#230,#677,.T.);
#675 = VERTEX_POINT('',#676);
#676 = CARTESIAN_POINT('',(1.016,2.54,7.62));
#677 = CIRCLE('',#678,1.524);
#678 = AXIS2_PLACEMENT_3D('',#679,#680,#681);
#679 = CARTESIAN_POINT('',(2.54,2.54,7.62));
#680 = DIRECTION('',(-0.,0.,1.));
#681 = DIRECTION('',(0.,-1.,0.));
#682 = ORIENTED_EDGE('',*,*,#683,.T.);
#683 = EDGE_CURVE('',#675,#197,#684,.T.);
#684 = CIRCLE('',#685,0.26035);
#685 = AXIS2_PLACEMENT_3D('',#686,#687,#688);
#686 = CARTESIAN_POINT('',(1.07315,2.54,7.366));
#687 = DIRECTION('',(0.,-1.,0.));
#688 = DIRECTION('',(1.,0.,0.));
#689 = TOROIDAL_SURFACE('',#690,1.46685,0.26035);
#690 = AXIS2_PLACEMENT_3D('',#691,#692,#693);
#691 = CARTESIAN_POINT('',(2.54,2.54,7.366));
#692 = DIRECTION('',(0.,0.,1.));
#693 = DIRECTION('',(0.,-1.,0.));
#694 = ADVANCED_FACE('',(#695),#720,.F.);
#695 = FACE_BOUND('',#696,.F.);
#696 = EDGE_LOOP('',(#697,#698,#706,#714));
#697 = ORIENTED_EDGE('',*,*,#229,.F.);
#698 = ORIENTED_EDGE('',*,*,#699,.T.);
#699 = EDGE_CURVE('',#230,#700,#702,.T.);
#700 = VERTEX_POINT('',#701);
#701 = CARTESIAN_POINT('',(2.54,1.016,8.636));
#702 = LINE('',#703,#704);
#703 = CARTESIAN_POINT('',(2.54,1.016,8.636));
#704 = VECTOR('',#705,1.);
#705 = DIRECTION('',(0.,0.,1.));
#706 = ORIENTED_EDGE('',*,*,#707,.T.);
#707 = EDGE_CURVE('',#700,#708,#710,.T.);
#708 = VERTEX_POINT('',#709);
#709 = CARTESIAN_POINT('',(23.622,1.016,8.636));
#710 = LINE('',#711,#712);
#711 = CARTESIAN_POINT('',(2.54,1.016,8.636));
#712 = VECTOR('',#713,1.);
#713 = DIRECTION('',(1.,0.,0.));
#714 = ORIENTED_EDGE('',*,*,#715,.F.);
#715 = EDGE_CURVE('',#221,#708,#716,.T.);
#716 = LINE('',#717,#718);
#717 = CARTESIAN_POINT('',(23.622,1.016,8.636));
#718 = VECTOR('',#719,1.);
#719 = DIRECTION('',(0.,-2.098E-14,1.));
#720 = PLANE('',#721);
#721 = AXIS2_PLACEMENT_3D('',#722,#723,#724);
#722 = CARTESIAN_POINT('',(2.54,1.016,8.636));
#723 = DIRECTION('',(0.,1.,2.098E-14));
#724 = DIRECTION('',(0.,-2.098E-14,1.));
#725 = ADVANCED_FACE('',(#726),#746,.T.);
#726 = FACE_BOUND('',#727,.T.);
#727 = EDGE_LOOP('',(#728,#729,#738,#745));
#728 = ORIENTED_EDGE('',*,*,#261,.T.);
#729 = ORIENTED_EDGE('',*,*,#730,.T.);
#730 = EDGE_CURVE('',#254,#731,#733,.T.);
#731 = VERTEX_POINT('',#732);
#732 = CARTESIAN_POINT('',(25.146,2.54,7.62));
#733 = CIRCLE('',#734,0.26035);
#734 = AXIS2_PLACEMENT_3D('',#735,#736,#737);
#735 = CARTESIAN_POINT('',(25.08885,2.54,7.366));
#736 = DIRECTION('',(-7.3E-16,-1.,0.));
#737 = DIRECTION('',(1.,-7.3E-16,0.));
#738 = ORIENTED_EDGE('',*,*,#739,.F.);
#739 = EDGE_CURVE('',#221,#731,#740,.T.);
#740 = CIRCLE('',#741,1.524);
#741 = AXIS2_PLACEMENT_3D('',#742,#743,#744);
#742 = CARTESIAN_POINT('',(23.622,2.54,7.62));
#743 = DIRECTION('',(-0.,0.,1.));
#744 = DIRECTION('',(0.,-1.,0.));
#745 = ORIENTED_EDGE('',*,*,#220,.T.);
#746 = TOROIDAL_SURFACE('',#747,1.46685,0.26035);
#747 = AXIS2_PLACEMENT_3D('',#748,#749,#750);
#748 = CARTESIAN_POINT('',(23.622,2.54,7.366));
#749 = DIRECTION('',(0.,0.,1.));
#750 = DIRECTION('',(0.,-1.,0.));
#751 = ADVANCED_FACE('',(#752),#778,.T.);
#752 = FACE_BOUND('',#753,.F.);
#753 = EDGE_LOOP('',(#754,#762,#763,#771));
#754 = ORIENTED_EDGE('',*,*,#755,.F.);
#755 = EDGE_CURVE('',#286,#756,#758,.T.);
#756 = VERTEX_POINT('',#757);
#757 = CARTESIAN_POINT('',(1.099852262806,2.54,0.));
#758 = LINE('',#759,#760);
#759 = CARTESIAN_POINT('',(0.549926131403,2.54,0.9525));
#760 = VECTOR('',#761,1.);
#761 = DIRECTION('',(0.5,0.,-0.866025403784));
#762 = ORIENTED_EDGE('',*,*,#285,.T.);
#763 = ORIENTED_EDGE('',*,*,#764,.T.);
#764 = EDGE_CURVE('',#278,#765,#767,.T.);
#765 = VERTEX_POINT('',#766);
#766 = CARTESIAN_POINT('',(2.54,1.099852262806,0.));
#767 = LINE('',#768,#769);
#768 = CARTESIAN_POINT('',(2.54,-8.9E-16,1.905));
#769 = VECTOR('',#770,1.);
#770 = DIRECTION('',(7.E-17,0.5,-0.866025403784));
#771 = ORIENTED_EDGE('',*,*,#772,.F.);
#772 = EDGE_CURVE('',#756,#765,#773,.T.);
#773 = CIRCLE('',#774,1.440147737194);
#774 = AXIS2_PLACEMENT_3D('',#775,#776,#777);
#775 = CARTESIAN_POINT('',(2.54,2.54,0.));
#776 = DIRECTION('',(0.,0.,1.));
#777 = DIRECTION('',(-1.,5.2E-16,0.));
#778 = CONICAL_SURFACE('',#779,2.54,0.523598775598);
#779 = AXIS2_PLACEMENT_3D('',#780,#781,#782);
#780 = CARTESIAN_POINT('',(2.54,2.54,1.905));
#781 = DIRECTION('',(0.,0.,1.));
#782 = DIRECTION('',(-1.,5.2E-16,0.));
#783 = ADVANCED_FACE('',(#784),#809,.T.);
#784 = FACE_BOUND('',#785,.F.);
#785 = EDGE_LOOP('',(#786,#796,#802,#803));
#786 = ORIENTED_EDGE('',*,*,#787,.F.);
#787 = EDGE_CURVE('',#788,#790,#792,.T.);
#788 = VERTEX_POINT('',#789);
#789 = CARTESIAN_POINT('',(-1.E-15,48.26,1.905));
#790 = VERTEX_POINT('',#791);
#791 = CARTESIAN_POINT('',(1.099852262806,48.26,0.));
#792 = LINE('',#793,#794);
#793 = CARTESIAN_POINT('',(-8.9E-16,48.26,1.905));
#794 = VECTOR('',#795,1.);
#795 = DIRECTION('',(0.5,-2.1E-16,-0.866025403784));
#796 = ORIENTED_EDGE('',*,*,#797,.T.);
#797 = EDGE_CURVE('',#788,#286,#798,.T.);
#798 = LINE('',#799,#800);
#799 = CARTESIAN_POINT('',(0.,48.26,1.905));
#800 = VECTOR('',#801,1.);
#801 = DIRECTION('',(0.,-1.,0.));
#802 = ORIENTED_EDGE('',*,*,#755,.T.);
#803 = ORIENTED_EDGE('',*,*,#804,.F.);
#804 = EDGE_CURVE('',#790,#756,#805,.T.);
#805 = LINE('',#806,#807);
#806 = CARTESIAN_POINT('',(1.099852262806,48.26,0.));
#807 = VECTOR('',#808,1.);
#808 = DIRECTION('',(0.,-1.,0.));
#809 = PLANE('',#810);
#810 = AXIS2_PLACEMENT_3D('',#811,#812,#813);
#811 = CARTESIAN_POINT('',(0.549926131403,48.26,0.9525));
#812 = DIRECTION('',(-0.866025403784,0.,-0.5));
#813 = DIRECTION('',(0.,1.,0.));
#814 = ADVANCED_FACE('',(#815),#874,.T.);
#815 = FACE_BOUND('',#816,.T.);
#816 = EDGE_LOOP('',(#817,#827,#835,#843,#852,#860,#866,#867));
#817 = ORIENTED_EDGE('',*,*,#818,.T.);
#818 = EDGE_CURVE('',#819,#821,#823,.T.);
#819 = VERTEX_POINT('',#820);
#820 = CARTESIAN_POINT('',(0.,48.26,6.604));
#821 = VERTEX_POINT('',#822);
#822 = CARTESIAN_POINT('',(0.,16.891000049882,6.603999950118));
#823 = LINE('',#824,#825);
#824 = CARTESIAN_POINT('',(0.,48.26,6.604));
#825 = VECTOR('',#826,1.);
#826 = DIRECTION('',(0.,-1.,0.));
#827 = ORIENTED_EDGE('',*,*,#828,.T.);
#828 = EDGE_CURVE('',#821,#829,#831,.T.);
#829 = VERTEX_POINT('',#830);
#830 = CARTESIAN_POINT('',(1.016,16.891,6.604));
#831 = LINE('',#832,#833);
#832 = CARTESIAN_POINT('',(0.,16.8910001,6.6039999));
#833 = VECTOR('',#834,1.);
#834 = DIRECTION('',(1.,0.,0.));
#835 = ORIENTED_EDGE('',*,*,#836,.F.);
#836 = EDGE_CURVE('',#837,#829,#839,.T.);
#837 = VERTEX_POINT('',#838);
#838 = CARTESIAN_POINT('',(1.016,48.26,6.604));
#839 = LINE('',#840,#841);
#840 = CARTESIAN_POINT('',(1.016,48.26,6.604));
#841 = VECTOR('',#842,1.);
#842 = DIRECTION('',(0.,-1.,0.));
#843 = ORIENTED_EDGE('',*,*,#844,.F.);
#844 = EDGE_CURVE('',#845,#837,#847,.T.);
#845 = VERTEX_POINT('',#846);
#846 = CARTESIAN_POINT('',(2.54,49.784,6.604));
#847 = CIRCLE('',#848,1.524);
#848 = AXIS2_PLACEMENT_3D('',#849,#850,#851);
#849 = CARTESIAN_POINT('',(2.54,48.26,6.604));
#850 = DIRECTION('',(-0.,0.,1.));
#851 = DIRECTION('',(0.,-1.,0.));
#852 = ORIENTED_EDGE('',*,*,#853,.F.);
#853 = EDGE_CURVE('',#854,#845,#856,.T.);
#854 = VERTEX_POINT('',#855);
#855 = CARTESIAN_POINT('',(8.636,49.784,6.604));
#856 = LINE('',#857,#858);
#857 = CARTESIAN_POINT('',(8.636,49.784,6.604));
#858 = VECTOR('',#859,1.);
#859 = DIRECTION('',(-1.,0.,0.));
#860 = ORIENTED_EDGE('',*,*,#861,.F.);
#861 = EDGE_CURVE('',#552,#854,#862,.T.);
#862 = LINE('',#863,#864);
#863 = CARTESIAN_POINT('',(8.636,50.8,6.604));
#864 = VECTOR('',#865,1.);
#865 = DIRECTION('',(0.,-1.,0.));
#866 = ORIENTED_EDGE('',*,*,#559,.T.);
#867 = ORIENTED_EDGE('',*,*,#868,.T.);
#868 = EDGE_CURVE('',#560,#819,#869,.T.);
#869 = CIRCLE('',#870,2.54);
#870 = AXIS2_PLACEMENT_3D('',#871,#872,#873);
#871 = CARTESIAN_POINT('',(2.54,48.26,6.604));
#872 = DIRECTION('',(-0.,0.,1.));
#873 = DIRECTION('',(0.,-1.,0.));
#874 = PLANE('',#875);
#875 = AXIS2_PLACEMENT_3D('',#876,#877,#878);
#876 = CARTESIAN_POINT('',(13.038642605836,23.73959014877,6.604));
#877 = DIRECTION('',(0.,0.,1.));
#878 = DIRECTION('',(1.,0.,0.));
#879 = ADVANCED_FACE('',(#880),#897,.T.);
#880 = FACE_BOUND('',#881,.T.);
#881 = EDGE_LOOP('',(#882,#883,#890,#896));
#882 = ORIENTED_EDGE('',*,*,#567,.F.);
#883 = ORIENTED_EDGE('',*,*,#884,.T.);
#884 = EDGE_CURVE('',#510,#788,#885,.T.);
#885 = CIRCLE('',#886,2.54);
#886 = AXIS2_PLACEMENT_3D('',#887,#888,#889);
#887 = CARTESIAN_POINT('',(2.54,48.26,1.905));
#888 = DIRECTION('',(0.,-0.,1.));
#889 = DIRECTION('',(3.5E-16,1.,0.));
#890 = ORIENTED_EDGE('',*,*,#891,.T.);
#891 = EDGE_CURVE('',#788,#819,#892,.T.);
#892 = LINE('',#893,#894);
#893 = CARTESIAN_POINT('',(-4.4E-16,48.26,0.));
#894 = VECTOR('',#895,1.);
#895 = DIRECTION('',(0.,0.,1.));
#896 = ORIENTED_EDGE('',*,*,#868,.F.);
#897 = CYLINDRICAL_SURFACE('',#898,2.54);
#898 = AXIS2_PLACEMENT_3D('',#899,#900,#901);
#899 = CARTESIAN_POINT('',(2.54,48.26,0.));
#900 = DIRECTION('',(0.,0.,1.));
#901 = DIRECTION('',(0.,1.,0.));
#902 = ADVANCED_FACE('',(#903),#914,.T.);
#903 = FACE_BOUND('',#904,.T.);
#904 = EDGE_LOOP('',(#905,#906,#907,#913));
#905 = ORIENTED_EDGE('',*,*,#363,.T.);
#906 = ORIENTED_EDGE('',*,*,#683,.F.);
#907 = ORIENTED_EDGE('',*,*,#908,.F.);
#908 = EDGE_CURVE('',#326,#675,#909,.T.);
#909 = LINE('',#910,#911);
#910 = CARTESIAN_POINT('',(1.016,7.9248,7.62));
#911 = VECTOR('',#912,1.);
#912 = DIRECTION('',(0.,-1.,0.));
#913 = ORIENTED_EDGE('',*,*,#333,.F.);
#914 = CYLINDRICAL_SURFACE('',#915,0.26035);
#915 = AXIS2_PLACEMENT_3D('',#916,#917,#918);
#916 = CARTESIAN_POINT('',(1.07315,7.9248,7.366));
#917 = DIRECTION('',(0.,-1.,0.));
#918 = DIRECTION('',(1.,0.,0.));
#919 = ADVANCED_FACE('',(#920),#945,.T.);
#920 = FACE_BOUND('',#921,.T.);
#921 = EDGE_LOOP('',(#922,#923,#924,#932,#940));
#922 = ORIENTED_EDGE('',*,*,#325,.T.);
#923 = ORIENTED_EDGE('',*,*,#908,.T.);
#924 = ORIENTED_EDGE('',*,*,#925,.T.);
#925 = EDGE_CURVE('',#675,#926,#928,.T.);
#926 = VERTEX_POINT('',#927);
#927 = CARTESIAN_POINT('',(1.016,2.54,8.636));
#928 = LINE('',#929,#930);
#929 = CARTESIAN_POINT('',(1.016,2.54,8.636));
#930 = VECTOR('',#931,1.);
#931 = DIRECTION('',(-2.098E-14,0.,1.));
#932 = ORIENTED_EDGE('',*,*,#933,.F.);
#933 = EDGE_CURVE('',#934,#926,#936,.T.);
#934 = VERTEX_POINT('',#935);
#935 = CARTESIAN_POINT('',(1.016,7.9248,8.636));
#936 = LINE('',#937,#938);
#937 = CARTESIAN_POINT('',(1.016,7.9248,8.636));
#938 = VECTOR('',#939,1.);
#939 = DIRECTION('',(0.,-1.,0.));
#940 = ORIENTED_EDGE('',*,*,#941,.F.);
#941 = EDGE_CURVE('',#318,#934,#942,.T.);
#942 = B_SPLINE_CURVE_WITH_KNOTS('',1,(#943,#944),.UNSPECIFIED.,.F.,.F.,
  (2,2),(-1.016,-0.),.PIECEWISE_BEZIER_KNOTS.);
#943 = CARTESIAN_POINT('',(1.016,7.9248,7.62));
#944 = CARTESIAN_POINT('',(1.016,7.9248,8.636));
#945 = PLANE('',#946);
#946 = AXIS2_PLACEMENT_3D('',#947,#948,#949);
#947 = CARTESIAN_POINT('',(1.016,5.287184070984,8.119216667032));
#948 = DIRECTION('',(-1.,-0.,-2.071E-14));
#949 = DIRECTION('',(2.071E-14,0.,-1.));
#950 = ADVANCED_FACE('',(#951),#1072,.F.);
#951 = FACE_BOUND('',#952,.F.);
#952 = EDGE_LOOP('',(#953,#962,#970,#979,#1064,#1071));
#953 = ORIENTED_EDGE('',*,*,#954,.F.);
#954 = EDGE_CURVE('',#955,#310,#957,.T.);
#955 = VERTEX_POINT('',#956);
#956 = CARTESIAN_POINT('',(0.,9.1948,7.0358));
#957 = CIRCLE('',#958,1.27);
#958 = AXIS2_PLACEMENT_3D('',#959,#960,#961);
#959 = CARTESIAN_POINT('',(0.,9.1947999,8.3058));
#960 = DIRECTION('',(-1.,0.,0.));
#961 = DIRECTION('',(0.,-1.,0.));
#962 = ORIENTED_EDGE('',*,*,#963,.T.);
#963 = EDGE_CURVE('',#955,#964,#966,.T.);
#964 = VERTEX_POINT('',#965);
#965 = CARTESIAN_POINT('',(1.016,9.1948,7.0358));
#966 = LINE('',#967,#968);
#967 = CARTESIAN_POINT('',(0.,9.1948,7.0358));
#968 = VECTOR('',#969,1.);
#969 = DIRECTION('',(1.,0.,0.));
#970 = ORIENTED_EDGE('',*,*,#971,.T.);
#971 = EDGE_CURVE('',#964,#972,#974,.T.);
#972 = VERTEX_POINT('',#973);
#973 = CARTESIAN_POINT('',(1.016,8.761508458426,7.112));
#974 = CIRCLE('',#975,1.27);
#975 = AXIS2_PLACEMENT_3D('',#976,#977,#978);
#976 = CARTESIAN_POINT('',(1.016,9.1948,8.3058));
#977 = DIRECTION('',(-1.,0.,0.));
#978 = DIRECTION('',(0.,-1.,0.));
#979 = ORIENTED_EDGE('',*,*,#980,.F.);
#980 = EDGE_CURVE('',#981,#972,#983,.T.);
#981 = VERTEX_POINT('',#982);
#982 = CARTESIAN_POINT('',(1.016,8.125885429045,7.62));
#983 = B_SPLINE_CURVE_WITH_KNOTS('',7,(#984,#985,#986,#987,#988,#989,
    #990,#991,#992,#993,#994,#995,#996,#997,#998,#999,#1000,#1001,#1002,
    #1003,#1004,#1005,#1006,#1007,#1008,#1009,#1010,#1011,#1012,#1013,
    #1014,#1015,#1016,#1017,#1018,#1019,#1020,#1021,#1022,#1023,#1024,
    #1025,#1026,#1027,#1028,#1029,#1030,#1031,#1032,#1033,#1034,#1035,
    #1036,#1037,#1038,#1039,#1040,#1041,#1042,#1043,#1044,#1045,#1046,
    #1047,#1048,#1049,#1050,#1051,#1052,#1053,#1054,#1055,#1056,#1057,
    #1058,#1059,#1060,#1061,#1062,#1063),.UNSPECIFIED.,.F.,.F.,(8,6,6,6,
    6,6,6,6,6,6,6,6,6,8),(0.,0.182785761103,0.257838273975,
    0.267445273917,0.418205818255,0.426235660717,0.556976872686,
    0.564277457986,0.689753698598,0.70035980737,0.732185938133,
    0.830610459367,0.841124604512,1.),.UNSPECIFIED.);
#984 = CARTESIAN_POINT('',(1.016,8.125885429045,7.62));
#985 = CARTESIAN_POINT('',(0.996668246908,8.128676097487,7.615650355554)
  );
#986 = CARTESIAN_POINT('',(0.977744329796,8.132594269878,7.60958918645)
  );
#987 = CARTESIAN_POINT('',(0.959423669716,8.137648028123,7.601867134462)
  );
#988 = CARTESIAN_POINT('',(0.941892484636,8.14385039762,7.592567441698)
  );
#989 = CARTESIAN_POINT('',(0.925321626361,8.15121387908,7.581802147235)
  );
#990 = CARTESIAN_POINT('',(0.909860417447,8.159744980362,7.569708283762)
  );
#991 = CARTESIAN_POINT('',(0.889787626253,8.173419045444,7.550997740473)
  );
#992 = CARTESIAN_POINT('',(0.88415227264,8.17759536853,7.545353946378));
#993 = CARTESIAN_POINT('',(0.878732864518,8.181967437507,7.53952366848)
  );
#994 = CARTESIAN_POINT('',(0.873536969215,8.186534596829,7.53351823934)
  );
#995 = CARTESIAN_POINT('',(0.868571284146,8.191295815454,7.527349347529)
  );
#996 = CARTESIAN_POINT('',(0.863841636813,8.196249686847,7.521029037626)
  );
#997 = CARTESIAN_POINT('',(0.858778420711,8.202052975044,7.513742892367)
  );
#998 = CARTESIAN_POINT('',(0.858208770651,8.202713522237,7.512915205378)
  );
#999 = CARTESIAN_POINT('',(0.857643352393,8.203376857685,7.512085681243)
  );
#1000 = CARTESIAN_POINT('',(0.857081745208,8.204043470387,7.511253726592
    ));
#1001 = CARTESIAN_POINT('',(0.856523789874,8.20471355121,7.510419122706)
  );
#1002 = CARTESIAN_POINT('',(0.855969588678,8.205386992888,7.509582025515
    ));
#1003 = CARTESIAN_POINT('',(0.846787169354,8.216677941973,7.495575782248
    ));
#1004 = CARTESIAN_POINT('',(0.839129330089,8.228064938968,7.481868971259
    ));
#1005 = CARTESIAN_POINT('',(0.832485246182,8.240210467037,7.467720853176
    ));
#1006 = CARTESIAN_POINT('',(0.826878656579,8.253094062571,7.453231316799
    ));
#1007 = CARTESIAN_POINT('',(0.822319408648,8.266688542732,7.438499260721
    ));
#1008 = CARTESIAN_POINT('',(0.818805086212,8.280959835871,7.423620034859
    ));
#1009 = CARTESIAN_POINT('',(0.816190416842,8.296660790701,7.407887295958
    ));
#1010 = CARTESIAN_POINT('',(0.816061478984,8.297454391587,7.407093727585
    ));
#1011 = CARTESIAN_POINT('',(0.815935588503,8.298248937486,7.406300852276
    ));
#1012 = CARTESIAN_POINT('',(0.815812586415,8.299045335782,7.405507765489
    ));
#1013 = CARTESIAN_POINT('',(0.815692390263,8.299844078355,7.404713982748
    ));
#1014 = CARTESIAN_POINT('',(0.815574994117,8.300645241588,7.403919439641
    ));
#1015 = CARTESIAN_POINT('',(0.813595773388,8.31452684941,7.390181218933)
  );
#1016 = CARTESIAN_POINT('',(0.812500517151,8.328080897616,7.37720474624)
  );
#1017 = CARTESIAN_POINT('',(0.812166468541,8.342084493433,7.364251953123
    ));
#1018 = CARTESIAN_POINT('',(0.812579877279,8.356508452945,7.351375808066
    ));
#1019 = CARTESIAN_POINT('',(0.813722806044,8.371320587854,7.338625164052
    ));
#1020 = CARTESIAN_POINT('',(0.815574462391,8.386485747474,7.326044553972
    ));
#1021 = CARTESIAN_POINT('',(0.818254256325,8.402830269769,7.312983213897
    ));
#1022 = CARTESIAN_POINT('',(0.818398082533,8.403695373645,7.312293331668
    ));
#1023 = CARTESIAN_POINT('',(0.818543864094,8.404560423227,7.31160492534)
  );
#1024 = CARTESIAN_POINT('',(0.818691567949,8.405425285669,7.310918096482
    ));
#1025 = CARTESIAN_POINT('',(0.818841273183,8.406290444393,7.310232462241
    ));
#1026 = CARTESIAN_POINT('',(0.818993171019,8.407156999093,7.30954715534)
  );
#1027 = CARTESIAN_POINT('',(0.821801154028,8.422973755048,7.297064747065
    ));
#1028 = CARTESIAN_POINT('',(0.82508113975,8.438204663118,7.285469000886)
  );
#1029 = CARTESIAN_POINT('',(0.828968088527,8.453685057769,7.274108487202
    ));
#1030 = CARTESIAN_POINT('',(0.833441325726,8.46937814126,7.263014563927)
  );
#1031 = CARTESIAN_POINT('',(0.838479840897,8.485243640457,7.252215432589
    ));
#1032 = CARTESIAN_POINT('',(0.844063193117,8.501236796993,7.241736525682
    ));
#1033 = CARTESIAN_POINT('',(0.850688809616,8.518665750968,7.230744161213
    ));
#1034 = CARTESIAN_POINT('',(0.851207015011,8.52001965587,7.229893037948)
  );
#1035 = CARTESIAN_POINT('',(0.851737583354,8.521396494381,7.229030323399
    ));
#1036 = CARTESIAN_POINT('',(0.85226930958,8.522766968468,7.228174436493)
  );
#1037 = CARTESIAN_POINT('',(0.8528001184,8.524125680647,7.227328756451)
  );
#1038 = CARTESIAN_POINT('',(0.853339257497,8.525496810688,7.226478070304
    ));
#1039 = CARTESIAN_POINT('',(0.855505819005,8.530969967568,7.223093676115
    ));
#1040 = CARTESIAN_POINT('',(0.857164503737,8.535078711172,7.220578144391
    ));
#1041 = CARTESIAN_POINT('',(0.858856541273,8.539190195022,7.218085911893
    ));
#1042 = CARTESIAN_POINT('',(0.860581627249,8.543303499712,7.215617351786
    ));
#1043 = CARTESIAN_POINT('',(0.862339464105,8.547417670469,7.213172830711
    ));
#1044 = CARTESIAN_POINT('',(0.864129761092,8.551531717147,7.210752708788
    ));
#1045 = CARTESIAN_POINT('',(0.871588359209,8.568364034292,7.200949493962
    ));
#1046 = CARTESIAN_POINT('',(0.87753208196,8.581072196253,7.193778547433)
  );
#1047 = CARTESIAN_POINT('',(0.883775239494,8.593738927927,7.186854744278
    ));
#1048 = CARTESIAN_POINT('',(0.890310174241,8.606330219353,7.180188104486
    ));
#1049 = CARTESIAN_POINT('',(0.897129992588,8.618806711739,7.173788635344
    ));
#1050 = CARTESIAN_POINT('',(0.904228823393,8.631122186391,7.167666543));
#1051 = CARTESIAN_POINT('',(0.912389720185,8.644514615302,7.161209219628
    ));
#1052 = CARTESIAN_POINT('',(0.91318202215,8.645807202881,7.160588087816)
  );
#1053 = CARTESIAN_POINT('',(0.913973165208,8.647090261885,7.159973622171
    ));
#1054 = CARTESIAN_POINT('',(0.914767569477,8.648371024499,7.159362306637
    ));
#1055 = CARTESIAN_POINT('',(0.915567145658,8.649652522814,7.158752670769
    ));
#1056 = CARTESIAN_POINT('',(0.916368775755,8.65092953402,7.15814722356)
  );
#1057 = CARTESIAN_POINT('',(0.929309569462,8.671421028349,7.148464124912
    ));
#1058 = CARTESIAN_POINT('',(0.942138094191,8.689984445532,7.140151225111
    ));
#1059 = CARTESIAN_POINT('',(0.955650611878,8.707670117211,7.132640696162
    ));
#1060 = CARTESIAN_POINT('',(0.969833810655,8.724154145362,7.125990932835
    ));
#1061 = CARTESIAN_POINT('',(0.984657843369,8.739004842483,7.120275490811
    ));
#1062 = CARTESIAN_POINT('',(1.000077299819,8.751637698275,7.115582607541
    ));
#1063 = CARTESIAN_POINT('',(1.016,8.761508458426,7.112));
#1064 = ORIENTED_EDGE('',*,*,#1065,.T.);
#1065 = EDGE_CURVE('',#981,#318,#1066,.T.);
#1066 = CIRCLE('',#1067,1.27);
#1067 = AXIS2_PLACEMENT_3D('',#1068,#1069,#1070);
#1068 = CARTESIAN_POINT('',(1.016,9.1948,8.3058));
#1069 = DIRECTION('',(-1.,0.,0.));
#1070 = DIRECTION('',(0.,-1.,0.));
#1071 = ORIENTED_EDGE('',*,*,#317,.F.);
#1072 = CYLINDRICAL_SURFACE('',#1073,1.27);
#1073 = AXIS2_PLACEMENT_3D('',#1074,#1075,#1076);
#1074 = CARTESIAN_POINT('',(0.,9.1947999,8.3058));
#1075 = DIRECTION('',(-1.,0.,0.));
#1076 = DIRECTION('',(0.,-1.,0.));
#1077 = ADVANCED_FACE('',(#1078),#1097,.T.);
#1078 = FACE_BOUND('',#1079,.T.);
#1079 = EDGE_LOOP('',(#1080,#1081,#1090,#1096));
#1080 = ORIENTED_EDGE('',*,*,#379,.T.);
#1081 = ORIENTED_EDGE('',*,*,#1082,.F.);
#1082 = EDGE_CURVE('',#1083,#380,#1085,.T.);
#1083 = VERTEX_POINT('',#1084);
#1084 = CARTESIAN_POINT('',(25.146,48.26,7.62));
#1085 = CIRCLE('',#1086,0.26035);
#1086 = AXIS2_PLACEMENT_3D('',#1087,#1088,#1089);
#1087 = CARTESIAN_POINT('',(25.08885,48.26,7.366));
#1088 = DIRECTION('',(0.,1.,-0.));
#1089 = DIRECTION('',(-1.,0.,0.));
#1090 = ORIENTED_EDGE('',*,*,#1091,.F.);
#1091 = EDGE_CURVE('',#731,#1083,#1092,.T.);
#1092 = LINE('',#1093,#1094);
#1093 = CARTESIAN_POINT('',(25.146,2.54,7.62));
#1094 = VECTOR('',#1095,1.);
#1095 = DIRECTION('',(0.,1.,0.));
#1096 = ORIENTED_EDGE('',*,*,#730,.F.);
#1097 = CYLINDRICAL_SURFACE('',#1098,0.26035);
#1098 = AXIS2_PLACEMENT_3D('',#1099,#1100,#1101);
#1099 = CARTESIAN_POINT('',(25.08885,2.54,7.366));
#1100 = DIRECTION('',(0.,1.,0.));
#1101 = DIRECTION('',(-1.,0.,0.));
#1102 = ADVANCED_FACE('',(#1103),#1123,.T.);
#1103 = FACE_BOUND('',#1104,.T.);
#1104 = EDGE_LOOP('',(#1105,#1106,#1115,#1122));
#1105 = ORIENTED_EDGE('',*,*,#410,.T.);
#1106 = ORIENTED_EDGE('',*,*,#1107,.T.);
#1107 = EDGE_CURVE('',#403,#1108,#1110,.T.);
#1108 = VERTEX_POINT('',#1109);
#1109 = CARTESIAN_POINT('',(23.622,49.784,7.62));
#1110 = CIRCLE('',#1111,0.26035);
#1111 = AXIS2_PLACEMENT_3D('',#1112,#1113,#1114);
#1112 = CARTESIAN_POINT('',(23.622,49.72685,7.366));
#1113 = DIRECTION('',(1.,-1.2E-16,0.));
#1114 = DIRECTION('',(1.2E-16,1.,0.));
#1115 = ORIENTED_EDGE('',*,*,#1116,.F.);
#1116 = EDGE_CURVE('',#1083,#1108,#1117,.T.);
#1117 = CIRCLE('',#1118,1.524);
#1118 = AXIS2_PLACEMENT_3D('',#1119,#1120,#1121);
#1119 = CARTESIAN_POINT('',(23.622,48.26,7.62));
#1120 = DIRECTION('',(-0.,0.,1.));
#1121 = DIRECTION('',(0.,-1.,0.));
#1122 = ORIENTED_EDGE('',*,*,#1082,.T.);
#1123 = TOROIDAL_SURFACE('',#1124,1.46685,0.26035);
#1124 = AXIS2_PLACEMENT_3D('',#1125,#1126,#1127);
#1125 = CARTESIAN_POINT('',(23.622,48.26,7.366));
#1126 = DIRECTION('',(0.,0.,1.));
#1127 = DIRECTION('',(0.,-1.,0.));
#1128 = ADVANCED_FACE('',(#1129),#1140,.T.);
#1129 = FACE_BOUND('',#1130,.T.);
#1130 = EDGE_LOOP('',(#1131,#1132,#1133,#1139));
#1131 = ORIENTED_EDGE('',*,*,#428,.T.);
#1132 = ORIENTED_EDGE('',*,*,#460,.F.);
#1133 = ORIENTED_EDGE('',*,*,#1134,.F.);
#1134 = EDGE_CURVE('',#1108,#461,#1135,.T.);
#1135 = LINE('',#1136,#1137);
#1136 = CARTESIAN_POINT('',(23.622,49.784,7.62));
#1137 = VECTOR('',#1138,1.);
#1138 = DIRECTION('',(-1.,0.,0.));
#1139 = ORIENTED_EDGE('',*,*,#1107,.F.);
#1140 = CYLINDRICAL_SURFACE('',#1141,0.26035);
#1141 = AXIS2_PLACEMENT_3D('',#1142,#1143,#1144);
#1142 = CARTESIAN_POINT('',(23.622,49.72685,7.366));
#1143 = DIRECTION('',(-1.,0.,0.));
#1144 = DIRECTION('',(0.,-1.,0.));
#1145 = ADVANCED_FACE('',(#1146),#1165,.F.);
#1146 = FACE_BOUND('',#1147,.F.);
#1147 = EDGE_LOOP('',(#1148,#1149,#1150,#1159));
#1148 = ORIENTED_EDGE('',*,*,#525,.F.);
#1149 = ORIENTED_EDGE('',*,*,#493,.T.);
#1150 = ORIENTED_EDGE('',*,*,#1151,.T.);
#1151 = EDGE_CURVE('',#486,#1152,#1154,.T.);
#1152 = VERTEX_POINT('',#1153);
#1153 = CARTESIAN_POINT('',(18.669,48.768,5.8674));
#1154 = CIRCLE('',#1155,0.127);
#1155 = AXIS2_PLACEMENT_3D('',#1156,#1157,#1158);
#1156 = CARTESIAN_POINT('',(18.669,48.768,5.9944));
#1157 = DIRECTION('',(0.,1.,-2.2E-16));
#1158 = DIRECTION('',(-1.,0.,0.));
#1159 = ORIENTED_EDGE('',*,*,#1160,.F.);
#1160 = EDGE_CURVE('',#526,#1152,#1161,.T.);
#1161 = LINE('',#1162,#1163);
#1162 = CARTESIAN_POINT('',(18.669,50.8,5.8674));
#1163 = VECTOR('',#1164,1.);
#1164 = DIRECTION('',(0.,-1.,2.2E-16));
#1165 = CYLINDRICAL_SURFACE('',#1166,0.127);
#1166 = AXIS2_PLACEMENT_3D('',#1167,#1168,#1169);
#1167 = CARTESIAN_POINT('',(18.669,50.8,5.9944));
#1168 = DIRECTION('',(0.,1.,-2.2E-16));
#1169 = DIRECTION('',(-1.,0.,0.));
#1170 = ADVANCED_FACE('',(#1171),#1238,.T.);
#1171 = FACE_BOUND('',#1172,.T.);
#1172 = EDGE_LOOP('',(#1173,#1183,#1189,#1190,#1191,#1199,#1208,#1216,
    #1224,#1232));
#1173 = ORIENTED_EDGE('',*,*,#1174,.T.);
#1174 = EDGE_CURVE('',#1175,#1177,#1179,.T.);
#1175 = VERTEX_POINT('',#1176);
#1176 = CARTESIAN_POINT('',(23.622,48.768,2.032));
#1177 = VERTEX_POINT('',#1178);
#1178 = CARTESIAN_POINT('',(23.622,48.768,8.636));
#1179 = LINE('',#1180,#1181);
#1180 = CARTESIAN_POINT('',(23.622,48.768,2.032));
#1181 = VECTOR('',#1182,1.);
#1182 = DIRECTION('',(0.,0.,1.));
#1183 = ORIENTED_EDGE('',*,*,#1184,.T.);
#1184 = EDGE_CURVE('',#1177,#478,#1185,.T.);
#1185 = LINE('',#1186,#1187);
#1186 = CARTESIAN_POINT('',(26.162,48.768,8.636));
#1187 = VECTOR('',#1188,1.);
#1188 = DIRECTION('',(-1.,0.,0.));
#1189 = ORIENTED_EDGE('',*,*,#485,.T.);
#1190 = ORIENTED_EDGE('',*,*,#1151,.T.);
#1191 = ORIENTED_EDGE('',*,*,#1192,.T.);
#1192 = EDGE_CURVE('',#1152,#1193,#1195,.T.);
#1193 = VERTEX_POINT('',#1194);
#1194 = CARTESIAN_POINT('',(8.763,48.768,5.8674));
#1195 = LINE('',#1196,#1197);
#1196 = CARTESIAN_POINT('',(22.4155,48.768,5.8674));
#1197 = VECTOR('',#1198,1.);
#1198 = DIRECTION('',(-1.,0.,0.));
#1199 = ORIENTED_EDGE('',*,*,#1200,.T.);
#1200 = EDGE_CURVE('',#1193,#1201,#1203,.T.);
#1201 = VERTEX_POINT('',#1202);
#1202 = CARTESIAN_POINT('',(8.636,48.768,5.9944));
#1203 = CIRCLE('',#1204,0.127);
#1204 = AXIS2_PLACEMENT_3D('',#1205,#1206,#1207);
#1205 = CARTESIAN_POINT('',(8.763,48.768,5.9944));
#1206 = DIRECTION('',(0.,1.,-2.2E-16));
#1207 = DIRECTION('',(-1.,0.,0.));
#1208 = ORIENTED_EDGE('',*,*,#1209,.T.);
#1209 = EDGE_CURVE('',#1201,#1210,#1212,.T.);
#1210 = VERTEX_POINT('',#1211);
#1211 = CARTESIAN_POINT('',(8.636,48.768,8.636));
#1212 = LINE('',#1213,#1214);
#1213 = CARTESIAN_POINT('',(8.636,48.768,2.9972));
#1214 = VECTOR('',#1215,1.);
#1215 = DIRECTION('',(0.,0.,1.));
#1216 = ORIENTED_EDGE('',*,*,#1217,.T.);
#1217 = EDGE_CURVE('',#1210,#1218,#1220,.T.);
#1218 = VERTEX_POINT('',#1219);
#1219 = CARTESIAN_POINT('',(2.54,48.768,8.636));
#1220 = LINE('',#1221,#1222);
#1221 = CARTESIAN_POINT('',(26.162,48.768,8.636));
#1222 = VECTOR('',#1223,1.);
#1223 = DIRECTION('',(-1.,0.,0.));
#1224 = ORIENTED_EDGE('',*,*,#1225,.F.);
#1225 = EDGE_CURVE('',#1226,#1218,#1228,.T.);
#1226 = VERTEX_POINT('',#1227);
#1227 = CARTESIAN_POINT('',(2.54,48.768,2.032));
#1228 = LINE('',#1229,#1230);
#1229 = CARTESIAN_POINT('',(2.54,48.768,2.032));
#1230 = VECTOR('',#1231,1.);
#1231 = DIRECTION('',(0.,0.,1.));
#1232 = ORIENTED_EDGE('',*,*,#1233,.F.);
#1233 = EDGE_CURVE('',#1175,#1226,#1234,.T.);
#1234 = LINE('',#1235,#1236);
#1235 = CARTESIAN_POINT('',(19.6215,48.768,2.032));
#1236 = VECTOR('',#1237,1.);
#1237 = DIRECTION('',(-1.,0.,0.));
#1238 = PLANE('',#1239);
#1239 = AXIS2_PLACEMENT_3D('',#1240,#1241,#1242);
#1240 = CARTESIAN_POINT('',(26.162,48.768,0.));
#1241 = DIRECTION('',(0.,-1.,0.));
#1242 = DIRECTION('',(-1.,0.,0.));
#1243 = ADVANCED_FACE('',(#1244),#1346,.T.);
#1244 = FACE_BOUND('',#1245,.T.);
#1245 = EDGE_LOOP('',(#1246,#1253,#1254,#1263,#1271,#1280,#1286,#1287,
    #1288,#1297,#1305,#1314,#1322,#1331,#1339,#1345));
#1246 = ORIENTED_EDGE('',*,*,#1247,.T.);
#1247 = EDGE_CURVE('',#926,#700,#1248,.T.);
#1248 = CIRCLE('',#1249,1.524);
#1249 = AXIS2_PLACEMENT_3D('',#1250,#1251,#1252);
#1250 = CARTESIAN_POINT('',(2.54,2.54,8.636));
#1251 = DIRECTION('',(-0.,0.,1.));
#1252 = DIRECTION('',(0.,-1.,0.));
#1253 = ORIENTED_EDGE('',*,*,#707,.T.);
#1254 = ORIENTED_EDGE('',*,*,#1255,.T.);
#1255 = EDGE_CURVE('',#708,#1256,#1258,.T.);
#1256 = VERTEX_POINT('',#1257);
#1257 = CARTESIAN_POINT('',(25.146,2.54,8.636));
#1258 = CIRCLE('',#1259,1.524);
#1259 = AXIS2_PLACEMENT_3D('',#1260,#1261,#1262);
#1260 = CARTESIAN_POINT('',(23.622,2.54,8.636));
#1261 = DIRECTION('',(-0.,0.,1.));
#1262 = DIRECTION('',(0.,-1.,0.));
#1263 = ORIENTED_EDGE('',*,*,#1264,.T.);
#1264 = EDGE_CURVE('',#1256,#1265,#1267,.T.);
#1265 = VERTEX_POINT('',#1266);
#1266 = CARTESIAN_POINT('',(25.146,48.26,8.636));
#1267 = LINE('',#1268,#1269);
#1268 = CARTESIAN_POINT('',(25.146,2.54,8.636));
#1269 = VECTOR('',#1270,1.);
#1270 = DIRECTION('',(0.,1.,0.));
#1271 = ORIENTED_EDGE('',*,*,#1272,.T.);
#1272 = EDGE_CURVE('',#1265,#1273,#1275,.T.);
#1273 = VERTEX_POINT('',#1274);
#1274 = CARTESIAN_POINT('',(23.622,49.784,8.636));
#1275 = CIRCLE('',#1276,1.524);
#1276 = AXIS2_PLACEMENT_3D('',#1277,#1278,#1279);
#1277 = CARTESIAN_POINT('',(23.622,48.26,8.636));
#1278 = DIRECTION('',(-0.,0.,1.));
#1279 = DIRECTION('',(0.,-1.,0.));
#1280 = ORIENTED_EDGE('',*,*,#1281,.T.);
#1281 = EDGE_CURVE('',#1273,#470,#1282,.T.);
#1282 = LINE('',#1283,#1284);
#1283 = CARTESIAN_POINT('',(23.622,49.784,8.636));
#1284 = VECTOR('',#1285,1.);
#1285 = DIRECTION('',(-1.,0.,0.));
#1286 = ORIENTED_EDGE('',*,*,#477,.F.);
#1287 = ORIENTED_EDGE('',*,*,#1184,.F.);
#1288 = ORIENTED_EDGE('',*,*,#1289,.F.);
#1289 = EDGE_CURVE('',#1290,#1177,#1292,.T.);
#1290 = VERTEX_POINT('',#1291);
#1291 = CARTESIAN_POINT('',(24.13,48.26,8.636));
#1292 = CIRCLE('',#1293,0.508);
#1293 = AXIS2_PLACEMENT_3D('',#1294,#1295,#1296);
#1294 = CARTESIAN_POINT('',(23.622,48.26,8.636));
#1295 = DIRECTION('',(-0.,0.,1.));
#1296 = DIRECTION('',(0.,-1.,0.));
#1297 = ORIENTED_EDGE('',*,*,#1298,.F.);
#1298 = EDGE_CURVE('',#1299,#1290,#1301,.T.);
#1299 = VERTEX_POINT('',#1300);
#1300 = CARTESIAN_POINT('',(24.13,2.54,8.636));
#1301 = LINE('',#1302,#1303);
#1302 = CARTESIAN_POINT('',(24.13,0.,8.636));
#1303 = VECTOR('',#1304,1.);
#1304 = DIRECTION('',(0.,1.,0.));
#1305 = ORIENTED_EDGE('',*,*,#1306,.F.);
#1306 = EDGE_CURVE('',#1307,#1299,#1309,.T.);
#1307 = VERTEX_POINT('',#1308);
#1308 = CARTESIAN_POINT('',(23.622,2.032,8.636));
#1309 = CIRCLE('',#1310,0.508);
#1310 = AXIS2_PLACEMENT_3D('',#1311,#1312,#1313);
#1311 = CARTESIAN_POINT('',(23.622,2.54,8.636));
#1312 = DIRECTION('',(-0.,0.,1.));
#1313 = DIRECTION('',(0.,-1.,0.));
#1314 = ORIENTED_EDGE('',*,*,#1315,.F.);
#1315 = EDGE_CURVE('',#1316,#1307,#1318,.T.);
#1316 = VERTEX_POINT('',#1317);
#1317 = CARTESIAN_POINT('',(2.54,2.032,8.636));
#1318 = LINE('',#1319,#1320);
#1319 = CARTESIAN_POINT('',(0.,2.032,8.636));
#1320 = VECTOR('',#1321,1.);
#1321 = DIRECTION('',(1.,0.,0.));
#1322 = ORIENTED_EDGE('',*,*,#1323,.T.);
#1323 = EDGE_CURVE('',#1316,#1324,#1326,.T.);
#1324 = VERTEX_POINT('',#1325);
#1325 = CARTESIAN_POINT('',(2.032,2.54,8.636));
#1326 = CIRCLE('',#1327,0.508);
#1327 = AXIS2_PLACEMENT_3D('',#1328,#1329,#1330);
#1328 = CARTESIAN_POINT('',(2.54,2.54,8.636));
#1329 = DIRECTION('',(0.,0.,-1.));
#1330 = DIRECTION('',(0.,1.,0.));
#1331 = ORIENTED_EDGE('',*,*,#1332,.F.);
#1332 = EDGE_CURVE('',#1333,#1324,#1335,.T.);
#1333 = VERTEX_POINT('',#1334);
#1334 = CARTESIAN_POINT('',(2.032,7.9248,8.636));
#1335 = LINE('',#1336,#1337);
#1336 = CARTESIAN_POINT('',(2.032,50.8,8.636));
#1337 = VECTOR('',#1338,1.);
#1338 = DIRECTION('',(0.,-1.,0.));
#1339 = ORIENTED_EDGE('',*,*,#1340,.F.);
#1340 = EDGE_CURVE('',#934,#1333,#1341,.T.);
#1341 = LINE('',#1342,#1343);
#1342 = CARTESIAN_POINT('',(6.5405,7.9248,8.636));
#1343 = VECTOR('',#1344,1.);
#1344 = DIRECTION('',(1.,0.,0.));
#1345 = ORIENTED_EDGE('',*,*,#933,.T.);
#1346 = PLANE('',#1347);
#1347 = AXIS2_PLACEMENT_3D('',#1348,#1349,#1350);
#1348 = CARTESIAN_POINT('',(13.081,25.4,8.636));
#1349 = DIRECTION('',(0.,0.,1.));
#1350 = DIRECTION('',(1.,0.,0.));
#1351 = ADVANCED_FACE('',(#1352),#1363,.F.);
#1352 = FACE_BOUND('',#1353,.F.);
#1353 = EDGE_LOOP('',(#1354,#1355,#1361,#1362));
#1354 = ORIENTED_EDGE('',*,*,#1134,.F.);
#1355 = ORIENTED_EDGE('',*,*,#1356,.T.);
#1356 = EDGE_CURVE('',#1108,#1273,#1357,.T.);
#1357 = LINE('',#1358,#1359);
#1358 = CARTESIAN_POINT('',(23.622,49.784,8.636));
#1359 = VECTOR('',#1360,1.);
#1360 = DIRECTION('',(0.,0.,1.));
#1361 = ORIENTED_EDGE('',*,*,#1281,.T.);
#1362 = ORIENTED_EDGE('',*,*,#469,.F.);
#1363 = PLANE('',#1364);
#1364 = AXIS2_PLACEMENT_3D('',#1365,#1366,#1367);
#1365 = CARTESIAN_POINT('',(23.622,49.784,8.636));
#1366 = DIRECTION('',(0.,-1.,2.098E-14));
#1367 = DIRECTION('',(0.,2.098E-14,1.));
#1368 = ADVANCED_FACE('',(#1369),#1394,.T.);
#1369 = FACE_BOUND('',#1370,.F.);
#1370 = EDGE_LOOP('',(#1371,#1379,#1380,#1388));
#1371 = ORIENTED_EDGE('',*,*,#1372,.F.);
#1372 = EDGE_CURVE('',#508,#1373,#1375,.T.);
#1373 = VERTEX_POINT('',#1374);
#1374 = CARTESIAN_POINT('',(23.622,49.700147737194,0.));
#1375 = LINE('',#1376,#1377);
#1376 = CARTESIAN_POINT('',(23.622,50.8,1.905));
#1377 = VECTOR('',#1378,1.);
#1378 = DIRECTION('',(-3.E-17,-0.5,-0.866025403784));
#1379 = ORIENTED_EDGE('',*,*,#507,.T.);
#1380 = ORIENTED_EDGE('',*,*,#1381,.T.);
#1381 = EDGE_CURVE('',#510,#1382,#1384,.T.);
#1382 = VERTEX_POINT('',#1383);
#1383 = CARTESIAN_POINT('',(2.54,49.700147737194,0.));
#1384 = LINE('',#1385,#1386);
#1385 = CARTESIAN_POINT('',(2.54,50.250073868597,0.9525));
#1386 = VECTOR('',#1387,1.);
#1387 = DIRECTION('',(-0.,-0.5,-0.866025403784));
#1388 = ORIENTED_EDGE('',*,*,#1389,.F.);
#1389 = EDGE_CURVE('',#1373,#1382,#1390,.T.);
#1390 = LINE('',#1391,#1392);
#1391 = CARTESIAN_POINT('',(23.622,49.700147737194,0.));
#1392 = VECTOR('',#1393,1.);
#1393 = DIRECTION('',(-1.,0.,0.));
#1394 = PLANE('',#1395);
#1395 = AXIS2_PLACEMENT_3D('',#1396,#1397,#1398);
#1396 = CARTESIAN_POINT('',(23.622,50.250073868597,0.9525));
#1397 = DIRECTION('',(0.,0.866025403784,-0.5));
#1398 = DIRECTION('',(1.,0.,0.));
#1399 = ADVANCED_FACE('',(#1400),#1442,.F.);
#1400 = FACE_BOUND('',#1401,.F.);
#1401 = EDGE_LOOP('',(#1402,#1403,#1409,#1410,#1418,#1426,#1435,#1441));
#1402 = ORIENTED_EDGE('',*,*,#551,.F.);
#1403 = ORIENTED_EDGE('',*,*,#1404,.T.);
#1404 = EDGE_CURVE('',#543,#1201,#1405,.T.);
#1405 = LINE('',#1406,#1407);
#1406 = CARTESIAN_POINT('',(8.636,50.8,5.9944));
#1407 = VECTOR('',#1408,1.);
#1408 = DIRECTION('',(0.,-1.,2.2E-16));
#1409 = ORIENTED_EDGE('',*,*,#1209,.T.);
#1410 = ORIENTED_EDGE('',*,*,#1411,.F.);
#1411 = EDGE_CURVE('',#1412,#1210,#1414,.T.);
#1412 = VERTEX_POINT('',#1413);
#1413 = CARTESIAN_POINT('',(8.636,49.784,8.636));
#1414 = LINE('',#1415,#1416);
#1415 = CARTESIAN_POINT('',(8.636,38.1,8.636));
#1416 = VECTOR('',#1417,1.);
#1417 = DIRECTION('',(0.,-1.,0.));
#1418 = ORIENTED_EDGE('',*,*,#1419,.F.);
#1419 = EDGE_CURVE('',#1420,#1412,#1422,.T.);
#1420 = VERTEX_POINT('',#1421);
#1421 = CARTESIAN_POINT('',(8.636,49.784,7.62));
#1422 = LINE('',#1423,#1424);
#1423 = CARTESIAN_POINT('',(8.636,49.784,8.636));
#1424 = VECTOR('',#1425,1.);
#1425 = DIRECTION('',(0.,2.098E-14,1.));
#1426 = ORIENTED_EDGE('',*,*,#1427,.T.);
#1427 = EDGE_CURVE('',#1420,#1428,#1430,.T.);
#1428 = VERTEX_POINT('',#1429);
#1429 = CARTESIAN_POINT('',(8.636,49.784,7.112));
#1430 = CIRCLE('',#1431,0.26035);
#1431 = AXIS2_PLACEMENT_3D('',#1432,#1433,#1434);
#1432 = CARTESIAN_POINT('',(8.636,49.72685,7.366));
#1433 = DIRECTION('',(-1.,0.,0.));
#1434 = DIRECTION('',(0.,-1.,0.));
#1435 = ORIENTED_EDGE('',*,*,#1436,.F.);
#1436 = EDGE_CURVE('',#854,#1428,#1437,.T.);
#1437 = LINE('',#1438,#1439);
#1438 = CARTESIAN_POINT('',(8.636,49.784,7.112));
#1439 = VECTOR('',#1440,1.);
#1440 = DIRECTION('',(0.,-4.196E-14,1.));
#1441 = ORIENTED_EDGE('',*,*,#861,.F.);
#1442 = PLANE('',#1443);
#1443 = AXIS2_PLACEMENT_3D('',#1444,#1445,#1446);
#1444 = CARTESIAN_POINT('',(8.636,50.8,5.9944));
#1445 = DIRECTION('',(-1.,0.,0.));
#1446 = DIRECTION('',(0.,2.2E-16,1.));
#1447 = ADVANCED_FACE('',(#1448),#1459,.F.);
#1448 = FACE_BOUND('',#1449,.F.);
#1449 = EDGE_LOOP('',(#1450,#1451,#1457,#1458));
#1450 = ORIENTED_EDGE('',*,*,#542,.F.);
#1451 = ORIENTED_EDGE('',*,*,#1452,.T.);
#1452 = EDGE_CURVE('',#535,#1193,#1453,.T.);
#1453 = LINE('',#1454,#1455);
#1454 = CARTESIAN_POINT('',(8.763,50.8,5.8674));
#1455 = VECTOR('',#1456,1.);
#1456 = DIRECTION('',(0.,-1.,2.2E-16));
#1457 = ORIENTED_EDGE('',*,*,#1200,.T.);
#1458 = ORIENTED_EDGE('',*,*,#1404,.F.);
#1459 = CYLINDRICAL_SURFACE('',#1460,0.127);
#1460 = AXIS2_PLACEMENT_3D('',#1461,#1462,#1463);
#1461 = CARTESIAN_POINT('',(8.763,50.8,5.9944));
#1462 = DIRECTION('',(0.,1.,-2.2E-16));
#1463 = DIRECTION('',(-1.,0.,0.));
#1464 = ADVANCED_FACE('',(#1465),#1471,.F.);
#1465 = FACE_BOUND('',#1466,.F.);
#1466 = EDGE_LOOP('',(#1467,#1468,#1469,#1470));
#1467 = ORIENTED_EDGE('',*,*,#534,.F.);
#1468 = ORIENTED_EDGE('',*,*,#1160,.T.);
#1469 = ORIENTED_EDGE('',*,*,#1192,.T.);
#1470 = ORIENTED_EDGE('',*,*,#1452,.F.);
#1471 = PLANE('',#1472);
#1472 = AXIS2_PLACEMENT_3D('',#1473,#1474,#1475);
#1473 = CARTESIAN_POINT('',(18.669,50.8,5.8674));
#1474 = DIRECTION('',(-0.,-2.2E-16,-1.));
#1475 = DIRECTION('',(-1.,0.,0.));
#1476 = ADVANCED_FACE('',(#1477),#1496,.T.);
#1477 = FACE_BOUND('',#1478,.F.);
#1478 = EDGE_LOOP('',(#1479,#1487,#1488,#1489));
#1479 = ORIENTED_EDGE('',*,*,#1480,.F.);
#1480 = EDGE_CURVE('',#582,#1481,#1483,.T.);
#1481 = VERTEX_POINT('',#1482);
#1482 = CARTESIAN_POINT('',(25.062147737194,48.26,0.));
#1483 = LINE('',#1484,#1485);
#1484 = CARTESIAN_POINT('',(25.612073868597,48.26,0.9525));
#1485 = VECTOR('',#1486,1.);
#1486 = DIRECTION('',(-0.5,0.,-0.866025403784));
#1487 = ORIENTED_EDGE('',*,*,#589,.T.);
#1488 = ORIENTED_EDGE('',*,*,#1372,.T.);
#1489 = ORIENTED_EDGE('',*,*,#1490,.F.);
#1490 = EDGE_CURVE('',#1481,#1373,#1491,.T.);
#1491 = CIRCLE('',#1492,1.440147737194);
#1492 = AXIS2_PLACEMENT_3D('',#1493,#1494,#1495);
#1493 = CARTESIAN_POINT('',(23.622,48.26,0.));
#1494 = DIRECTION('',(0.,0.,1.));
#1495 = DIRECTION('',(1.,0.,0.));
#1496 = CONICAL_SURFACE('',#1497,2.54,0.523598775598);
#1497 = AXIS2_PLACEMENT_3D('',#1498,#1499,#1500);
#1498 = CARTESIAN_POINT('',(23.622,48.26,1.905));
#1499 = DIRECTION('',(0.,0.,1.));
#1500 = DIRECTION('',(1.,0.,0.));
#1501 = ADVANCED_FACE('',(#1502),#1520,.T.);
#1502 = FACE_BOUND('',#1503,.F.);
#1503 = EDGE_LOOP('',(#1504,#1512,#1513,#1514));
#1504 = ORIENTED_EDGE('',*,*,#1505,.F.);
#1505 = EDGE_CURVE('',#607,#1506,#1508,.T.);
#1506 = VERTEX_POINT('',#1507);
#1507 = CARTESIAN_POINT('',(25.062147737194,2.54,0.));
#1508 = LINE('',#1509,#1510);
#1509 = CARTESIAN_POINT('',(26.162,2.54,1.905));
#1510 = VECTOR('',#1511,1.);
#1511 = DIRECTION('',(-0.5,3.E-17,-0.866025403784));
#1512 = ORIENTED_EDGE('',*,*,#606,.T.);
#1513 = ORIENTED_EDGE('',*,*,#1480,.T.);
#1514 = ORIENTED_EDGE('',*,*,#1515,.F.);
#1515 = EDGE_CURVE('',#1506,#1481,#1516,.T.);
#1516 = LINE('',#1517,#1518);
#1517 = CARTESIAN_POINT('',(25.062147737194,2.54,0.));
#1518 = VECTOR('',#1519,1.);
#1519 = DIRECTION('',(0.,1.,0.));
#1520 = PLANE('',#1521);
#1521 = AXIS2_PLACEMENT_3D('',#1522,#1523,#1524);
#1522 = CARTESIAN_POINT('',(25.612073868597,2.54,0.9525));
#1523 = DIRECTION('',(0.866025403784,0.,-0.5));
#1524 = DIRECTION('',(-0.,-1.,-0.));
#1525 = ADVANCED_FACE('',(#1526),#1545,.T.);
#1526 = FACE_BOUND('',#1527,.F.);
#1527 = EDGE_LOOP('',(#1528,#1536,#1537,#1538));
#1528 = ORIENTED_EDGE('',*,*,#1529,.F.);
#1529 = EDGE_CURVE('',#631,#1530,#1532,.T.);
#1530 = VERTEX_POINT('',#1531);
#1531 = CARTESIAN_POINT('',(23.622,1.099852262806,0.));
#1532 = LINE('',#1533,#1534);
#1533 = CARTESIAN_POINT('',(23.622,-8.9E-16,1.905));
#1534 = VECTOR('',#1535,1.);
#1535 = DIRECTION('',(0.,0.5,-0.866025403784));
#1536 = ORIENTED_EDGE('',*,*,#638,.T.);
#1537 = ORIENTED_EDGE('',*,*,#1505,.T.);
#1538 = ORIENTED_EDGE('',*,*,#1539,.F.);
#1539 = EDGE_CURVE('',#1530,#1506,#1540,.T.);
#1540 = CIRCLE('',#1541,1.440147737194);
#1541 = AXIS2_PLACEMENT_3D('',#1542,#1543,#1544);
#1542 = CARTESIAN_POINT('',(23.622,2.54,0.));
#1543 = DIRECTION('',(-0.,0.,1.));
#1544 = DIRECTION('',(0.,-1.,0.));
#1545 = CONICAL_SURFACE('',#1546,2.54,0.523598775598);
#1546 = AXIS2_PLACEMENT_3D('',#1547,#1548,#1549);
#1547 = CARTESIAN_POINT('',(23.622,2.54,1.905));
#1548 = DIRECTION('',(0.,0.,1.));
#1549 = DIRECTION('',(0.,-1.,0.));
#1550 = ADVANCED_FACE('',(#1551),#1562,.T.);
#1551 = FACE_BOUND('',#1552,.F.);
#1552 = EDGE_LOOP('',(#1553,#1554,#1555,#1556));
#1553 = ORIENTED_EDGE('',*,*,#764,.F.);
#1554 = ORIENTED_EDGE('',*,*,#655,.T.);
#1555 = ORIENTED_EDGE('',*,*,#1529,.T.);
#1556 = ORIENTED_EDGE('',*,*,#1557,.F.);
#1557 = EDGE_CURVE('',#765,#1530,#1558,.T.);
#1558 = LINE('',#1559,#1560);
#1559 = CARTESIAN_POINT('',(2.54,1.099852262806,0.));
#1560 = VECTOR('',#1561,1.);
#1561 = DIRECTION('',(1.,0.,0.));
#1562 = PLANE('',#1563);
#1563 = AXIS2_PLACEMENT_3D('',#1564,#1565,#1566);
#1564 = CARTESIAN_POINT('',(2.54,0.549926131403,0.9525));
#1565 = DIRECTION('',(0.,-0.866025403784,-0.5));
#1566 = DIRECTION('',(-1.,-0.,-0.));
#1567 = ADVANCED_FACE('',(#1568),#1574,.T.);
#1568 = FACE_BOUND('',#1569,.T.);
#1569 = EDGE_LOOP('',(#1570,#1571,#1572,#1573));
#1570 = ORIENTED_EDGE('',*,*,#674,.T.);
#1571 = ORIENTED_EDGE('',*,*,#699,.T.);
#1572 = ORIENTED_EDGE('',*,*,#1247,.F.);
#1573 = ORIENTED_EDGE('',*,*,#925,.F.);
#1574 = CYLINDRICAL_SURFACE('',#1575,1.524);
#1575 = AXIS2_PLACEMENT_3D('',#1576,#1577,#1578);
#1576 = CARTESIAN_POINT('',(2.54,2.54,8.636));
#1577 = DIRECTION('',(0.,0.,1.));
#1578 = DIRECTION('',(0.,-1.,0.));
#1579 = ADVANCED_FACE('',(#1580),#1591,.T.);
#1580 = FACE_BOUND('',#1581,.T.);
#1581 = EDGE_LOOP('',(#1582,#1583,#1589,#1590));
#1582 = ORIENTED_EDGE('',*,*,#739,.T.);
#1583 = ORIENTED_EDGE('',*,*,#1584,.T.);
#1584 = EDGE_CURVE('',#731,#1256,#1585,.T.);
#1585 = LINE('',#1586,#1587);
#1586 = CARTESIAN_POINT('',(25.146,2.54,8.636));
#1587 = VECTOR('',#1588,1.);
#1588 = DIRECTION('',(0.,0.,1.));
#1589 = ORIENTED_EDGE('',*,*,#1255,.F.);
#1590 = ORIENTED_EDGE('',*,*,#715,.F.);
#1591 = CYLINDRICAL_SURFACE('',#1592,1.524);
#1592 = AXIS2_PLACEMENT_3D('',#1593,#1594,#1595);
#1593 = CARTESIAN_POINT('',(23.622,2.54,8.636));
#1594 = DIRECTION('',(0.,0.,1.));
#1595 = DIRECTION('',(0.,-1.,0.));
#1596 = ADVANCED_FACE('',(#1597),#1613,.F.);
#1597 = FACE_BOUND('',#1598,.F.);
#1598 = EDGE_LOOP('',(#1599,#1600,#1601,#1602,#1603,#1610,#1611,#1612));
#1599 = ORIENTED_EDGE('',*,*,#1539,.T.);
#1600 = ORIENTED_EDGE('',*,*,#1515,.T.);
#1601 = ORIENTED_EDGE('',*,*,#1490,.T.);
#1602 = ORIENTED_EDGE('',*,*,#1389,.T.);
#1603 = ORIENTED_EDGE('',*,*,#1604,.T.);
#1604 = EDGE_CURVE('',#1382,#790,#1605,.T.);
#1605 = CIRCLE('',#1606,1.440147737194);
#1606 = AXIS2_PLACEMENT_3D('',#1607,#1608,#1609);
#1607 = CARTESIAN_POINT('',(2.54,48.26,0.));
#1608 = DIRECTION('',(0.,-0.,1.));
#1609 = DIRECTION('',(3.5E-16,1.,0.));
#1610 = ORIENTED_EDGE('',*,*,#804,.T.);
#1611 = ORIENTED_EDGE('',*,*,#772,.T.);
#1612 = ORIENTED_EDGE('',*,*,#1557,.T.);
#1613 = PLANE('',#1614);
#1614 = AXIS2_PLACEMENT_3D('',#1615,#1616,#1617);
#1615 = CARTESIAN_POINT('',(13.081,25.4,0.));
#1616 = DIRECTION('',(0.,0.,1.));
#1617 = DIRECTION('',(1.,0.,0.));
#1618 = ADVANCED_FACE('',(#1619),#1625,.T.);
#1619 = FACE_BOUND('',#1620,.F.);
#1620 = EDGE_LOOP('',(#1621,#1622,#1623,#1624));
#1621 = ORIENTED_EDGE('',*,*,#1381,.F.);
#1622 = ORIENTED_EDGE('',*,*,#884,.T.);
#1623 = ORIENTED_EDGE('',*,*,#787,.T.);
#1624 = ORIENTED_EDGE('',*,*,#1604,.F.);
#1625 = CONICAL_SURFACE('',#1626,2.54,0.523598775598);
#1626 = AXIS2_PLACEMENT_3D('',#1627,#1628,#1629);
#1627 = CARTESIAN_POINT('',(2.54,48.26,1.905));
#1628 = DIRECTION('',(0.,0.,1.));
#1629 = DIRECTION('',(3.5E-16,1.,0.));
#1630 = ADVANCED_FACE('',(#1631),#1673,.T.);
#1631 = FACE_BOUND('',#1632,.T.);
#1632 = EDGE_LOOP('',(#1633,#1641,#1649,#1657,#1666,#1672));
#1633 = ORIENTED_EDGE('',*,*,#1634,.F.);
#1634 = EDGE_CURVE('',#1635,#821,#1637,.T.);
#1635 = VERTEX_POINT('',#1636);
#1636 = CARTESIAN_POINT('',(0.,16.8910001,8.3057999));
#1637 = LINE('',#1638,#1639);
#1638 = CARTESIAN_POINT('',(0.,16.8910001,8.3057999));
#1639 = VECTOR('',#1640,1.);
#1640 = DIRECTION('',(0.,0.,-1.));
#1641 = ORIENTED_EDGE('',*,*,#1642,.T.);
#1642 = EDGE_CURVE('',#1635,#1643,#1645,.T.);
#1643 = VERTEX_POINT('',#1644);
#1644 = CARTESIAN_POINT('',(1.016,16.891,8.3058));
#1645 = LINE('',#1646,#1647);
#1646 = CARTESIAN_POINT('',(0.,16.8910001,8.3057999));
#1647 = VECTOR('',#1648,1.);
#1648 = DIRECTION('',(1.,0.,0.));
#1649 = ORIENTED_EDGE('',*,*,#1650,.T.);
#1650 = EDGE_CURVE('',#1643,#1651,#1653,.T.);
#1651 = VERTEX_POINT('',#1652);
#1652 = CARTESIAN_POINT('',(1.016,16.891,7.62));
#1653 = LINE('',#1654,#1655);
#1654 = CARTESIAN_POINT('',(1.016,16.8910001,8.216019014498));
#1655 = VECTOR('',#1656,1.);
#1656 = DIRECTION('',(2.06E-14,0.,-1.));
#1657 = ORIENTED_EDGE('',*,*,#1658,.T.);
#1658 = EDGE_CURVE('',#1651,#1659,#1661,.T.);
#1659 = VERTEX_POINT('',#1660);
#1660 = CARTESIAN_POINT('',(1.016,16.891,7.112));
#1661 = CIRCLE('',#1662,0.26035);
#1662 = AXIS2_PLACEMENT_3D('',#1663,#1664,#1665);
#1663 = CARTESIAN_POINT('',(1.07315,16.891,7.366));
#1664 = DIRECTION('',(0.,-1.,0.));
#1665 = DIRECTION('',(1.,0.,0.));
#1666 = ORIENTED_EDGE('',*,*,#1667,.T.);
#1667 = EDGE_CURVE('',#1659,#829,#1668,.T.);
#1668 = LINE('',#1669,#1670);
#1669 = CARTESIAN_POINT('',(1.016,16.8910001,7.579040392738));
#1670 = VECTOR('',#1671,1.);
#1671 = DIRECTION('',(-4.371E-14,0.,-1.));
#1672 = ORIENTED_EDGE('',*,*,#828,.F.);
#1673 = PLANE('',#1674);
#1674 = AXIS2_PLACEMENT_3D('',#1675,#1676,#1677);
#1675 = CARTESIAN_POINT('',(0.,16.8910001,8.3057999));
#1676 = DIRECTION('',(0.,1.,0.));
#1677 = DIRECTION('',(0.,0.,-1.));
#1678 = ADVANCED_FACE('',(#1679),#1800,.F.);
#1679 = FACE_BOUND('',#1680,.F.);
#1680 = EDGE_LOOP('',(#1681,#1690,#1691,#1700,#1785,#1794));
#1681 = ORIENTED_EDGE('',*,*,#1682,.F.);
#1682 = EDGE_CURVE('',#1635,#1683,#1685,.T.);
#1683 = VERTEX_POINT('',#1684);
#1684 = CARTESIAN_POINT('',(0.,15.621,7.0358));
#1685 = CIRCLE('',#1686,1.27);
#1686 = AXIS2_PLACEMENT_3D('',#1687,#1688,#1689);
#1687 = CARTESIAN_POINT('',(0.,15.6210001,8.3058));
#1688 = DIRECTION('',(-1.,0.,0.));
#1689 = DIRECTION('',(0.,-1.,0.));
#1690 = ORIENTED_EDGE('',*,*,#1642,.T.);
#1691 = ORIENTED_EDGE('',*,*,#1692,.T.);
#1692 = EDGE_CURVE('',#1643,#1693,#1695,.T.);
#1693 = VERTEX_POINT('',#1694);
#1694 = CARTESIAN_POINT('',(1.016,16.689914570955,7.62));
#1695 = CIRCLE('',#1696,1.27);
#1696 = AXIS2_PLACEMENT_3D('',#1697,#1698,#1699);
#1697 = CARTESIAN_POINT('',(1.016,15.621,8.3058));
#1698 = DIRECTION('',(-1.,0.,0.));
#1699 = DIRECTION('',(0.,-1.,0.));
#1700 = ORIENTED_EDGE('',*,*,#1701,.T.);
#1701 = EDGE_CURVE('',#1693,#1702,#1704,.T.);
#1702 = VERTEX_POINT('',#1703);
#1703 = CARTESIAN_POINT('',(1.016,16.054291541575,7.112));
#1704 = B_SPLINE_CURVE_WITH_KNOTS('',7,(#1705,#1706,#1707,#1708,#1709,
    #1710,#1711,#1712,#1713,#1714,#1715,#1716,#1717,#1718,#1719,#1720,
    #1721,#1722,#1723,#1724,#1725,#1726,#1727,#1728,#1729,#1730,#1731,
    #1732,#1733,#1734,#1735,#1736,#1737,#1738,#1739,#1740,#1741,#1742,
    #1743,#1744,#1745,#1746,#1747,#1748,#1749,#1750,#1751,#1752,#1753,
    #1754,#1755,#1756,#1757,#1758,#1759,#1760,#1761,#1762,#1763,#1764,
    #1765,#1766,#1767,#1768,#1769,#1770,#1771,#1772,#1773,#1774,#1775,
    #1776,#1777,#1778,#1779,#1780,#1781,#1782,#1783,#1784),
  .UNSPECIFIED.,.F.,.F.,(8,6,6,6,6,6,6,6,6,6,6,6,6,8),(0.,0.182785761103
    ,0.257838273976,0.267445273918,0.418205818256,0.426235660717,
    0.556976872687,0.564277457986,0.689753698599,0.70035980737,
    0.732185938134,0.830610459368,0.841124604513,1.),.UNSPECIFIED.);
#1705 = CARTESIAN_POINT('',(1.016,16.689914570955,7.62));
#1706 = CARTESIAN_POINT('',(0.996668246908,16.687123902513,
    7.615650355554));
#1707 = CARTESIAN_POINT('',(0.977744329796,16.683205730122,7.60958918645
    ));
#1708 = CARTESIAN_POINT('',(0.959423669716,16.678151971877,
    7.601867134462));
#1709 = CARTESIAN_POINT('',(0.941892484636,16.67194960238,7.592567441698
    ));
#1710 = CARTESIAN_POINT('',(0.925321626361,16.66458612092,7.581802147235
    ));
#1711 = CARTESIAN_POINT('',(0.909860417447,16.656055019638,
    7.569708283762));
#1712 = CARTESIAN_POINT('',(0.889787626253,16.642380954556,
    7.550997740473));
#1713 = CARTESIAN_POINT('',(0.88415227264,16.63820463147,7.545353946378)
  );
#1714 = CARTESIAN_POINT('',(0.878732864518,16.633832562493,7.53952366848
    ));
#1715 = CARTESIAN_POINT('',(0.873536969215,16.629265403171,7.53351823934
    ));
#1716 = CARTESIAN_POINT('',(0.868571284146,16.624504184546,
    7.527349347529));
#1717 = CARTESIAN_POINT('',(0.863841636813,16.619550313153,
    7.521029037626));
#1718 = CARTESIAN_POINT('',(0.858778420711,16.613747024956,
    7.513742892367));
#1719 = CARTESIAN_POINT('',(0.858208770651,16.613086477763,
    7.512915205378));
#1720 = CARTESIAN_POINT('',(0.857643352393,16.612423142315,
    7.512085681243));
#1721 = CARTESIAN_POINT('',(0.857081745208,16.611756529613,
    7.511253726592));
#1722 = CARTESIAN_POINT('',(0.856523789874,16.61108644879,7.510419122706
    ));
#1723 = CARTESIAN_POINT('',(0.855969588678,16.610413007112,
    7.509582025515));
#1724 = CARTESIAN_POINT('',(0.846787169354,16.599122058027,
    7.495575782248));
#1725 = CARTESIAN_POINT('',(0.839129330089,16.587735061032,
    7.481868971259));
#1726 = CARTESIAN_POINT('',(0.832485246182,16.575589532963,
    7.467720853176));
#1727 = CARTESIAN_POINT('',(0.826878656579,16.562705937429,
    7.453231316799));
#1728 = CARTESIAN_POINT('',(0.822319408648,16.549111457268,
    7.438499260721));
#1729 = CARTESIAN_POINT('',(0.818805086212,16.534840164129,
    7.423620034859));
#1730 = CARTESIAN_POINT('',(0.816190416842,16.519139209299,
    7.407887295958));
#1731 = CARTESIAN_POINT('',(0.816061478984,16.518345608413,
    7.407093727585));
#1732 = CARTESIAN_POINT('',(0.815935588503,16.517551062514,
    7.406300852276));
#1733 = CARTESIAN_POINT('',(0.815812586415,16.516754664218,
    7.405507765489));
#1734 = CARTESIAN_POINT('',(0.815692390263,16.515955921645,
    7.404713982748));
#1735 = CARTESIAN_POINT('',(0.815574994117,16.515154758412,
    7.403919439641));
#1736 = CARTESIAN_POINT('',(0.813595773388,16.50127315059,7.390181218933
    ));
#1737 = CARTESIAN_POINT('',(0.812500517151,16.487719102384,7.37720474624
    ));
#1738 = CARTESIAN_POINT('',(0.812166468541,16.473715506567,
    7.364251953123));
#1739 = CARTESIAN_POINT('',(0.812579877279,16.459291547055,
    7.351375808066));
#1740 = CARTESIAN_POINT('',(0.813722806044,16.444479412146,
    7.338625164052));
#1741 = CARTESIAN_POINT('',(0.815574462391,16.429314252526,
    7.326044553972));
#1742 = CARTESIAN_POINT('',(0.818254256325,16.412969730231,
    7.312983213897));
#1743 = CARTESIAN_POINT('',(0.818398082533,16.412104626355,
    7.312293331668));
#1744 = CARTESIAN_POINT('',(0.818543864094,16.411239576773,7.31160492534
    ));
#1745 = CARTESIAN_POINT('',(0.818691567949,16.410374714331,
    7.310918096482));
#1746 = CARTESIAN_POINT('',(0.818841273183,16.409509555607,
    7.310232462241));
#1747 = CARTESIAN_POINT('',(0.818993171019,16.408643000907,7.30954715534
    ));
#1748 = CARTESIAN_POINT('',(0.821801154028,16.392826244952,
    7.297064747065));
#1749 = CARTESIAN_POINT('',(0.82508113975,16.377595336882,7.285469000886
    ));
#1750 = CARTESIAN_POINT('',(0.828968088527,16.362114942231,
    7.274108487202));
#1751 = CARTESIAN_POINT('',(0.833441325726,16.34642185874,7.263014563927
    ));
#1752 = CARTESIAN_POINT('',(0.838479840897,16.330556359543,
    7.252215432589));
#1753 = CARTESIAN_POINT('',(0.844063193117,16.314563203007,
    7.241736525682));
#1754 = CARTESIAN_POINT('',(0.850688809616,16.297134249032,
    7.230744161213));
#1755 = CARTESIAN_POINT('',(0.851207015011,16.29578034413,7.229893037948
    ));
#1756 = CARTESIAN_POINT('',(0.851737583354,16.294403505619,
    7.229030323399));
#1757 = CARTESIAN_POINT('',(0.85226930958,16.293033031532,7.228174436493
    ));
#1758 = CARTESIAN_POINT('',(0.8528001184,16.291674319353,7.227328756451)
  );
#1759 = CARTESIAN_POINT('',(0.853339257497,16.290303189312,
    7.226478070304));
#1760 = CARTESIAN_POINT('',(0.855505819005,16.284830032432,
    7.223093676115));
#1761 = CARTESIAN_POINT('',(0.857164503737,16.280721288828,
    7.220578144391));
#1762 = CARTESIAN_POINT('',(0.858856541273,16.276609804978,
    7.218085911893));
#1763 = CARTESIAN_POINT('',(0.860581627249,16.272496500288,
    7.215617351786));
#1764 = CARTESIAN_POINT('',(0.862339464105,16.268382329531,
    7.213172830711));
#1765 = CARTESIAN_POINT('',(0.864129761092,16.264268282853,
    7.210752708788));
#1766 = CARTESIAN_POINT('',(0.871588359209,16.247435965708,
    7.200949493962));
#1767 = CARTESIAN_POINT('',(0.87753208196,16.234727803747,7.193778547433
    ));
#1768 = CARTESIAN_POINT('',(0.883775239494,16.222061072073,
    7.186854744278));
#1769 = CARTESIAN_POINT('',(0.890310174241,16.209469780647,
    7.180188104486));
#1770 = CARTESIAN_POINT('',(0.897129992588,16.196993288261,
    7.173788635344));
#1771 = CARTESIAN_POINT('',(0.904228823393,16.184677813609,7.167666543)
  );
#1772 = CARTESIAN_POINT('',(0.912389720185,16.171285384698,
    7.161209219628));
#1773 = CARTESIAN_POINT('',(0.91318202215,16.169992797119,7.160588087816
    ));
#1774 = CARTESIAN_POINT('',(0.913973165208,16.168709738115,
    7.159973622171));
#1775 = CARTESIAN_POINT('',(0.914767569477,16.167428975501,
    7.159362306637));
#1776 = CARTESIAN_POINT('',(0.915567145658,16.166147477187,
    7.158752670769));
#1777 = CARTESIAN_POINT('',(0.916368775755,16.16487046598,7.15814722356)
  );
#1778 = CARTESIAN_POINT('',(0.929309569462,16.144378971651,
    7.148464124912));
#1779 = CARTESIAN_POINT('',(0.942138094191,16.125815554469,
    7.140151225111));
#1780 = CARTESIAN_POINT('',(0.955650611878,16.108129882789,
    7.132640696162));
#1781 = CARTESIAN_POINT('',(0.969833810655,16.091645854638,
    7.125990932835));
#1782 = CARTESIAN_POINT('',(0.984657843369,16.076795157517,
    7.120275490811));
#1783 = CARTESIAN_POINT('',(1.000077299819,16.064162301725,
    7.115582607541));
#1784 = CARTESIAN_POINT('',(1.016,16.054291541575,7.112));
#1785 = ORIENTED_EDGE('',*,*,#1786,.T.);
#1786 = EDGE_CURVE('',#1702,#1787,#1789,.T.);
#1787 = VERTEX_POINT('',#1788);
#1788 = CARTESIAN_POINT('',(1.016,15.621,7.0358));
#1789 = CIRCLE('',#1790,1.27);
#1790 = AXIS2_PLACEMENT_3D('',#1791,#1792,#1793);
#1791 = CARTESIAN_POINT('',(1.016,15.621,8.3058));
#1792 = DIRECTION('',(-1.,0.,0.));
#1793 = DIRECTION('',(0.,-1.,0.));
#1794 = ORIENTED_EDGE('',*,*,#1795,.F.);
#1795 = EDGE_CURVE('',#1683,#1787,#1796,.T.);
#1796 = LINE('',#1797,#1798);
#1797 = CARTESIAN_POINT('',(0.,15.621,7.0358));
#1798 = VECTOR('',#1799,1.);
#1799 = DIRECTION('',(1.,0.,0.));
#1800 = CYLINDRICAL_SURFACE('',#1801,1.27);
#1801 = AXIS2_PLACEMENT_3D('',#1802,#1803,#1804);
#1802 = CARTESIAN_POINT('',(0.,15.6210001,8.3058));
#1803 = DIRECTION('',(-1.,0.,0.));
#1804 = DIRECTION('',(0.,-1.,0.));
#1805 = ADVANCED_FACE('',(#1806),#1824,.F.);
#1806 = FACE_BOUND('',#1807,.F.);
#1807 = EDGE_LOOP('',(#1808,#1809,#1810,#1818));
#1808 = ORIENTED_EDGE('',*,*,#853,.F.);
#1809 = ORIENTED_EDGE('',*,*,#1436,.T.);
#1810 = ORIENTED_EDGE('',*,*,#1811,.T.);
#1811 = EDGE_CURVE('',#1428,#1812,#1814,.T.);
#1812 = VERTEX_POINT('',#1813);
#1813 = CARTESIAN_POINT('',(2.54,49.784,7.112));
#1814 = LINE('',#1815,#1816);
#1815 = CARTESIAN_POINT('',(8.636,49.784,7.112));
#1816 = VECTOR('',#1817,1.);
#1817 = DIRECTION('',(-1.,0.,0.));
#1818 = ORIENTED_EDGE('',*,*,#1819,.F.);
#1819 = EDGE_CURVE('',#845,#1812,#1820,.T.);
#1820 = LINE('',#1821,#1822);
#1821 = CARTESIAN_POINT('',(2.54,49.784,7.112));
#1822 = VECTOR('',#1823,1.);
#1823 = DIRECTION('',(0.,-4.196E-14,1.));
#1824 = PLANE('',#1825);
#1825 = AXIS2_PLACEMENT_3D('',#1826,#1827,#1828);
#1826 = CARTESIAN_POINT('',(8.636,49.784,7.112));
#1827 = DIRECTION('',(-0.,-1.,-4.196E-14));
#1828 = DIRECTION('',(0.,-4.196E-14,1.));
#1829 = ADVANCED_FACE('',(#1830),#1849,.T.);
#1830 = FACE_BOUND('',#1831,.T.);
#1831 = EDGE_LOOP('',(#1832,#1833,#1841,#1848));
#1832 = ORIENTED_EDGE('',*,*,#844,.T.);
#1833 = ORIENTED_EDGE('',*,*,#1834,.T.);
#1834 = EDGE_CURVE('',#837,#1835,#1837,.T.);
#1835 = VERTEX_POINT('',#1836);
#1836 = CARTESIAN_POINT('',(1.016,48.26,7.112));
#1837 = LINE('',#1838,#1839);
#1838 = CARTESIAN_POINT('',(1.016,48.26,7.112));
#1839 = VECTOR('',#1840,1.);
#1840 = DIRECTION('',(0.,0.,1.));
#1841 = ORIENTED_EDGE('',*,*,#1842,.F.);
#1842 = EDGE_CURVE('',#1812,#1835,#1843,.T.);
#1843 = CIRCLE('',#1844,1.524);
#1844 = AXIS2_PLACEMENT_3D('',#1845,#1846,#1847);
#1845 = CARTESIAN_POINT('',(2.54,48.26,7.112));
#1846 = DIRECTION('',(-0.,0.,1.));
#1847 = DIRECTION('',(0.,-1.,0.));
#1848 = ORIENTED_EDGE('',*,*,#1819,.F.);
#1849 = CYLINDRICAL_SURFACE('',#1850,1.524);
#1850 = AXIS2_PLACEMENT_3D('',#1851,#1852,#1853);
#1851 = CARTESIAN_POINT('',(2.54,48.26,7.112));
#1852 = DIRECTION('',(0.,0.,1.));
#1853 = DIRECTION('',(0.,-1.,0.));
#1854 = ADVANCED_FACE('',(#1855),#1866,.T.);
#1855 = FACE_BOUND('',#1856,.T.);
#1856 = EDGE_LOOP('',(#1857,#1858,#1859,#1865));
#1857 = ORIENTED_EDGE('',*,*,#836,.T.);
#1858 = ORIENTED_EDGE('',*,*,#1667,.F.);
#1859 = ORIENTED_EDGE('',*,*,#1860,.F.);
#1860 = EDGE_CURVE('',#1835,#1659,#1861,.T.);
#1861 = LINE('',#1862,#1863);
#1862 = CARTESIAN_POINT('',(1.016,48.26,7.112));
#1863 = VECTOR('',#1864,1.);
#1864 = DIRECTION('',(0.,-1.,0.));
#1865 = ORIENTED_EDGE('',*,*,#1834,.F.);
#1866 = PLANE('',#1867);
#1867 = AXIS2_PLACEMENT_3D('',#1868,#1869,#1870);
#1868 = CARTESIAN_POINT('',(1.016,25.397574706186,6.852280885475));
#1869 = DIRECTION('',(-1.,0.,4.371E-14));
#1870 = DIRECTION('',(-4.371E-14,0.,-1.));
#1871 = ADVANCED_FACE('',(#1872),#1890,.F.);
#1872 = FACE_BOUND('',#1873,.F.);
#1873 = EDGE_LOOP('',(#1874,#1875,#1883,#1889));
#1874 = ORIENTED_EDGE('',*,*,#941,.F.);
#1875 = ORIENTED_EDGE('',*,*,#1876,.T.);
#1876 = EDGE_CURVE('',#318,#1877,#1879,.T.);
#1877 = VERTEX_POINT('',#1878);
#1878 = CARTESIAN_POINT('',(2.032,7.92479995,8.30580005));
#1879 = LINE('',#1880,#1881);
#1880 = CARTESIAN_POINT('',(0.,7.9248,8.3058));
#1881 = VECTOR('',#1882,1.);
#1882 = DIRECTION('',(1.,0.,0.));
#1883 = ORIENTED_EDGE('',*,*,#1884,.T.);
#1884 = EDGE_CURVE('',#1877,#1333,#1885,.T.);
#1885 = LINE('',#1886,#1887);
#1886 = CARTESIAN_POINT('',(2.032,7.9248,4.1529));
#1887 = VECTOR('',#1888,1.);
#1888 = DIRECTION('',(0.,0.,1.));
#1889 = ORIENTED_EDGE('',*,*,#1340,.F.);
#1890 = PLANE('',#1891);
#1891 = AXIS2_PLACEMENT_3D('',#1892,#1893,#1894);
#1892 = CARTESIAN_POINT('',(0.,7.9248,8.3058));
#1893 = DIRECTION('',(0.,-1.,0.));
#1894 = DIRECTION('',(0.,0.,1.));
#1895 = ADVANCED_FACE('',(#1896),#1917,.F.);
#1896 = FACE_BOUND('',#1897,.F.);
#1897 = EDGE_LOOP('',(#1898,#1899,#1907,#1914,#1915,#1916));
#1898 = ORIENTED_EDGE('',*,*,#971,.F.);
#1899 = ORIENTED_EDGE('',*,*,#1900,.T.);
#1900 = EDGE_CURVE('',#964,#1901,#1903,.T.);
#1901 = VERTEX_POINT('',#1902);
#1902 = CARTESIAN_POINT('',(2.032,9.1948,7.0358));
#1903 = LINE('',#1904,#1905);
#1904 = CARTESIAN_POINT('',(0.,9.1948,7.0358));
#1905 = VECTOR('',#1906,1.);
#1906 = DIRECTION('',(1.,0.,0.));
#1907 = ORIENTED_EDGE('',*,*,#1908,.T.);
#1908 = EDGE_CURVE('',#1901,#1877,#1909,.T.);
#1909 = CIRCLE('',#1910,1.27);
#1910 = AXIS2_PLACEMENT_3D('',#1911,#1912,#1913);
#1911 = CARTESIAN_POINT('',(2.032,9.1948,8.3058));
#1912 = DIRECTION('',(-1.,0.,0.));
#1913 = DIRECTION('',(0.,-1.,0.));
#1914 = ORIENTED_EDGE('',*,*,#1876,.F.);
#1915 = ORIENTED_EDGE('',*,*,#1065,.F.);
#1916 = ORIENTED_EDGE('',*,*,#980,.T.);
#1917 = CYLINDRICAL_SURFACE('',#1918,1.27);
#1918 = AXIS2_PLACEMENT_3D('',#1919,#1920,#1921);
#1919 = CARTESIAN_POINT('',(0.,9.1948,8.3058));
#1920 = DIRECTION('',(-1.,0.,0.));
#1921 = DIRECTION('',(0.,-1.,0.));
#1922 = ADVANCED_FACE('',(#1923),#1934,.F.);
#1923 = FACE_BOUND('',#1924,.F.);
#1924 = EDGE_LOOP('',(#1925,#1926,#1927,#1928));
#1925 = ORIENTED_EDGE('',*,*,#1091,.F.);
#1926 = ORIENTED_EDGE('',*,*,#1584,.T.);
#1927 = ORIENTED_EDGE('',*,*,#1264,.T.);
#1928 = ORIENTED_EDGE('',*,*,#1929,.F.);
#1929 = EDGE_CURVE('',#1083,#1265,#1930,.T.);
#1930 = LINE('',#1931,#1932);
#1931 = CARTESIAN_POINT('',(25.146,48.26,8.636));
#1932 = VECTOR('',#1933,1.);
#1933 = DIRECTION('',(2.098E-14,0.,1.));
#1934 = PLANE('',#1935);
#1935 = AXIS2_PLACEMENT_3D('',#1936,#1937,#1938);
#1936 = CARTESIAN_POINT('',(25.146,2.54,8.636));
#1937 = DIRECTION('',(-1.,0.,2.098E-14));
#1938 = DIRECTION('',(2.098E-14,0.,1.));
#1939 = ADVANCED_FACE('',(#1940),#1946,.T.);
#1940 = FACE_BOUND('',#1941,.T.);
#1941 = EDGE_LOOP('',(#1942,#1943,#1944,#1945));
#1942 = ORIENTED_EDGE('',*,*,#1116,.T.);
#1943 = ORIENTED_EDGE('',*,*,#1356,.T.);
#1944 = ORIENTED_EDGE('',*,*,#1272,.F.);
#1945 = ORIENTED_EDGE('',*,*,#1929,.F.);
#1946 = CYLINDRICAL_SURFACE('',#1947,1.524);
#1947 = AXIS2_PLACEMENT_3D('',#1948,#1949,#1950);
#1948 = CARTESIAN_POINT('',(23.622,48.26,8.636));
#1949 = DIRECTION('',(0.,0.,1.));
#1950 = DIRECTION('',(0.,-1.,0.));
#1951 = ADVANCED_FACE('',(#1952),#1971,.F.);
#1952 = FACE_BOUND('',#1953,.F.);
#1953 = EDGE_LOOP('',(#1954,#1963,#1964,#1965));
#1954 = ORIENTED_EDGE('',*,*,#1955,.T.);
#1955 = EDGE_CURVE('',#1956,#1175,#1958,.T.);
#1956 = VERTEX_POINT('',#1957);
#1957 = CARTESIAN_POINT('',(24.13,48.26,2.032));
#1958 = CIRCLE('',#1959,0.508);
#1959 = AXIS2_PLACEMENT_3D('',#1960,#1961,#1962);
#1960 = CARTESIAN_POINT('',(23.622,48.26,2.032));
#1961 = DIRECTION('',(-0.,0.,1.));
#1962 = DIRECTION('',(0.,-1.,0.));
#1963 = ORIENTED_EDGE('',*,*,#1174,.T.);
#1964 = ORIENTED_EDGE('',*,*,#1289,.F.);
#1965 = ORIENTED_EDGE('',*,*,#1966,.F.);
#1966 = EDGE_CURVE('',#1956,#1290,#1967,.T.);
#1967 = LINE('',#1968,#1969);
#1968 = CARTESIAN_POINT('',(24.13,48.26,2.032));
#1969 = VECTOR('',#1970,1.);
#1970 = DIRECTION('',(0.,0.,1.));
#1971 = CYLINDRICAL_SURFACE('',#1972,0.508);
#1972 = AXIS2_PLACEMENT_3D('',#1973,#1974,#1975);
#1973 = CARTESIAN_POINT('',(23.622,48.26,2.032));
#1974 = DIRECTION('',(0.,0.,1.));
#1975 = DIRECTION('',(1.,0.,0.));
#1976 = ADVANCED_FACE('',(#1977,#2030,#2041,#2052,#2063),#2074,.T.);
#1977 = FACE_BOUND('',#1978,.T.);
#1978 = EDGE_LOOP('',(#1979,#1989,#1998,#2004,#2005,#2006,#2015,#2023));
#1979 = ORIENTED_EDGE('',*,*,#1980,.T.);
#1980 = EDGE_CURVE('',#1981,#1983,#1985,.T.);
#1981 = VERTEX_POINT('',#1982);
#1982 = CARTESIAN_POINT('',(2.54,2.032,2.032));
#1983 = VERTEX_POINT('',#1984);
#1984 = CARTESIAN_POINT('',(23.622,2.032,2.032));
#1985 = LINE('',#1986,#1987);
#1986 = CARTESIAN_POINT('',(6.5405,2.032,2.032));
#1987 = VECTOR('',#1988,1.);
#1988 = DIRECTION('',(1.,0.,0.));
#1989 = ORIENTED_EDGE('',*,*,#1990,.T.);
#1990 = EDGE_CURVE('',#1983,#1991,#1993,.T.);
#1991 = VERTEX_POINT('',#1992);
#1992 = CARTESIAN_POINT('',(24.13,2.54,2.032));
#1993 = CIRCLE('',#1994,0.508);
#1994 = AXIS2_PLACEMENT_3D('',#1995,#1996,#1997);
#1995 = CARTESIAN_POINT('',(23.622,2.54,2.032));
#1996 = DIRECTION('',(-0.,0.,1.));
#1997 = DIRECTION('',(0.,-1.,0.));
#1998 = ORIENTED_EDGE('',*,*,#1999,.T.);
#1999 = EDGE_CURVE('',#1991,#1956,#2000,.T.);
#2000 = LINE('',#2001,#2002);
#2001 = CARTESIAN_POINT('',(24.13,12.7,2.032));
#2002 = VECTOR('',#2003,1.);
#2003 = DIRECTION('',(0.,1.,0.));
#2004 = ORIENTED_EDGE('',*,*,#1955,.T.);
#2005 = ORIENTED_EDGE('',*,*,#1233,.T.);
#2006 = ORIENTED_EDGE('',*,*,#2007,.T.);
#2007 = EDGE_CURVE('',#1226,#2008,#2010,.T.);
#2008 = VERTEX_POINT('',#2009);
#2009 = CARTESIAN_POINT('',(2.032,48.26,2.032));
#2010 = CIRCLE('',#2011,0.508);
#2011 = AXIS2_PLACEMENT_3D('',#2012,#2013,#2014);
#2012 = CARTESIAN_POINT('',(2.54,48.26,2.032));
#2013 = DIRECTION('',(-0.,0.,1.));
#2014 = DIRECTION('',(0.,-1.,0.));
#2015 = ORIENTED_EDGE('',*,*,#2016,.T.);
#2016 = EDGE_CURVE('',#2008,#2017,#2019,.T.);
#2017 = VERTEX_POINT('',#2018);
#2018 = CARTESIAN_POINT('',(2.032,2.54,2.032));
#2019 = LINE('',#2020,#2021);
#2020 = CARTESIAN_POINT('',(2.032,38.1,2.032));
#2021 = VECTOR('',#2022,1.);
#2022 = DIRECTION('',(0.,-1.,0.));
#2023 = ORIENTED_EDGE('',*,*,#2024,.F.);
#2024 = EDGE_CURVE('',#1981,#2017,#2025,.T.);
#2025 = CIRCLE('',#2026,0.508);
#2026 = AXIS2_PLACEMENT_3D('',#2027,#2028,#2029);
#2027 = CARTESIAN_POINT('',(2.54,2.54,2.032));
#2028 = DIRECTION('',(0.,0.,-1.));
#2029 = DIRECTION('',(0.,1.,0.));
#2030 = FACE_BOUND('',#2031,.T.);
#2031 = EDGE_LOOP('',(#2032));
#2032 = ORIENTED_EDGE('',*,*,#2033,.F.);
#2033 = EDGE_CURVE('',#2034,#2034,#2036,.T.);
#2034 = VERTEX_POINT('',#2035);
#2035 = CARTESIAN_POINT('',(5.207,3.937,2.032));
#2036 = CIRCLE('',#2037,1.27);
#2037 = AXIS2_PLACEMENT_3D('',#2038,#2039,#2040);
#2038 = CARTESIAN_POINT('',(3.937,3.937,2.032));
#2039 = DIRECTION('',(0.,0.,1.));
#2040 = DIRECTION('',(1.,0.,0.));
#2041 = FACE_BOUND('',#2042,.T.);
#2042 = EDGE_LOOP('',(#2043));
#2043 = ORIENTED_EDGE('',*,*,#2044,.F.);
#2044 = EDGE_CURVE('',#2045,#2045,#2047,.T.);
#2045 = VERTEX_POINT('',#2046);
#2046 = CARTESIAN_POINT('',(23.495,3.937,2.032));
#2047 = CIRCLE('',#2048,1.27);
#2048 = AXIS2_PLACEMENT_3D('',#2049,#2050,#2051);
#2049 = CARTESIAN_POINT('',(22.225,3.937,2.032));
#2050 = DIRECTION('',(0.,0.,1.));
#2051 = DIRECTION('',(1.,0.,0.));
#2052 = FACE_BOUND('',#2053,.T.);
#2053 = EDGE_LOOP('',(#2054));
#2054 = ORIENTED_EDGE('',*,*,#2055,.F.);
#2055 = EDGE_CURVE('',#2056,#2056,#2058,.T.);
#2056 = VERTEX_POINT('',#2057);
#2057 = CARTESIAN_POINT('',(5.207,46.863,2.032));
#2058 = CIRCLE('',#2059,1.27);
#2059 = AXIS2_PLACEMENT_3D('',#2060,#2061,#2062);
#2060 = CARTESIAN_POINT('',(3.937,46.863,2.032));
#2061 = DIRECTION('',(0.,0.,1.));
#2062 = DIRECTION('',(1.,0.,0.));
#2063 = FACE_BOUND('',#2064,.T.);
#2064 = EDGE_LOOP('',(#2065));
#2065 = ORIENTED_EDGE('',*,*,#2066,.F.);
#2066 = EDGE_CURVE('',#2067,#2067,#2069,.T.);
#2067 = VERTEX_POINT('',#2068);
#2068 = CARTESIAN_POINT('',(23.495,46.863,2.032));
#2069 = CIRCLE('',#2070,1.27);
#2070 = AXIS2_PLACEMENT_3D('',#2071,#2072,#2073);
#2071 = CARTESIAN_POINT('',(22.225,46.863,2.032));
#2072 = DIRECTION('',(0.,0.,1.));
#2073 = DIRECTION('',(1.,0.,0.));
#2074 = PLANE('',#2075);
#2075 = AXIS2_PLACEMENT_3D('',#2076,#2077,#2078);
#2076 = CARTESIAN_POINT('',(13.081,25.4,2.032));
#2077 = DIRECTION('',(0.,0.,1.));
#2078 = DIRECTION('',(1.,0.,0.));
#2079 = ADVANCED_FACE('',(#2080),#2099,.F.);
#2080 = FACE_BOUND('',#2081,.F.);
#2081 = EDGE_LOOP('',(#2082,#2083,#2091,#2098));
#2082 = ORIENTED_EDGE('',*,*,#2007,.T.);
#2083 = ORIENTED_EDGE('',*,*,#2084,.T.);
#2084 = EDGE_CURVE('',#2008,#2085,#2087,.T.);
#2085 = VERTEX_POINT('',#2086);
#2086 = CARTESIAN_POINT('',(2.032,48.26,8.636));
#2087 = LINE('',#2088,#2089);
#2088 = CARTESIAN_POINT('',(2.032,48.26,2.032));
#2089 = VECTOR('',#2090,1.);
#2090 = DIRECTION('',(0.,0.,1.));
#2091 = ORIENTED_EDGE('',*,*,#2092,.F.);
#2092 = EDGE_CURVE('',#1218,#2085,#2093,.T.);
#2093 = CIRCLE('',#2094,0.508);
#2094 = AXIS2_PLACEMENT_3D('',#2095,#2096,#2097);
#2095 = CARTESIAN_POINT('',(2.54,48.26,8.636));
#2096 = DIRECTION('',(-0.,0.,1.));
#2097 = DIRECTION('',(0.,-1.,0.));
#2098 = ORIENTED_EDGE('',*,*,#1225,.F.);
#2099 = CYLINDRICAL_SURFACE('',#2100,0.508);
#2100 = AXIS2_PLACEMENT_3D('',#2101,#2102,#2103);
#2101 = CARTESIAN_POINT('',(2.54,48.26,2.032));
#2102 = DIRECTION('',(0.,0.,1.));
#2103 = DIRECTION('',(0.,1.,0.));
#2104 = ADVANCED_FACE('',(#2105),#2149,.T.);
#2105 = FACE_BOUND('',#2106,.T.);
#2106 = EDGE_LOOP('',(#2107,#2108,#2116,#2125,#2133,#2141,#2147,#2148));
#2107 = ORIENTED_EDGE('',*,*,#1411,.F.);
#2108 = ORIENTED_EDGE('',*,*,#2109,.T.);
#2109 = EDGE_CURVE('',#1412,#2110,#2112,.T.);
#2110 = VERTEX_POINT('',#2111);
#2111 = CARTESIAN_POINT('',(2.54,49.784,8.636));
#2112 = LINE('',#2113,#2114);
#2113 = CARTESIAN_POINT('',(8.636,49.784,8.636));
#2114 = VECTOR('',#2115,1.);
#2115 = DIRECTION('',(-1.,0.,0.));
#2116 = ORIENTED_EDGE('',*,*,#2117,.T.);
#2117 = EDGE_CURVE('',#2110,#2118,#2120,.T.);
#2118 = VERTEX_POINT('',#2119);
#2119 = CARTESIAN_POINT('',(1.016,48.26,8.636));
#2120 = CIRCLE('',#2121,1.524);
#2121 = AXIS2_PLACEMENT_3D('',#2122,#2123,#2124);
#2122 = CARTESIAN_POINT('',(2.54,48.26,8.636));
#2123 = DIRECTION('',(-0.,0.,1.));
#2124 = DIRECTION('',(0.,-1.,0.));
#2125 = ORIENTED_EDGE('',*,*,#2126,.T.);
#2126 = EDGE_CURVE('',#2118,#2127,#2129,.T.);
#2127 = VERTEX_POINT('',#2128);
#2128 = CARTESIAN_POINT('',(1.016,16.891,8.636));
#2129 = LINE('',#2130,#2131);
#2130 = CARTESIAN_POINT('',(1.016,48.26,8.636));
#2131 = VECTOR('',#2132,1.);
#2132 = DIRECTION('',(0.,-1.,0.));
#2133 = ORIENTED_EDGE('',*,*,#2134,.F.);
#2134 = EDGE_CURVE('',#2135,#2127,#2137,.T.);
#2135 = VERTEX_POINT('',#2136);
#2136 = CARTESIAN_POINT('',(2.032,16.891,8.636));
#2137 = LINE('',#2138,#2139);
#2138 = CARTESIAN_POINT('',(6.5405,16.891,8.636));
#2139 = VECTOR('',#2140,1.);
#2140 = DIRECTION('',(-1.,0.,0.));
#2141 = ORIENTED_EDGE('',*,*,#2142,.F.);
#2142 = EDGE_CURVE('',#2085,#2135,#2143,.T.);
#2143 = LINE('',#2144,#2145);
#2144 = CARTESIAN_POINT('',(2.032,50.8,8.636));
#2145 = VECTOR('',#2146,1.);
#2146 = DIRECTION('',(0.,-1.,0.));
#2147 = ORIENTED_EDGE('',*,*,#2092,.F.);
#2148 = ORIENTED_EDGE('',*,*,#1217,.F.);
#2149 = PLANE('',#2150);
#2150 = AXIS2_PLACEMENT_3D('',#2151,#2152,#2153);
#2151 = CARTESIAN_POINT('',(13.081,25.4,8.636));
#2152 = DIRECTION('',(0.,0.,1.));
#2153 = DIRECTION('',(1.,0.,0.));
#2154 = ADVANCED_FACE('',(#2155),#2171,.F.);
#2155 = FACE_BOUND('',#2156,.F.);
#2156 = EDGE_LOOP('',(#2157,#2158,#2164,#2165));
#2157 = ORIENTED_EDGE('',*,*,#1323,.T.);
#2158 = ORIENTED_EDGE('',*,*,#2159,.T.);
#2159 = EDGE_CURVE('',#1324,#2017,#2160,.T.);
#2160 = LINE('',#2161,#2162);
#2161 = CARTESIAN_POINT('',(2.032,2.54,8.636));
#2162 = VECTOR('',#2163,1.);
#2163 = DIRECTION('',(0.,0.,-1.));
#2164 = ORIENTED_EDGE('',*,*,#2024,.F.);
#2165 = ORIENTED_EDGE('',*,*,#2166,.F.);
#2166 = EDGE_CURVE('',#1316,#1981,#2167,.T.);
#2167 = LINE('',#2168,#2169);
#2168 = CARTESIAN_POINT('',(2.54,2.032,8.636));
#2169 = VECTOR('',#2170,1.);
#2170 = DIRECTION('',(0.,0.,-1.));
#2171 = CYLINDRICAL_SURFACE('',#2172,0.508);
#2172 = AXIS2_PLACEMENT_3D('',#2173,#2174,#2175);
#2173 = CARTESIAN_POINT('',(2.54,2.54,8.636));
#2174 = DIRECTION('',(0.,0.,-1.));
#2175 = DIRECTION('',(0.,-1.,0.));
#2176 = ADVANCED_FACE('',(#2177),#2188,.T.);
#2177 = FACE_BOUND('',#2178,.T.);
#2178 = EDGE_LOOP('',(#2179,#2180,#2186,#2187));
#2179 = ORIENTED_EDGE('',*,*,#1315,.T.);
#2180 = ORIENTED_EDGE('',*,*,#2181,.F.);
#2181 = EDGE_CURVE('',#1983,#1307,#2182,.T.);
#2182 = LINE('',#2183,#2184);
#2183 = CARTESIAN_POINT('',(23.622,2.032,2.032));
#2184 = VECTOR('',#2185,1.);
#2185 = DIRECTION('',(0.,0.,1.));
#2186 = ORIENTED_EDGE('',*,*,#1980,.F.);
#2187 = ORIENTED_EDGE('',*,*,#2166,.F.);
#2188 = PLANE('',#2189);
#2189 = AXIS2_PLACEMENT_3D('',#2190,#2191,#2192);
#2190 = CARTESIAN_POINT('',(0.,2.032,0.));
#2191 = DIRECTION('',(0.,1.,0.));
#2192 = DIRECTION('',(1.,0.,0.));
#2193 = ADVANCED_FACE('',(#2194),#2205,.F.);
#2194 = FACE_BOUND('',#2195,.F.);
#2195 = EDGE_LOOP('',(#2196,#2197,#2203,#2204));
#2196 = ORIENTED_EDGE('',*,*,#1990,.T.);
#2197 = ORIENTED_EDGE('',*,*,#2198,.T.);
#2198 = EDGE_CURVE('',#1991,#1299,#2199,.T.);
#2199 = LINE('',#2200,#2201);
#2200 = CARTESIAN_POINT('',(24.13,2.54,2.032));
#2201 = VECTOR('',#2202,1.);
#2202 = DIRECTION('',(0.,0.,1.));
#2203 = ORIENTED_EDGE('',*,*,#1306,.F.);
#2204 = ORIENTED_EDGE('',*,*,#2181,.F.);
#2205 = CYLINDRICAL_SURFACE('',#2206,0.508);
#2206 = AXIS2_PLACEMENT_3D('',#2207,#2208,#2209);
#2207 = CARTESIAN_POINT('',(23.622,2.54,2.032));
#2208 = DIRECTION('',(0.,0.,1.));
#2209 = DIRECTION('',(0.,-1.,0.));
#2210 = ADVANCED_FACE('',(#2211),#2217,.T.);
#2211 = FACE_BOUND('',#2212,.T.);
#2212 = EDGE_LOOP('',(#2213,#2214,#2215,#2216));
#2213 = ORIENTED_EDGE('',*,*,#1298,.T.);
#2214 = ORIENTED_EDGE('',*,*,#1966,.F.);
#2215 = ORIENTED_EDGE('',*,*,#1999,.F.);
#2216 = ORIENTED_EDGE('',*,*,#2198,.T.);
#2217 = PLANE('',#2218);
#2218 = AXIS2_PLACEMENT_3D('',#2219,#2220,#2221);
#2219 = CARTESIAN_POINT('',(24.13,0.,0.));
#2220 = DIRECTION('',(-1.,0.,0.));
#2221 = DIRECTION('',(0.,1.,0.));
#2222 = ADVANCED_FACE('',(#2223),#2242,.T.);
#2223 = FACE_BOUND('',#2224,.T.);
#2224 = EDGE_LOOP('',(#2225,#2226,#2235,#2241));
#2225 = ORIENTED_EDGE('',*,*,#1811,.T.);
#2226 = ORIENTED_EDGE('',*,*,#2227,.F.);
#2227 = EDGE_CURVE('',#2228,#1812,#2230,.T.);
#2228 = VERTEX_POINT('',#2229);
#2229 = CARTESIAN_POINT('',(2.54,49.784,7.62));
#2230 = CIRCLE('',#2231,0.26035);
#2231 = AXIS2_PLACEMENT_3D('',#2232,#2233,#2234);
#2232 = CARTESIAN_POINT('',(2.54,49.72685,7.366));
#2233 = DIRECTION('',(-1.,0.,0.));
#2234 = DIRECTION('',(0.,-1.,0.));
#2235 = ORIENTED_EDGE('',*,*,#2236,.F.);
#2236 = EDGE_CURVE('',#1420,#2228,#2237,.T.);
#2237 = LINE('',#2238,#2239);
#2238 = CARTESIAN_POINT('',(8.636,49.784,7.62));
#2239 = VECTOR('',#2240,1.);
#2240 = DIRECTION('',(-1.,0.,0.));
#2241 = ORIENTED_EDGE('',*,*,#1427,.T.);
#2242 = CYLINDRICAL_SURFACE('',#2243,0.26035);
#2243 = AXIS2_PLACEMENT_3D('',#2244,#2245,#2246);
#2244 = CARTESIAN_POINT('',(8.636,49.72685,7.366));
#2245 = DIRECTION('',(-1.,0.,0.));
#2246 = DIRECTION('',(0.,-1.,0.));
#2247 = ADVANCED_FACE('',(#2248),#2259,.F.);
#2248 = FACE_BOUND('',#2249,.F.);
#2249 = EDGE_LOOP('',(#2250,#2251,#2252,#2253));
#2250 = ORIENTED_EDGE('',*,*,#2236,.F.);
#2251 = ORIENTED_EDGE('',*,*,#1419,.T.);
#2252 = ORIENTED_EDGE('',*,*,#2109,.T.);
#2253 = ORIENTED_EDGE('',*,*,#2254,.F.);
#2254 = EDGE_CURVE('',#2228,#2110,#2255,.T.);
#2255 = LINE('',#2256,#2257);
#2256 = CARTESIAN_POINT('',(2.54,49.784,8.636));
#2257 = VECTOR('',#2258,1.);
#2258 = DIRECTION('',(0.,2.098E-14,1.));
#2259 = PLANE('',#2260);
#2260 = AXIS2_PLACEMENT_3D('',#2261,#2262,#2263);
#2261 = CARTESIAN_POINT('',(8.636,49.784,8.636));
#2262 = DIRECTION('',(0.,-1.,2.098E-14));
#2263 = DIRECTION('',(0.,2.098E-14,1.));
#2264 = ADVANCED_FACE('',(#2265),#2284,.T.);
#2265 = FACE_BOUND('',#2266,.T.);
#2266 = EDGE_LOOP('',(#2267,#2268,#2269,#2277));
#2267 = ORIENTED_EDGE('',*,*,#1860,.T.);
#2268 = ORIENTED_EDGE('',*,*,#1658,.F.);
#2269 = ORIENTED_EDGE('',*,*,#2270,.F.);
#2270 = EDGE_CURVE('',#2271,#1651,#2273,.T.);
#2271 = VERTEX_POINT('',#2272);
#2272 = CARTESIAN_POINT('',(1.016,48.26,7.62));
#2273 = LINE('',#2274,#2275);
#2274 = CARTESIAN_POINT('',(1.016,48.26,7.62));
#2275 = VECTOR('',#2276,1.);
#2276 = DIRECTION('',(0.,-1.,0.));
#2277 = ORIENTED_EDGE('',*,*,#2278,.F.);
#2278 = EDGE_CURVE('',#1835,#2271,#2279,.T.);
#2279 = CIRCLE('',#2280,0.26035);
#2280 = AXIS2_PLACEMENT_3D('',#2281,#2282,#2283);
#2281 = CARTESIAN_POINT('',(1.07315,48.26,7.366));
#2282 = DIRECTION('',(1.8E-16,1.,-0.));
#2283 = DIRECTION('',(-1.,1.8E-16,0.));
#2284 = CYLINDRICAL_SURFACE('',#2285,0.26035);
#2285 = AXIS2_PLACEMENT_3D('',#2286,#2287,#2288);
#2286 = CARTESIAN_POINT('',(1.07315,48.26,7.366));
#2287 = DIRECTION('',(0.,-1.,0.));
#2288 = DIRECTION('',(1.,0.,0.));
#2289 = ADVANCED_FACE('',(#2290),#2307,.T.);
#2290 = FACE_BOUND('',#2291,.T.);
#2291 = EDGE_LOOP('',(#2292,#2293,#2294,#2300,#2301));
#2292 = ORIENTED_EDGE('',*,*,#2270,.T.);
#2293 = ORIENTED_EDGE('',*,*,#1650,.F.);
#2294 = ORIENTED_EDGE('',*,*,#2295,.T.);
#2295 = EDGE_CURVE('',#1643,#2127,#2296,.T.);
#2296 = LINE('',#2297,#2298);
#2297 = CARTESIAN_POINT('',(1.016,16.891,8.636));
#2298 = VECTOR('',#2299,1.);
#2299 = DIRECTION('',(-2.098E-14,0.,1.));
#2300 = ORIENTED_EDGE('',*,*,#2126,.F.);
#2301 = ORIENTED_EDGE('',*,*,#2302,.F.);
#2302 = EDGE_CURVE('',#2271,#2118,#2303,.T.);
#2303 = LINE('',#2304,#2305);
#2304 = CARTESIAN_POINT('',(1.016,48.26,8.636));
#2305 = VECTOR('',#2306,1.);
#2306 = DIRECTION('',(0.,0.,1.));
#2307 = PLANE('',#2308);
#2308 = AXIS2_PLACEMENT_3D('',#2309,#2310,#2311);
#2309 = CARTESIAN_POINT('',(1.016,32.516816140799,8.126238128996));
#2310 = DIRECTION('',(-1.,-0.,-2.06E-14));
#2311 = DIRECTION('',(2.06E-14,0.,-1.));
#2312 = ADVANCED_FACE('',(#2313),#2341,.F.);
#2313 = FACE_BOUND('',#2314,.F.);
#2314 = EDGE_LOOP('',(#2315,#2316,#2324,#2333,#2339,#2340));
#2315 = ORIENTED_EDGE('',*,*,#1692,.F.);
#2316 = ORIENTED_EDGE('',*,*,#2317,.T.);
#2317 = EDGE_CURVE('',#1643,#2318,#2320,.T.);
#2318 = VERTEX_POINT('',#2319);
#2319 = CARTESIAN_POINT('',(2.032,16.89100005,8.30579995));
#2320 = LINE('',#2321,#2322);
#2321 = CARTESIAN_POINT('',(0.,16.891,8.3058));
#2322 = VECTOR('',#2323,1.);
#2323 = DIRECTION('',(1.,0.,0.));
#2324 = ORIENTED_EDGE('',*,*,#2325,.T.);
#2325 = EDGE_CURVE('',#2318,#2326,#2328,.T.);
#2326 = VERTEX_POINT('',#2327);
#2327 = CARTESIAN_POINT('',(2.032,15.621,7.0358));
#2328 = CIRCLE('',#2329,1.27);
#2329 = AXIS2_PLACEMENT_3D('',#2330,#2331,#2332);
#2330 = CARTESIAN_POINT('',(2.032,15.621,8.3058));
#2331 = DIRECTION('',(-1.,0.,0.));
#2332 = DIRECTION('',(0.,-1.,0.));
#2333 = ORIENTED_EDGE('',*,*,#2334,.F.);
#2334 = EDGE_CURVE('',#1787,#2326,#2335,.T.);
#2335 = LINE('',#2336,#2337);
#2336 = CARTESIAN_POINT('',(0.,15.621,7.0358));
#2337 = VECTOR('',#2338,1.);
#2338 = DIRECTION('',(1.,0.,0.));
#2339 = ORIENTED_EDGE('',*,*,#1786,.F.);
#2340 = ORIENTED_EDGE('',*,*,#1701,.F.);
#2341 = CYLINDRICAL_SURFACE('',#2342,1.27);
#2342 = AXIS2_PLACEMENT_3D('',#2343,#2344,#2345);
#2343 = CARTESIAN_POINT('',(0.,15.621,8.3058));
#2344 = DIRECTION('',(-1.,0.,0.));
#2345 = DIRECTION('',(0.,-1.,0.));
#2346 = ADVANCED_FACE('',(#2347),#2359,.T.);
#2347 = FACE_BOUND('',#2348,.T.);
#2348 = EDGE_LOOP('',(#2349,#2350,#2351,#2358));
#2349 = ORIENTED_EDGE('',*,*,#1842,.T.);
#2350 = ORIENTED_EDGE('',*,*,#2278,.T.);
#2351 = ORIENTED_EDGE('',*,*,#2352,.F.);
#2352 = EDGE_CURVE('',#2228,#2271,#2353,.T.);
#2353 = CIRCLE('',#2354,1.524);
#2354 = AXIS2_PLACEMENT_3D('',#2355,#2356,#2357);
#2355 = CARTESIAN_POINT('',(2.54,48.26,7.62));
#2356 = DIRECTION('',(-0.,0.,1.));
#2357 = DIRECTION('',(0.,-1.,0.));
#2358 = ORIENTED_EDGE('',*,*,#2227,.T.);
#2359 = TOROIDAL_SURFACE('',#2360,1.46685,0.26035);
#2360 = AXIS2_PLACEMENT_3D('',#2361,#2362,#2363);
#2361 = CARTESIAN_POINT('',(2.54,48.26,7.366));
#2362 = DIRECTION('',(0.,0.,1.));
#2363 = DIRECTION('',(0.,-1.,0.));
#2364 = ADVANCED_FACE('',(#2365),#2384,.T.);
#2365 = FACE_BOUND('',#2366,.F.);
#2366 = EDGE_LOOP('',(#2367,#2375,#2382,#2383));
#2367 = ORIENTED_EDGE('',*,*,#2368,.T.);
#2368 = EDGE_CURVE('',#2034,#2369,#2371,.T.);
#2369 = VERTEX_POINT('',#2370);
#2370 = CARTESIAN_POINT('',(5.207,3.937,4.445));
#2371 = LINE('',#2372,#2373);
#2372 = CARTESIAN_POINT('',(5.207,3.937,2.032));
#2373 = VECTOR('',#2374,1.);
#2374 = DIRECTION('',(0.,0.,1.));
#2375 = ORIENTED_EDGE('',*,*,#2376,.T.);
#2376 = EDGE_CURVE('',#2369,#2369,#2377,.T.);
#2377 = CIRCLE('',#2378,1.27);
#2378 = AXIS2_PLACEMENT_3D('',#2379,#2380,#2381);
#2379 = CARTESIAN_POINT('',(3.937,3.937,4.445));
#2380 = DIRECTION('',(0.,0.,1.));
#2381 = DIRECTION('',(1.,0.,0.));
#2382 = ORIENTED_EDGE('',*,*,#2368,.F.);
#2383 = ORIENTED_EDGE('',*,*,#2033,.F.);
#2384 = CYLINDRICAL_SURFACE('',#2385,1.27);
#2385 = AXIS2_PLACEMENT_3D('',#2386,#2387,#2388);
#2386 = CARTESIAN_POINT('',(3.937,3.937,2.032));
#2387 = DIRECTION('',(-0.,-0.,-1.));
#2388 = DIRECTION('',(1.,0.,0.));
#2389 = ADVANCED_FACE('',(#2390),#2409,.T.);
#2390 = FACE_BOUND('',#2391,.F.);
#2391 = EDGE_LOOP('',(#2392,#2400,#2407,#2408));
#2392 = ORIENTED_EDGE('',*,*,#2393,.T.);
#2393 = EDGE_CURVE('',#2045,#2394,#2396,.T.);
#2394 = VERTEX_POINT('',#2395);
#2395 = CARTESIAN_POINT('',(23.495,3.937,4.445));
#2396 = LINE('',#2397,#2398);
#2397 = CARTESIAN_POINT('',(23.495,3.937,2.032));
#2398 = VECTOR('',#2399,1.);
#2399 = DIRECTION('',(0.,0.,1.));
#2400 = ORIENTED_EDGE('',*,*,#2401,.T.);
#2401 = EDGE_CURVE('',#2394,#2394,#2402,.T.);
#2402 = CIRCLE('',#2403,1.27);
#2403 = AXIS2_PLACEMENT_3D('',#2404,#2405,#2406);
#2404 = CARTESIAN_POINT('',(22.225,3.937,4.445));
#2405 = DIRECTION('',(0.,0.,1.));
#2406 = DIRECTION('',(1.,0.,0.));
#2407 = ORIENTED_EDGE('',*,*,#2393,.F.);
#2408 = ORIENTED_EDGE('',*,*,#2044,.F.);
#2409 = CYLINDRICAL_SURFACE('',#2410,1.27);
#2410 = AXIS2_PLACEMENT_3D('',#2411,#2412,#2413);
#2411 = CARTESIAN_POINT('',(22.225,3.937,2.032));
#2412 = DIRECTION('',(-0.,-0.,-1.));
#2413 = DIRECTION('',(1.,0.,0.));
#2414 = ADVANCED_FACE('',(#2415),#2434,.T.);
#2415 = FACE_BOUND('',#2416,.F.);
#2416 = EDGE_LOOP('',(#2417,#2425,#2432,#2433));
#2417 = ORIENTED_EDGE('',*,*,#2418,.T.);
#2418 = EDGE_CURVE('',#2056,#2419,#2421,.T.);
#2419 = VERTEX_POINT('',#2420);
#2420 = CARTESIAN_POINT('',(5.207,46.863,4.445));
#2421 = LINE('',#2422,#2423);
#2422 = CARTESIAN_POINT('',(5.207,46.863,2.032));
#2423 = VECTOR('',#2424,1.);
#2424 = DIRECTION('',(0.,0.,1.));
#2425 = ORIENTED_EDGE('',*,*,#2426,.T.);
#2426 = EDGE_CURVE('',#2419,#2419,#2427,.T.);
#2427 = CIRCLE('',#2428,1.27);
#2428 = AXIS2_PLACEMENT_3D('',#2429,#2430,#2431);
#2429 = CARTESIAN_POINT('',(3.937,46.863,4.445));
#2430 = DIRECTION('',(0.,0.,1.));
#2431 = DIRECTION('',(1.,0.,0.));
#2432 = ORIENTED_EDGE('',*,*,#2418,.F.);
#2433 = ORIENTED_EDGE('',*,*,#2055,.F.);
#2434 = CYLINDRICAL_SURFACE('',#2435,1.27);
#2435 = AXIS2_PLACEMENT_3D('',#2436,#2437,#2438);
#2436 = CARTESIAN_POINT('',(3.937,46.863,2.032));
#2437 = DIRECTION('',(-0.,-0.,-1.));
#2438 = DIRECTION('',(1.,0.,0.));
#2439 = ADVANCED_FACE('',(#2440),#2459,.T.);
#2440 = FACE_BOUND('',#2441,.F.);
#2441 = EDGE_LOOP('',(#2442,#2450,#2457,#2458));
#2442 = ORIENTED_EDGE('',*,*,#2443,.T.);
#2443 = EDGE_CURVE('',#2067,#2444,#2446,.T.);
#2444 = VERTEX_POINT('',#2445);
#2445 = CARTESIAN_POINT('',(23.495,46.863,4.445));
#2446 = LINE('',#2447,#2448);
#2447 = CARTESIAN_POINT('',(23.495,46.863,2.032));
#2448 = VECTOR('',#2449,1.);
#2449 = DIRECTION('',(0.,0.,1.));
#2450 = ORIENTED_EDGE('',*,*,#2451,.T.);
#2451 = EDGE_CURVE('',#2444,#2444,#2452,.T.);
#2452 = CIRCLE('',#2453,1.27);
#2453 = AXIS2_PLACEMENT_3D('',#2454,#2455,#2456);
#2454 = CARTESIAN_POINT('',(22.225,46.863,4.445));
#2455 = DIRECTION('',(0.,0.,1.));
#2456 = DIRECTION('',(1.,0.,0.));
#2457 = ORIENTED_EDGE('',*,*,#2443,.F.);
#2458 = ORIENTED_EDGE('',*,*,#2066,.F.);
#2459 = CYLINDRICAL_SURFACE('',#2460,1.27);
#2460 = AXIS2_PLACEMENT_3D('',#2461,#2462,#2463);
#2461 = CARTESIAN_POINT('',(22.225,46.863,2.032));
#2462 = DIRECTION('',(-0.,-0.,-1.));
#2463 = DIRECTION('',(1.,0.,0.));
#2464 = ADVANCED_FACE('',(#2465),#2476,.F.);
#2465 = FACE_BOUND('',#2466,.F.);
#2466 = EDGE_LOOP('',(#2467,#2468,#2469,#2475));
#2467 = ORIENTED_EDGE('',*,*,#2295,.T.);
#2468 = ORIENTED_EDGE('',*,*,#2134,.F.);
#2469 = ORIENTED_EDGE('',*,*,#2470,.T.);
#2470 = EDGE_CURVE('',#2135,#2318,#2471,.T.);
#2471 = LINE('',#2472,#2473);
#2472 = CARTESIAN_POINT('',(2.032,16.891,4.4958));
#2473 = VECTOR('',#2474,1.);
#2474 = DIRECTION('',(0.,0.,-1.));
#2475 = ORIENTED_EDGE('',*,*,#2317,.F.);
#2476 = PLANE('',#2477);
#2477 = AXIS2_PLACEMENT_3D('',#2478,#2479,#2480);
#2478 = CARTESIAN_POINT('',(0.,16.891,8.9916));
#2479 = DIRECTION('',(0.,1.,0.));
#2480 = DIRECTION('',(0.,0.,-1.));
#2481 = ADVANCED_FACE('',(#2482),#2488,.T.);
#2482 = FACE_BOUND('',#2483,.T.);
#2483 = EDGE_LOOP('',(#2484,#2485,#2486,#2487));
#2484 = ORIENTED_EDGE('',*,*,#2352,.T.);
#2485 = ORIENTED_EDGE('',*,*,#2302,.T.);
#2486 = ORIENTED_EDGE('',*,*,#2117,.F.);
#2487 = ORIENTED_EDGE('',*,*,#2254,.F.);
#2488 = CYLINDRICAL_SURFACE('',#2489,1.524);
#2489 = AXIS2_PLACEMENT_3D('',#2490,#2491,#2492);
#2490 = CARTESIAN_POINT('',(2.54,48.26,8.636));
#2491 = DIRECTION('',(0.,0.,1.));
#2492 = DIRECTION('',(0.,-1.,0.));
#2493 = ADVANCED_FACE('',(#2494),#2497,.T.);
#2494 = FACE_BOUND('',#2495,.T.);
#2495 = EDGE_LOOP('',(#2496));
#2496 = ORIENTED_EDGE('',*,*,#2376,.T.);
#2497 = PLANE('',#2498);
#2498 = AXIS2_PLACEMENT_3D('',#2499,#2500,#2501);
#2499 = CARTESIAN_POINT('',(13.081,25.4,4.445));
#2500 = DIRECTION('',(0.,0.,1.));
#2501 = DIRECTION('',(1.,0.,0.));
#2502 = ADVANCED_FACE('',(#2503),#2506,.T.);
#2503 = FACE_BOUND('',#2504,.T.);
#2504 = EDGE_LOOP('',(#2505));
#2505 = ORIENTED_EDGE('',*,*,#2401,.T.);
#2506 = PLANE('',#2507);
#2507 = AXIS2_PLACEMENT_3D('',#2508,#2509,#2510);
#2508 = CARTESIAN_POINT('',(13.081,25.4,4.445));
#2509 = DIRECTION('',(0.,0.,1.));
#2510 = DIRECTION('',(1.,0.,0.));
#2511 = ADVANCED_FACE('',(#2512),#2515,.T.);
#2512 = FACE_BOUND('',#2513,.T.);
#2513 = EDGE_LOOP('',(#2514));
#2514 = ORIENTED_EDGE('',*,*,#2426,.T.);
#2515 = PLANE('',#2516);
#2516 = AXIS2_PLACEMENT_3D('',#2517,#2518,#2519);
#2517 = CARTESIAN_POINT('',(13.081,25.4,4.445));
#2518 = DIRECTION('',(0.,0.,1.));
#2519 = DIRECTION('',(1.,0.,0.));
#2520 = ADVANCED_FACE('',(#2521),#2524,.T.);
#2521 = FACE_BOUND('',#2522,.T.);
#2522 = EDGE_LOOP('',(#2523));
#2523 = ORIENTED_EDGE('',*,*,#2451,.T.);
#2524 = PLANE('',#2525);
#2525 = AXIS2_PLACEMENT_3D('',#2526,#2527,#2528);
#2526 = CARTESIAN_POINT('',(13.081,25.4,4.445));
#2527 = DIRECTION('',(0.,0.,1.));
#2528 = DIRECTION('',(1.,0.,0.));
#2529 = ADVANCED_FACE('',(#2530),#2547,.T.);
#2530 = FACE_BOUND('',#2531,.T.);
#2531 = EDGE_LOOP('',(#2532,#2533,#2534,#2535,#2536,#2537,#2543,#2544,
    #2545,#2546));
#2532 = ORIENTED_EDGE('',*,*,#797,.T.);
#2533 = ORIENTED_EDGE('',*,*,#294,.T.);
#2534 = ORIENTED_EDGE('',*,*,#180,.F.);
#2535 = ORIENTED_EDGE('',*,*,#309,.F.);
#2536 = ORIENTED_EDGE('',*,*,#954,.F.);
#2537 = ORIENTED_EDGE('',*,*,#2538,.F.);
#2538 = EDGE_CURVE('',#1683,#955,#2539,.T.);
#2539 = LINE('',#2540,#2541);
#2540 = CARTESIAN_POINT('',(0.,15.621,7.0358));
#2541 = VECTOR('',#2542,1.);
#2542 = DIRECTION('',(0.,-1.,0.));
#2543 = ORIENTED_EDGE('',*,*,#1682,.F.);
#2544 = ORIENTED_EDGE('',*,*,#1634,.T.);
#2545 = ORIENTED_EDGE('',*,*,#818,.F.);
#2546 = ORIENTED_EDGE('',*,*,#891,.F.);
#2547 = PLANE('',#2548);
#2548 = AXIS2_PLACEMENT_3D('',#2549,#2550,#2551);
#2549 = CARTESIAN_POINT('',(-4.E-17,24.80872301914,4.449150606436));
#2550 = DIRECTION('',(-1.,-0.,-0.));
#2551 = DIRECTION('',(0.,0.,-1.));
#2552 = ADVANCED_FACE('',(#2553),#2566,.T.);
#2553 = FACE_BOUND('',#2554,.T.);
#2554 = EDGE_LOOP('',(#2555,#2556,#2557,#2558,#2564,#2565));
#2555 = ORIENTED_EDGE('',*,*,#2538,.T.);
#2556 = ORIENTED_EDGE('',*,*,#963,.T.);
#2557 = ORIENTED_EDGE('',*,*,#1900,.T.);
#2558 = ORIENTED_EDGE('',*,*,#2559,.F.);
#2559 = EDGE_CURVE('',#2326,#1901,#2560,.T.);
#2560 = LINE('',#2561,#2562);
#2561 = CARTESIAN_POINT('',(2.032,33.2105,7.0358));
#2562 = VECTOR('',#2563,1.);
#2563 = DIRECTION('',(0.,-1.,0.));
#2564 = ORIENTED_EDGE('',*,*,#2334,.F.);
#2565 = ORIENTED_EDGE('',*,*,#1795,.F.);
#2566 = PLANE('',#2567);
#2567 = AXIS2_PLACEMENT_3D('',#2568,#2569,#2570);
#2568 = CARTESIAN_POINT('',(1.016,12.4079,7.0358));
#2569 = DIRECTION('',(0.,0.,1.));
#2570 = DIRECTION('',(1.,0.,-0.));
#2571 = ADVANCED_FACE('',(#2572),#2584,.T.);
#2572 = FACE_BOUND('',#2573,.T.);
#2573 = EDGE_LOOP('',(#2574,#2575,#2576,#2577,#2578,#2579,#2580,#2581,
    #2582,#2583));
#2574 = ORIENTED_EDGE('',*,*,#2016,.F.);
#2575 = ORIENTED_EDGE('',*,*,#2084,.T.);
#2576 = ORIENTED_EDGE('',*,*,#2142,.T.);
#2577 = ORIENTED_EDGE('',*,*,#2470,.T.);
#2578 = ORIENTED_EDGE('',*,*,#2325,.T.);
#2579 = ORIENTED_EDGE('',*,*,#2559,.T.);
#2580 = ORIENTED_EDGE('',*,*,#1908,.T.);
#2581 = ORIENTED_EDGE('',*,*,#1884,.T.);
#2582 = ORIENTED_EDGE('',*,*,#1332,.T.);
#2583 = ORIENTED_EDGE('',*,*,#2159,.T.);
#2584 = PLANE('',#2585);
#2585 = AXIS2_PLACEMENT_3D('',#2586,#2587,#2588);
#2586 = CARTESIAN_POINT('',(2.032,25.148613880312,5.259101906768));
#2587 = DIRECTION('',(1.,0.,0.));
#2588 = DIRECTION('',(0.,0.,1.));
#2589 = ( GEOMETRIC_REPRESENTATION_CONTEXT(3) 
GLOBAL_UNCERTAINTY_ASSIGNED_CONTEXT((#2593)) 
GLOBAL_UNIT_ASSIGNED_CONTEXT((#2590,#2591,#2592)) REPRESENTATION_CONTEXT
('Context #1','3D Context with UNIT and UNCERTAINTY') );
#2590 = ( LENGTH_UNIT() NAMED_UNIT(*) SI_UNIT(.MILLI.,.METRE.) );
#2591 = ( NAMED_UNIT(*) PLANE_ANGLE_UNIT() SI_UNIT($,.RADIAN.) );
#2592 = ( NAMED_UNIT(*) SI_UNIT($,.STERADIAN.) SOLID_ANGLE_UNIT() );
#2593 = UNCERTAINTY_MEASURE_WITH_UNIT(LENGTH_MEASURE(5.E-06),#2590,
  'distance_accuracy_value','confusion accuracy');
#2594 = PRODUCT_RELATED_PRODUCT_CATEGORY('part',$,(#7));
#2595 = MECHANICAL_DESIGN_GEOMETRIC_PRESENTATION_REPRESENTATION('',(
    #2596),#2589);
#2596 = STYLED_ITEM('color',(#2597),#15);
#2597 = PRESENTATION_STYLE_ASSIGNMENT((#2598,#2604));
#2598 = SURFACE_STYLE_USAGE(.BOTH.,#2599);
#2599 = SURFACE_SIDE_STYLE('',(#2600));
#2600 = SURFACE_STYLE_FILL_AREA(#2601);
#2601 = FILL_AREA_STYLE('',(#2602));
#2602 = FILL_AREA_STYLE_COLOUR('',#2603);
#2603 = COLOUR_RGB('',0.447058818107,0.474509808674,0.501960817233);
#2604 = CURVE_STYLE('',#2605,POSITIVE_LENGTH_MEASURE(0.1),#2606);
#2605 = DRAUGHTING_PRE_DEFINED_CURVE_FONT('continuous');
#2606 = COLOUR_RGB('',9.803921802644E-02,9.803921802644E-02,
  9.803921802644E-02);
ENDSEC;
END-ISO-10303-21;
