ISO-10303-21;
HEADER;
FILE_DESCRIPTION(('FreeCAD Model'),'2;1');
FILE_NAME('Open CASCADE Shape Model','2026-08-27T09:43:35',(''),(''),
  'Open CASCADE STEP processor 7.8','FreeCAD','Unknown');
FILE_SCHEMA(('AUTOMOTIVE_DESIGN { 1 0 10303 214 1 1 1 1 }'));
ENDSEC;
DATA;
#1 = APPLICATION_PROTOCOL_DEFINITION('international standard',
  'automotive_design',2000,#2);
#2 = APPLICATION_CONTEXT(
  'core data for automotive mechanical design processes');
#3 = SHAPE_DEFINITION_REPRESENTATION(#4,#10);
#4 = PRODUCT_DEFINITION_SHAPE('','',#5);
#5 = PRODUCT_DEFINITION('design','',#6,#9);
#6 = PRODUCT_DEFINITION_FORMATION('','',#7);
#7 = PRODUCT('Case Top','Case Top','',(#8));
#8 = PRODUCT_CONTEXT('',#2,'mechanical');
#9 = PRODUCT_DEFINITION_CONTEXT('part definition',#2,'design');
#10 = ADVANCED_BREP_SHAPE_REPRESENTATION('',(#11,#15),#6317);
#11 = AXIS2_PLACEMENT_3D('',#12,#13,#14);
#12 = CARTESIAN_POINT('',(0.,0.,0.));
#13 = DIRECTION('',(0.,0.,1.));
#14 = DIRECTION('',(1.,0.,-0.));
#15 = MANIFOLD_SOLID_BREP('',#16);
#16 = CLOSED_SHELL('',(#17,#59,#306,#338,#463,#897,#921,#946,#977,#1002,
    #1027,#1044,#1075,#1100,#1124,#1142,#1173,#1198,#1222,#1240,#1271,
    #1296,#1320,#1338,#1369,#1394,#1418,#1436,#1467,#1492,#1516,#1534,
    #1558,#1610,#1667,#1691,#1716,#1740,#1765,#1789,#1814,#1838,#1895,
    #1969,#1994,#2515,#2539,#2589,#2646,#2671,#2695,#2713,#2744,#2769,
    #2794,#2811,#2842,#2867,#2891,#2909,#2940,#2965,#2989,#3007,#3038,
    #3063,#3087,#3105,#3136,#3161,#3185,#3203,#3234,#3259,#3283,#3301,
    #3332,#3357,#3381,#3399,#3430,#3455,#3479,#3497,#3528,#3553,#3577,
    #3595,#3626,#3651,#3675,#3693,#3710,#3786,#3803,#3820,#3837,#3849,
    #3960,#4068,#4092,#4110,#4136,#4161,#4187,#4212,#4238,#4255,#4272,
    #4346,#4363,#4411,#4428,#4440,#4471,#4496,#4520,#4538,#4569,#4594,
    #4619,#4636,#4667,#4692,#4716,#4734,#4765,#4790,#4814,#4832,#4863,
    #4888,#4912,#4930,#4961,#4986,#5010,#5028,#5059,#5084,#5108,#5126,
    #5157,#5182,#5206,#5224,#5255,#5280,#5304,#5322,#5353,#5378,#5402,
    #5420,#5451,#5476,#5500,#5518,#5549,#5574,#5598,#5616,#5647,#5672,
    #5696,#5714,#5745,#5770,#5794,#5812,#5836,#5861,#5878,#5903,#5927,
    #5962,#5980,#6005,#6040,#6052,#6153,#6165,#6182,#6199,#6216,#6233,
    #6245,#6269,#6287,#6305));
#17 = ADVANCED_FACE('',(#18),#54,.T.);
#18 = FACE_BOUND('',#19,.F.);
#19 = EDGE_LOOP('',(#20,#30,#39,#47));
#20 = ORIENTED_EDGE('',*,*,#21,.F.);
#21 = EDGE_CURVE('',#22,#24,#26,.T.);
#22 = VERTEX_POINT('',#23);
#23 = CARTESIAN_POINT('',(2.54,0.,0.));
#24 = VERTEX_POINT('',#25);
#25 = CARTESIAN_POINT('',(2.54,-1.E-15,10.287));
#26 = LINE('',#27,#28);
#27 = CARTESIAN_POINT('',(2.54,-4.4E-16,0.));
#28 = VECTOR('',#29,1.);
#29 = DIRECTION('',(0.,0.,1.));
#30 = ORIENTED_EDGE('',*,*,#31,.T.);
#31 = EDGE_CURVE('',#22,#32,#34,.T.);
#32 = VERTEX_POINT('',#33);
#33 = CARTESIAN_POINT('',(0.,2.54,0.));
#34 = CIRCLE('',#35,2.54);
#35 = AXIS2_PLACEMENT_3D('',#36,#37,#38);
#36 = CARTESIAN_POINT('',(2.54,2.54,0.));
#37 = DIRECTION('',(-0.,-0.,-1.));
#38 = DIRECTION('',(0.,-1.,0.));
#39 = ORIENTED_EDGE('',*,*,#40,.T.);
#40 = EDGE_CURVE('',#32,#41,#43,.T.);
#41 = VERTEX_POINT('',#42);
#42 = CARTESIAN_POINT('',(0.,2.54,10.287));
#43 = LINE('',#44,#45);
#44 = CARTESIAN_POINT('',(-4.4E-16,2.54,0.));
#45 = VECTOR('',#46,1.);
#46 = DIRECTION('',(0.,0.,1.));
#47 = ORIENTED_EDGE('',*,*,#48,.T.);
#48 = EDGE_CURVE('',#41,#24,#49,.T.);
#49 = CIRCLE('',#50,2.54);
#50 = AXIS2_PLACEMENT_3D('',#51,#52,#53);
#51 = CARTESIAN_POINT('',(2.54,2.54,10.287));
#52 = DIRECTION('',(0.,0.,1.));
#53 = DIRECTION('',(-1.,5.2E-16,0.));
#54 = CYLINDRICAL_SURFACE('',#55,2.54);
#55 = AXIS2_PLACEMENT_3D('',#56,#57,#58);
#56 = CARTESIAN_POINT('',(2.54,2.54,0.));
#57 = DIRECTION('',(0.,0.,1.));
#58 = DIRECTION('',(0.,-1.,0.));
#59 = ADVANCED_FACE('',(#60,#85,#121,#157,#193,#229,#265),#301,.F.);
#60 = FACE_BOUND('',#61,.F.);
#61 = EDGE_LOOP('',(#62,#63,#71,#79));
#62 = ORIENTED_EDGE('',*,*,#21,.T.);
#63 = ORIENTED_EDGE('',*,*,#64,.T.);
#64 = EDGE_CURVE('',#24,#65,#67,.T.);
#65 = VERTEX_POINT('',#66);
#66 = CARTESIAN_POINT('',(23.622,0.,10.287));
#67 = LINE('',#68,#69);
#68 = CARTESIAN_POINT('',(2.54,0.,10.287));
#69 = VECTOR('',#70,1.);
#70 = DIRECTION('',(1.,0.,0.));
#71 = ORIENTED_EDGE('',*,*,#72,.F.);
#72 = EDGE_CURVE('',#73,#65,#75,.T.);
#73 = VERTEX_POINT('',#74);
#74 = CARTESIAN_POINT('',(23.622,0.,0.));
#75 = LINE('',#76,#77);
#76 = CARTESIAN_POINT('',(23.622,-4.4E-16,0.));
#77 = VECTOR('',#78,1.);
#78 = DIRECTION('',(0.,0.,1.));
#79 = ORIENTED_EDGE('',*,*,#80,.F.);
#80 = EDGE_CURVE('',#22,#73,#81,.T.);
#81 = LINE('',#82,#83);
#82 = CARTESIAN_POINT('',(0.,0.,0.));
#83 = VECTOR('',#84,1.);
#84 = DIRECTION('',(1.,0.,0.));
#85 = FACE_BOUND('',#86,.F.);
#86 = EDGE_LOOP('',(#87,#97,#106,#114));
#87 = ORIENTED_EDGE('',*,*,#88,.F.);
#88 = EDGE_CURVE('',#89,#91,#93,.T.);
#89 = VERTEX_POINT('',#90);
#90 = CARTESIAN_POINT('',(3.373393470729,1.E-15,3.878035124968));
#91 = VERTEX_POINT('',#92);
#92 = CARTESIAN_POINT('',(5.801457534212,2.E-15,9.085035124972));
#93 = LINE('',#94,#95);
#94 = CARTESIAN_POINT('',(3.373393470729,0.,3.878035124968));
#95 = VECTOR('',#96,1.);
#96 = DIRECTION('',(0.422618274246,0.,0.906307781205));
#97 = ORIENTED_EDGE('',*,*,#98,.T.);
#98 = EDGE_CURVE('',#89,#99,#101,.T.);
#99 = VERTEX_POINT('',#100);
#100 = CARTESIAN_POINT('',(4.754606529263,1.E-15,3.233964875014));
#101 = CIRCLE('',#102,0.76199999999);
#102 = AXIS2_PLACEMENT_3D('',#103,#104,#105);
#103 = CARTESIAN_POINT('',(4.064,0.,3.556));
#104 = DIRECTION('',(0.,-1.,0.));
#105 = DIRECTION('',(1.,0.,0.));
#106 = ORIENTED_EDGE('',*,*,#107,.T.);
#107 = EDGE_CURVE('',#99,#108,#110,.T.);
#108 = VERTEX_POINT('',#109);
#109 = CARTESIAN_POINT('',(7.182670592751,2.E-15,8.44096487503));
#110 = LINE('',#111,#112);
#111 = CARTESIAN_POINT('',(4.754606529263,0.,3.233964875014));
#112 = VECTOR('',#113,1.);
#113 = DIRECTION('',(0.422618274246,0.,0.906307781205));
#114 = ORIENTED_EDGE('',*,*,#115,.T.);
#115 = EDGE_CURVE('',#108,#91,#116,.T.);
#116 = CIRCLE('',#117,0.76199999999);
#117 = AXIS2_PLACEMENT_3D('',#118,#119,#120);
#118 = CARTESIAN_POINT('',(6.492064063481,0.,8.763));
#119 = DIRECTION('',(0.,-1.,0.));
#120 = DIRECTION('',(1.,0.,0.));
#121 = FACE_BOUND('',#122,.F.);
#122 = EDGE_LOOP('',(#123,#133,#142,#150));
#123 = ORIENTED_EDGE('',*,*,#124,.F.);
#124 = EDGE_CURVE('',#125,#127,#129,.T.);
#125 = VERTEX_POINT('',#126);
#126 = CARTESIAN_POINT('',(9.469393470729,1.E-15,3.878035124968));
#127 = VERTEX_POINT('',#128);
#128 = CARTESIAN_POINT('',(11.897457534212,2.E-15,9.085035124972));
#129 = LINE('',#130,#131);
#130 = CARTESIAN_POINT('',(9.469393470729,0.,3.878035124968));
#131 = VECTOR('',#132,1.);
#132 = DIRECTION('',(0.422618274246,0.,0.906307781205));
#133 = ORIENTED_EDGE('',*,*,#134,.T.);
#134 = EDGE_CURVE('',#125,#135,#137,.T.);
#135 = VERTEX_POINT('',#136);
#136 = CARTESIAN_POINT('',(10.850606529263,1.E-15,3.233964875014));
#137 = CIRCLE('',#138,0.76199999999);
#138 = AXIS2_PLACEMENT_3D('',#139,#140,#141);
#139 = CARTESIAN_POINT('',(10.16,0.,3.556));
#140 = DIRECTION('',(0.,-1.,0.));
#141 = DIRECTION('',(1.,0.,0.));
#142 = ORIENTED_EDGE('',*,*,#143,.T.);
#143 = EDGE_CURVE('',#135,#144,#146,.T.);
#144 = VERTEX_POINT('',#145);
#145 = CARTESIAN_POINT('',(13.278670592751,2.E-15,8.44096487503));
#146 = LINE('',#147,#148);
#147 = CARTESIAN_POINT('',(10.850606529263,0.,3.233964875014));
#148 = VECTOR('',#149,1.);
#149 = DIRECTION('',(0.422618274246,0.,0.906307781205));
#150 = ORIENTED_EDGE('',*,*,#151,.T.);
#151 = EDGE_CURVE('',#144,#127,#152,.T.);
#152 = CIRCLE('',#153,0.76199999999);
#153 = AXIS2_PLACEMENT_3D('',#154,#155,#156);
#154 = CARTESIAN_POINT('',(12.588064063481,0.,8.763));
#155 = DIRECTION('',(0.,-1.,0.));
#156 = DIRECTION('',(1.,0.,0.));
#157 = FACE_BOUND('',#158,.F.);
#158 = EDGE_LOOP('',(#159,#169,#178,#186));
#159 = ORIENTED_EDGE('',*,*,#160,.F.);
#160 = EDGE_CURVE('',#161,#163,#165,.T.);
#161 = VERTEX_POINT('',#162);
#162 = CARTESIAN_POINT('',(12.517393470729,1.E-15,3.878035124968));
#163 = VERTEX_POINT('',#164);
#164 = CARTESIAN_POINT('',(14.945457534212,2.E-15,9.085035124972));
#165 = LINE('',#166,#167);
#166 = CARTESIAN_POINT('',(12.517393470729,0.,3.878035124968));
#167 = VECTOR('',#168,1.);
#168 = DIRECTION('',(0.422618274246,0.,0.906307781205));
#169 = ORIENTED_EDGE('',*,*,#170,.T.);
#170 = EDGE_CURVE('',#161,#171,#173,.T.);
#171 = VERTEX_POINT('',#172);
#172 = CARTESIAN_POINT('',(13.898606529263,1.E-15,3.233964875014));
#173 = CIRCLE('',#174,0.76199999999);
#174 = AXIS2_PLACEMENT_3D('',#175,#176,#177);
#175 = CARTESIAN_POINT('',(13.208,0.,3.556));
#176 = DIRECTION('',(0.,-1.,0.));
#177 = DIRECTION('',(1.,0.,0.));
#178 = ORIENTED_EDGE('',*,*,#179,.T.);
#179 = EDGE_CURVE('',#171,#180,#182,.T.);
#180 = VERTEX_POINT('',#181);
#181 = CARTESIAN_POINT('',(16.326670592751,2.E-15,8.44096487503));
#182 = LINE('',#183,#184);
#183 = CARTESIAN_POINT('',(13.898606529263,0.,3.233964875014));
#184 = VECTOR('',#185,1.);
#185 = DIRECTION('',(0.422618274246,0.,0.906307781205));
#186 = ORIENTED_EDGE('',*,*,#187,.T.);
#187 = EDGE_CURVE('',#180,#163,#188,.T.);
#188 = CIRCLE('',#189,0.76199999999);
#189 = AXIS2_PLACEMENT_3D('',#190,#191,#192);
#190 = CARTESIAN_POINT('',(15.636064063481,0.,8.763));
#191 = DIRECTION('',(0.,-1.,0.));
#192 = DIRECTION('',(1.,0.,0.));
#193 = FACE_BOUND('',#194,.F.);
#194 = EDGE_LOOP('',(#195,#205,#214,#222));
#195 = ORIENTED_EDGE('',*,*,#196,.F.);
#196 = EDGE_CURVE('',#197,#199,#201,.T.);
#197 = VERTEX_POINT('',#198);
#198 = CARTESIAN_POINT('',(15.565393470729,1.E-15,3.878035124968));
#199 = VERTEX_POINT('',#200);
#200 = CARTESIAN_POINT('',(17.993457534212,2.E-15,9.085035124972));
#201 = LINE('',#202,#203);
#202 = CARTESIAN_POINT('',(15.565393470729,0.,3.878035124968));
#203 = VECTOR('',#204,1.);
#204 = DIRECTION('',(0.422618274246,0.,0.906307781205));
#205 = ORIENTED_EDGE('',*,*,#206,.T.);
#206 = EDGE_CURVE('',#197,#207,#209,.T.);
#207 = VERTEX_POINT('',#208);
#208 = CARTESIAN_POINT('',(16.946606529263,1.E-15,3.233964875014));
#209 = CIRCLE('',#210,0.76199999999);
#210 = AXIS2_PLACEMENT_3D('',#211,#212,#213);
#211 = CARTESIAN_POINT('',(16.256,0.,3.556));
#212 = DIRECTION('',(0.,-1.,0.));
#213 = DIRECTION('',(1.,0.,0.));
#214 = ORIENTED_EDGE('',*,*,#215,.T.);
#215 = EDGE_CURVE('',#207,#216,#218,.T.);
#216 = VERTEX_POINT('',#217);
#217 = CARTESIAN_POINT('',(19.374670592751,2.E-15,8.44096487503));
#218 = LINE('',#219,#220);
#219 = CARTESIAN_POINT('',(16.946606529263,0.,3.233964875014));
#220 = VECTOR('',#221,1.);
#221 = DIRECTION('',(0.422618274246,0.,0.906307781205));
#222 = ORIENTED_EDGE('',*,*,#223,.T.);
#223 = EDGE_CURVE('',#216,#199,#224,.T.);
#224 = CIRCLE('',#225,0.76199999999);
#225 = AXIS2_PLACEMENT_3D('',#226,#227,#228);
#226 = CARTESIAN_POINT('',(18.684064063481,0.,8.763));
#227 = DIRECTION('',(0.,-1.,0.));
#228 = DIRECTION('',(1.,0.,0.));
#229 = FACE_BOUND('',#230,.F.);
#230 = EDGE_LOOP('',(#231,#241,#250,#258));
#231 = ORIENTED_EDGE('',*,*,#232,.F.);
#232 = EDGE_CURVE('',#233,#235,#237,.T.);
#233 = VERTEX_POINT('',#234);
#234 = CARTESIAN_POINT('',(18.613393470729,1.E-15,3.878035124968));
#235 = VERTEX_POINT('',#236);
#236 = CARTESIAN_POINT('',(21.041457534212,2.E-15,9.085035124972));
#237 = LINE('',#238,#239);
#238 = CARTESIAN_POINT('',(18.613393470729,0.,3.878035124968));
#239 = VECTOR('',#240,1.);
#240 = DIRECTION('',(0.422618274246,0.,0.906307781205));
#241 = ORIENTED_EDGE('',*,*,#242,.T.);
#242 = EDGE_CURVE('',#233,#243,#245,.T.);
#243 = VERTEX_POINT('',#244);
#244 = CARTESIAN_POINT('',(19.994606529263,1.E-15,3.233964875014));
#245 = CIRCLE('',#246,0.76199999999);
#246 = AXIS2_PLACEMENT_3D('',#247,#248,#249);
#247 = CARTESIAN_POINT('',(19.304,0.,3.556));
#248 = DIRECTION('',(0.,-1.,0.));
#249 = DIRECTION('',(1.,0.,0.));
#250 = ORIENTED_EDGE('',*,*,#251,.T.);
#251 = EDGE_CURVE('',#243,#252,#254,.T.);
#252 = VERTEX_POINT('',#253);
#253 = CARTESIAN_POINT('',(22.422670592751,2.E-15,8.44096487503));
#254 = LINE('',#255,#256);
#255 = CARTESIAN_POINT('',(19.994606529263,0.,3.233964875014));
#256 = VECTOR('',#257,1.);
#257 = DIRECTION('',(0.422618274246,0.,0.906307781205));
#258 = ORIENTED_EDGE('',*,*,#259,.T.);
#259 = EDGE_CURVE('',#252,#235,#260,.T.);
#260 = CIRCLE('',#261,0.76199999999);
#261 = AXIS2_PLACEMENT_3D('',#262,#263,#264);
#262 = CARTESIAN_POINT('',(21.732064063481,0.,8.763));
#263 = DIRECTION('',(0.,-1.,0.));
#264 = DIRECTION('',(1.,0.,0.));
#265 = FACE_BOUND('',#266,.F.);
#266 = EDGE_LOOP('',(#267,#277,#286,#294));
#267 = ORIENTED_EDGE('',*,*,#268,.F.);
#268 = EDGE_CURVE('',#269,#271,#273,.T.);
#269 = VERTEX_POINT('',#270);
#270 = CARTESIAN_POINT('',(6.421393470729,1.E-15,3.878035124968));
#271 = VERTEX_POINT('',#272);
#272 = CARTESIAN_POINT('',(8.849457534212,2.E-15,9.085035124972));
#273 = LINE('',#274,#275);
#274 = CARTESIAN_POINT('',(6.421393470729,0.,3.878035124968));
#275 = VECTOR('',#276,1.);
#276 = DIRECTION('',(0.422618274246,0.,0.906307781205));
#277 = ORIENTED_EDGE('',*,*,#278,.T.);
#278 = EDGE_CURVE('',#269,#279,#281,.T.);
#279 = VERTEX_POINT('',#280);
#280 = CARTESIAN_POINT('',(7.802606529263,1.E-15,3.233964875014));
#281 = CIRCLE('',#282,0.76199999999);
#282 = AXIS2_PLACEMENT_3D('',#283,#284,#285);
#283 = CARTESIAN_POINT('',(7.112,0.,3.556));
#284 = DIRECTION('',(0.,-1.,0.));
#285 = DIRECTION('',(1.,0.,0.));
#286 = ORIENTED_EDGE('',*,*,#287,.T.);
#287 = EDGE_CURVE('',#279,#288,#290,.T.);
#288 = VERTEX_POINT('',#289);
#289 = CARTESIAN_POINT('',(10.230670592751,2.E-15,8.44096487503));
#290 = LINE('',#291,#292);
#291 = CARTESIAN_POINT('',(7.802606529263,0.,3.233964875014));
#292 = VECTOR('',#293,1.);
#293 = DIRECTION('',(0.422618274246,0.,0.906307781205));
#294 = ORIENTED_EDGE('',*,*,#295,.T.);
#295 = EDGE_CURVE('',#288,#271,#296,.T.);
#296 = CIRCLE('',#297,0.76199999999);
#297 = AXIS2_PLACEMENT_3D('',#298,#299,#300);
#298 = CARTESIAN_POINT('',(9.540064063481,0.,8.763));
#299 = DIRECTION('',(0.,-1.,0.));
#300 = DIRECTION('',(1.,0.,0.));
#301 = PLANE('',#302);
#302 = AXIS2_PLACEMENT_3D('',#303,#304,#305);
#303 = CARTESIAN_POINT('',(0.,0.,0.));
#304 = DIRECTION('',(0.,1.,0.));
#305 = DIRECTION('',(1.,0.,0.));
#306 = ADVANCED_FACE('',(#307),#333,.T.);
#307 = FACE_BOUND('',#308,.T.);
#308 = EDGE_LOOP('',(#309,#317,#318,#326));
#309 = ORIENTED_EDGE('',*,*,#310,.F.);
#310 = EDGE_CURVE('',#41,#311,#313,.T.);
#311 = VERTEX_POINT('',#312);
#312 = CARTESIAN_POINT('',(1.099852262806,2.54,12.192));
#313 = LINE('',#314,#315);
#314 = CARTESIAN_POINT('',(0.549926131403,2.54,11.2395));
#315 = VECTOR('',#316,1.);
#316 = DIRECTION('',(0.5,0.,0.866025403784));
#317 = ORIENTED_EDGE('',*,*,#48,.T.);
#318 = ORIENTED_EDGE('',*,*,#319,.T.);
#319 = EDGE_CURVE('',#24,#320,#322,.T.);
#320 = VERTEX_POINT('',#321);
#321 = CARTESIAN_POINT('',(2.54,1.099852262806,12.192));
#322 = LINE('',#323,#324);
#323 = CARTESIAN_POINT('',(2.54,-8.9E-16,10.287));
#324 = VECTOR('',#325,1.);
#325 = DIRECTION('',(7.E-17,0.5,0.866025403784));
#326 = ORIENTED_EDGE('',*,*,#327,.F.);
#327 = EDGE_CURVE('',#311,#320,#328,.T.);
#328 = CIRCLE('',#329,1.440147737194);
#329 = AXIS2_PLACEMENT_3D('',#330,#331,#332);
#330 = CARTESIAN_POINT('',(2.54,2.54,12.192));
#331 = DIRECTION('',(0.,0.,1.));
#332 = DIRECTION('',(-1.,5.2E-16,0.));
#333 = CONICAL_SURFACE('',#334,2.54,0.523598775598);
#334 = AXIS2_PLACEMENT_3D('',#335,#336,#337);
#335 = CARTESIAN_POINT('',(2.54,2.54,10.287));
#336 = DIRECTION('',(-0.,-0.,-1.));
#337 = DIRECTION('',(-1.,5.2E-16,0.));
#338 = ADVANCED_FACE('',(#339),#458,.F.);
#339 = FACE_BOUND('',#340,.F.);
#340 = EDGE_LOOP('',(#341,#342,#343,#352,#360,#369,#377,#385,#393,#402,
    #410,#419,#427,#436,#444,#452));
#341 = ORIENTED_EDGE('',*,*,#31,.F.);
#342 = ORIENTED_EDGE('',*,*,#80,.T.);
#343 = ORIENTED_EDGE('',*,*,#344,.T.);
#344 = EDGE_CURVE('',#73,#345,#347,.T.);
#345 = VERTEX_POINT('',#346);
#346 = CARTESIAN_POINT('',(26.162,2.54,0.));
#347 = CIRCLE('',#348,2.54);
#348 = AXIS2_PLACEMENT_3D('',#349,#350,#351);
#349 = CARTESIAN_POINT('',(23.622,2.54,0.));
#350 = DIRECTION('',(-0.,0.,1.));
#351 = DIRECTION('',(0.,-1.,0.));
#352 = ORIENTED_EDGE('',*,*,#353,.T.);
#353 = EDGE_CURVE('',#345,#354,#356,.T.);
#354 = VERTEX_POINT('',#355);
#355 = CARTESIAN_POINT('',(26.162,48.26,0.));
#356 = LINE('',#357,#358);
#357 = CARTESIAN_POINT('',(26.162,0.,0.));
#358 = VECTOR('',#359,1.);
#359 = DIRECTION('',(0.,1.,0.));
#360 = ORIENTED_EDGE('',*,*,#361,.T.);
#361 = EDGE_CURVE('',#354,#362,#364,.T.);
#362 = VERTEX_POINT('',#363);
#363 = CARTESIAN_POINT('',(23.622,50.8,0.));
#364 = CIRCLE('',#365,2.54);
#365 = AXIS2_PLACEMENT_3D('',#366,#367,#368);
#366 = CARTESIAN_POINT('',(23.622,48.26,0.));
#367 = DIRECTION('',(-0.,0.,1.));
#368 = DIRECTION('',(0.,-1.,0.));
#369 = ORIENTED_EDGE('',*,*,#370,.T.);
#370 = EDGE_CURVE('',#362,#371,#373,.T.);
#371 = VERTEX_POINT('',#372);
#372 = CARTESIAN_POINT('',(18.796,50.8,0.));
#373 = LINE('',#374,#375);
#374 = CARTESIAN_POINT('',(26.162,50.8,0.));
#375 = VECTOR('',#376,1.);
#376 = DIRECTION('',(-1.,0.,0.));
#377 = ORIENTED_EDGE('',*,*,#378,.F.);
#378 = EDGE_CURVE('',#379,#371,#381,.T.);
#379 = VERTEX_POINT('',#380);
#380 = CARTESIAN_POINT('',(18.796,49.784,1.1E-14));
#381 = LINE('',#382,#383);
#382 = CARTESIAN_POINT('',(18.796,38.1,0.));
#383 = VECTOR('',#384,1.);
#384 = DIRECTION('',(0.,1.,0.));
#385 = ORIENTED_EDGE('',*,*,#386,.F.);
#386 = EDGE_CURVE('',#387,#379,#389,.T.);
#387 = VERTEX_POINT('',#388);
#388 = CARTESIAN_POINT('',(23.622,49.784,1.1E-14));
#389 = LINE('',#390,#391);
#390 = CARTESIAN_POINT('',(23.622,49.784,1.105E-14));
#391 = VECTOR('',#392,1.);
#392 = DIRECTION('',(-1.,0.,-2.2E-16));
#393 = ORIENTED_EDGE('',*,*,#394,.F.);
#394 = EDGE_CURVE('',#395,#387,#397,.T.);
#395 = VERTEX_POINT('',#396);
#396 = CARTESIAN_POINT('',(25.146,48.26,1.1E-14));
#397 = CIRCLE('',#398,1.524);
#398 = AXIS2_PLACEMENT_3D('',#399,#400,#401);
#399 = CARTESIAN_POINT('',(23.622,48.26,1.137E-14));
#400 = DIRECTION('',(-0.,1.2E-16,1.));
#401 = DIRECTION('',(0.,-1.,1.2E-16));
#402 = ORIENTED_EDGE('',*,*,#403,.F.);
#403 = EDGE_CURVE('',#404,#395,#406,.T.);
#404 = VERTEX_POINT('',#405);
#405 = CARTESIAN_POINT('',(25.146,2.54,1.7E-14));
#406 = LINE('',#407,#408);
#407 = CARTESIAN_POINT('',(25.146,2.54,1.696E-14));
#408 = VECTOR('',#409,1.);
#409 = DIRECTION('',(0.,1.,-3.4E-16));
#410 = ORIENTED_EDGE('',*,*,#411,.F.);
#411 = EDGE_CURVE('',#412,#404,#414,.T.);
#412 = VERTEX_POINT('',#413);
#413 = CARTESIAN_POINT('',(23.622,1.016,1.7E-14));
#414 = CIRCLE('',#415,1.524);
#415 = AXIS2_PLACEMENT_3D('',#416,#417,#418);
#416 = CARTESIAN_POINT('',(23.622,2.54,1.696E-14));
#417 = DIRECTION('',(-0.,1.2E-16,1.));
#418 = DIRECTION('',(0.,-1.,1.2E-16));
#419 = ORIENTED_EDGE('',*,*,#420,.F.);
#420 = EDGE_CURVE('',#421,#412,#423,.T.);
#421 = VERTEX_POINT('',#422);
#422 = CARTESIAN_POINT('',(2.54,1.016,1.7E-14));
#423 = LINE('',#424,#425);
#424 = CARTESIAN_POINT('',(2.54,1.016,1.715E-14));
#425 = VECTOR('',#426,1.);
#426 = DIRECTION('',(1.,0.,-2.2E-16));
#427 = ORIENTED_EDGE('',*,*,#428,.F.);
#428 = EDGE_CURVE('',#429,#421,#431,.T.);
#429 = VERTEX_POINT('',#430);
#430 = CARTESIAN_POINT('',(1.016,2.54,1.7E-14));
#431 = CIRCLE('',#432,1.524);
#432 = AXIS2_PLACEMENT_3D('',#433,#434,#435);
#433 = CARTESIAN_POINT('',(2.54,2.54,1.696E-14));
#434 = DIRECTION('',(-0.,1.2E-16,1.));
#435 = DIRECTION('',(0.,-1.,1.2E-16));
#436 = ORIENTED_EDGE('',*,*,#437,.F.);
#437 = EDGE_CURVE('',#438,#429,#440,.T.);
#438 = VERTEX_POINT('',#439);
#439 = CARTESIAN_POINT('',(1.016,7.9248,1.6E-14));
#440 = LINE('',#441,#442);
#441 = CARTESIAN_POINT('',(1.016,7.9248,1.63E-14));
#442 = VECTOR('',#443,1.);
#443 = DIRECTION('',(-0.,-1.,-1.E-16));
#444 = ORIENTED_EDGE('',*,*,#445,.F.);
#445 = EDGE_CURVE('',#446,#438,#448,.T.);
#446 = VERTEX_POINT('',#447);
#447 = CARTESIAN_POINT('',(0.,7.9248,0.));
#448 = LINE('',#449,#450);
#449 = CARTESIAN_POINT('',(0.,7.9248,0.));
#450 = VECTOR('',#451,1.);
#451 = DIRECTION('',(1.,0.,0.));
#452 = ORIENTED_EDGE('',*,*,#453,.T.);
#453 = EDGE_CURVE('',#446,#32,#454,.T.);
#454 = LINE('',#455,#456);
#455 = CARTESIAN_POINT('',(0.,50.8,0.));
#456 = VECTOR('',#457,1.);
#457 = DIRECTION('',(0.,-1.,0.));
#458 = PLANE('',#459);
#459 = AXIS2_PLACEMENT_3D('',#460,#461,#462);
#460 = CARTESIAN_POINT('',(13.081,25.4,0.));
#461 = DIRECTION('',(0.,0.,1.));
#462 = DIRECTION('',(1.,0.,0.));
#463 = ADVANCED_FACE('',(#464,#532,#568,#604,#640,#676,#712,#748,#784,
    #820,#856),#892,.F.);
#464 = FACE_BOUND('',#465,.F.);
#465 = EDGE_LOOP('',(#466,#476,#482,#483,#484,#492,#501,#509,#518,#526)
  );
#466 = ORIENTED_EDGE('',*,*,#467,.T.);
#467 = EDGE_CURVE('',#468,#470,#472,.T.);
#468 = VERTEX_POINT('',#469);
#469 = CARTESIAN_POINT('',(0.,48.26,0.));
#470 = VERTEX_POINT('',#471);
#471 = CARTESIAN_POINT('',(-1.E-15,48.26,10.287));
#472 = LINE('',#473,#474);
#473 = CARTESIAN_POINT('',(-4.4E-16,48.26,0.));
#474 = VECTOR('',#475,1.);
#475 = DIRECTION('',(0.,0.,1.));
#476 = ORIENTED_EDGE('',*,*,#477,.T.);
#477 = EDGE_CURVE('',#470,#41,#478,.T.);
#478 = LINE('',#479,#480);
#479 = CARTESIAN_POINT('',(0.,48.26,10.287));
#480 = VECTOR('',#481,1.);
#481 = DIRECTION('',(0.,-1.,0.));
#482 = ORIENTED_EDGE('',*,*,#40,.F.);
#483 = ORIENTED_EDGE('',*,*,#453,.F.);
#484 = ORIENTED_EDGE('',*,*,#485,.F.);
#485 = EDGE_CURVE('',#486,#446,#488,.T.);
#486 = VERTEX_POINT('',#487);
#487 = CARTESIAN_POINT('',(0.,7.9248,2.5146));
#488 = LINE('',#489,#490);
#489 = CARTESIAN_POINT('',(0.,7.9248,1.7018));
#490 = VECTOR('',#491,1.);
#491 = DIRECTION('',(0.,0.,-1.));
#492 = ORIENTED_EDGE('',*,*,#493,.T.);
#493 = EDGE_CURVE('',#486,#494,#496,.T.);
#494 = VERTEX_POINT('',#495);
#495 = CARTESIAN_POINT('',(0.,9.1948,3.7846));
#496 = CIRCLE('',#497,1.27);
#497 = AXIS2_PLACEMENT_3D('',#498,#499,#500);
#498 = CARTESIAN_POINT('',(0.,9.1948,2.5146));
#499 = DIRECTION('',(-1.,0.,0.));
#500 = DIRECTION('',(0.,-1.,0.));
#501 = ORIENTED_EDGE('',*,*,#502,.T.);
#502 = EDGE_CURVE('',#494,#503,#505,.T.);
#503 = VERTEX_POINT('',#504);
#504 = CARTESIAN_POINT('',(0.,15.621,3.7846));
#505 = LINE('',#506,#507);
#506 = CARTESIAN_POINT('',(0.,9.1948,3.7846));
#507 = VECTOR('',#508,1.);
#508 = DIRECTION('',(0.,1.,0.));
#509 = ORIENTED_EDGE('',*,*,#510,.T.);
#510 = EDGE_CURVE('',#503,#511,#513,.T.);
#511 = VERTEX_POINT('',#512);
#512 = CARTESIAN_POINT('',(0.,16.891,2.5146));
#513 = CIRCLE('',#514,1.27);
#514 = AXIS2_PLACEMENT_3D('',#515,#516,#517);
#515 = CARTESIAN_POINT('',(0.,15.621,2.5146));
#516 = DIRECTION('',(-1.,0.,0.));
#517 = DIRECTION('',(0.,-1.,0.));
#518 = ORIENTED_EDGE('',*,*,#519,.T.);
#519 = EDGE_CURVE('',#511,#520,#522,.T.);
#520 = VERTEX_POINT('',#521);
#521 = CARTESIAN_POINT('',(0.,16.891,0.));
#522 = LINE('',#523,#524);
#523 = CARTESIAN_POINT('',(0.,16.891,2.5146));
#524 = VECTOR('',#525,1.);
#525 = DIRECTION('',(0.,0.,-1.));
#526 = ORIENTED_EDGE('',*,*,#527,.F.);
#527 = EDGE_CURVE('',#468,#520,#528,.T.);
#528 = LINE('',#529,#530);
#529 = CARTESIAN_POINT('',(0.,50.8,0.));
#530 = VECTOR('',#531,1.);
#531 = DIRECTION('',(0.,-1.,0.));
#532 = FACE_BOUND('',#533,.F.);
#533 = EDGE_LOOP('',(#534,#544,#553,#561));
#534 = ORIENTED_EDGE('',*,*,#535,.F.);
#535 = EDGE_CURVE('',#536,#538,#540,.T.);
#536 = VERTEX_POINT('',#537);
#537 = CARTESIAN_POINT('',(0.,47.426606533722,3.878035115446));
#538 = VERTEX_POINT('',#539);
#539 = CARTESIAN_POINT('',(0.,44.99854255771,9.085035115446));
#540 = LINE('',#541,#542);
#541 = CARTESIAN_POINT('',(0.,47.426606533722,3.878035115446));
#542 = VECTOR('',#543,1.);
#543 = DIRECTION('',(0.,-0.422618261741,0.906307787037));
#544 = ORIENTED_EDGE('',*,*,#545,.T.);
#545 = EDGE_CURVE('',#536,#546,#548,.T.);
#546 = VERTEX_POINT('',#547);
#547 = CARTESIAN_POINT('',(0.,46.045393466278,3.233964884554));
#548 = CIRCLE('',#549,0.762);
#549 = AXIS2_PLACEMENT_3D('',#550,#551,#552);
#550 = CARTESIAN_POINT('',(0.,46.736,3.556));
#551 = DIRECTION('',(-1.,0.,0.));
#552 = DIRECTION('',(0.,-1.,0.));
#553 = ORIENTED_EDGE('',*,*,#554,.T.);
#554 = EDGE_CURVE('',#546,#555,#557,.T.);
#555 = VERTEX_POINT('',#556);
#556 = CARTESIAN_POINT('',(0.,43.617329490266,8.440964884554));
#557 = LINE('',#558,#559);
#558 = CARTESIAN_POINT('',(0.,46.045393466278,3.233964884554));
#559 = VECTOR('',#560,1.);
#560 = DIRECTION('',(0.,-0.422618261741,0.906307787037));
#561 = ORIENTED_EDGE('',*,*,#562,.T.);
#562 = EDGE_CURVE('',#555,#538,#563,.T.);
#563 = CIRCLE('',#564,0.762);
#564 = AXIS2_PLACEMENT_3D('',#565,#566,#567);
#565 = CARTESIAN_POINT('',(0.,44.307936023988,8.763));
#566 = DIRECTION('',(-1.,0.,0.));
#567 = DIRECTION('',(0.,-1.,0.));
#568 = FACE_BOUND('',#569,.F.);
#569 = EDGE_LOOP('',(#570,#580,#589,#597));
#570 = ORIENTED_EDGE('',*,*,#571,.F.);
#571 = EDGE_CURVE('',#572,#574,#576,.T.);
#572 = VERTEX_POINT('',#573);
#573 = CARTESIAN_POINT('',(0.,44.378606533722,3.878035115446));
#574 = VERTEX_POINT('',#575);
#575 = CARTESIAN_POINT('',(0.,41.95054255771,9.085035115446));
#576 = LINE('',#577,#578);
#577 = CARTESIAN_POINT('',(0.,44.378606533722,3.878035115446));
#578 = VECTOR('',#579,1.);
#579 = DIRECTION('',(0.,-0.422618261741,0.906307787037));
#580 = ORIENTED_EDGE('',*,*,#581,.T.);
#581 = EDGE_CURVE('',#572,#582,#584,.T.);
#582 = VERTEX_POINT('',#583);
#583 = CARTESIAN_POINT('',(0.,42.997393466278,3.233964884554));
#584 = CIRCLE('',#585,0.762);
#585 = AXIS2_PLACEMENT_3D('',#586,#587,#588);
#586 = CARTESIAN_POINT('',(0.,43.688,3.556));
#587 = DIRECTION('',(-1.,0.,0.));
#588 = DIRECTION('',(0.,-1.,0.));
#589 = ORIENTED_EDGE('',*,*,#590,.T.);
#590 = EDGE_CURVE('',#582,#591,#593,.T.);
#591 = VERTEX_POINT('',#592);
#592 = CARTESIAN_POINT('',(0.,40.569329490266,8.440964884554));
#593 = LINE('',#594,#595);
#594 = CARTESIAN_POINT('',(0.,42.997393466278,3.233964884554));
#595 = VECTOR('',#596,1.);
#596 = DIRECTION('',(0.,-0.422618261741,0.906307787037));
#597 = ORIENTED_EDGE('',*,*,#598,.T.);
#598 = EDGE_CURVE('',#591,#574,#599,.T.);
#599 = CIRCLE('',#600,0.762);
#600 = AXIS2_PLACEMENT_3D('',#601,#602,#603);
#601 = CARTESIAN_POINT('',(0.,41.259936023988,8.763));
#602 = DIRECTION('',(-1.,0.,0.));
#603 = DIRECTION('',(0.,-1.,0.));
#604 = FACE_BOUND('',#605,.F.);
#605 = EDGE_LOOP('',(#606,#616,#625,#633));
#606 = ORIENTED_EDGE('',*,*,#607,.F.);
#607 = EDGE_CURVE('',#608,#610,#612,.T.);
#608 = VERTEX_POINT('',#609);
#609 = CARTESIAN_POINT('',(0.,41.330606533722,3.878035115446));
#610 = VERTEX_POINT('',#611);
#611 = CARTESIAN_POINT('',(0.,38.90254255771,9.085035115446));
#612 = LINE('',#613,#614);
#613 = CARTESIAN_POINT('',(0.,41.330606533722,3.878035115446));
#614 = VECTOR('',#615,1.);
#615 = DIRECTION('',(0.,-0.422618261741,0.906307787037));
#616 = ORIENTED_EDGE('',*,*,#617,.T.);
#617 = EDGE_CURVE('',#608,#618,#620,.T.);
#618 = VERTEX_POINT('',#619);
#619 = CARTESIAN_POINT('',(0.,39.949393466278,3.233964884554));
#620 = CIRCLE('',#621,0.762);
#621 = AXIS2_PLACEMENT_3D('',#622,#623,#624);
#622 = CARTESIAN_POINT('',(0.,40.64,3.556));
#623 = DIRECTION('',(-1.,0.,0.));
#624 = DIRECTION('',(0.,-1.,0.));
#625 = ORIENTED_EDGE('',*,*,#626,.T.);
#626 = EDGE_CURVE('',#618,#627,#629,.T.);
#627 = VERTEX_POINT('',#628);
#628 = CARTESIAN_POINT('',(0.,37.521329490266,8.440964884554));
#629 = LINE('',#630,#631);
#630 = CARTESIAN_POINT('',(0.,39.949393466278,3.233964884554));
#631 = VECTOR('',#632,1.);
#632 = DIRECTION('',(0.,-0.422618261741,0.906307787037));
#633 = ORIENTED_EDGE('',*,*,#634,.T.);
#634 = EDGE_CURVE('',#627,#610,#635,.T.);
#635 = CIRCLE('',#636,0.762);
#636 = AXIS2_PLACEMENT_3D('',#637,#638,#639);
#637 = CARTESIAN_POINT('',(0.,38.211936023988,8.763));
#638 = DIRECTION('',(-1.,0.,0.));
#639 = DIRECTION('',(0.,-1.,0.));
#640 = FACE_BOUND('',#641,.F.);
#641 = EDGE_LOOP('',(#642,#652,#661,#669));
#642 = ORIENTED_EDGE('',*,*,#643,.F.);
#643 = EDGE_CURVE('',#644,#646,#648,.T.);
#644 = VERTEX_POINT('',#645);
#645 = CARTESIAN_POINT('',(0.,38.282606533722,3.878035115446));
#646 = VERTEX_POINT('',#647);
#647 = CARTESIAN_POINT('',(0.,35.85454255771,9.085035115446));
#648 = LINE('',#649,#650);
#649 = CARTESIAN_POINT('',(0.,38.282606533722,3.878035115446));
#650 = VECTOR('',#651,1.);
#651 = DIRECTION('',(0.,-0.422618261741,0.906307787037));
#652 = ORIENTED_EDGE('',*,*,#653,.T.);
#653 = EDGE_CURVE('',#644,#654,#656,.T.);
#654 = VERTEX_POINT('',#655);
#655 = CARTESIAN_POINT('',(0.,36.901393466278,3.233964884554));
#656 = CIRCLE('',#657,0.762);
#657 = AXIS2_PLACEMENT_3D('',#658,#659,#660);
#658 = CARTESIAN_POINT('',(0.,37.592,3.556));
#659 = DIRECTION('',(-1.,0.,0.));
#660 = DIRECTION('',(0.,-1.,0.));
#661 = ORIENTED_EDGE('',*,*,#662,.T.);
#662 = EDGE_CURVE('',#654,#663,#665,.T.);
#663 = VERTEX_POINT('',#664);
#664 = CARTESIAN_POINT('',(0.,34.473329490267,8.440964884554));
#665 = LINE('',#666,#667);
#666 = CARTESIAN_POINT('',(0.,36.901393466278,3.233964884554));
#667 = VECTOR('',#668,1.);
#668 = DIRECTION('',(0.,-0.422618261741,0.906307787037));
#669 = ORIENTED_EDGE('',*,*,#670,.T.);
#670 = EDGE_CURVE('',#663,#646,#671,.T.);
#671 = CIRCLE('',#672,0.762);
#672 = AXIS2_PLACEMENT_3D('',#673,#674,#675);
#673 = CARTESIAN_POINT('',(0.,35.163936023988,8.763));
#674 = DIRECTION('',(-1.,0.,0.));
#675 = DIRECTION('',(0.,-1.,0.));
#676 = FACE_BOUND('',#677,.F.);
#677 = EDGE_LOOP('',(#678,#688,#697,#705));
#678 = ORIENTED_EDGE('',*,*,#679,.F.);
#679 = EDGE_CURVE('',#680,#682,#684,.T.);
#680 = VERTEX_POINT('',#681);
#681 = CARTESIAN_POINT('',(0.,35.234606533722,3.878035115446));
#682 = VERTEX_POINT('',#683);
#683 = CARTESIAN_POINT('',(0.,32.80654255771,9.085035115446));
#684 = LINE('',#685,#686);
#685 = CARTESIAN_POINT('',(0.,35.234606533722,3.878035115446));
#686 = VECTOR('',#687,1.);
#687 = DIRECTION('',(0.,-0.422618261741,0.906307787037));
#688 = ORIENTED_EDGE('',*,*,#689,.T.);
#689 = EDGE_CURVE('',#680,#690,#692,.T.);
#690 = VERTEX_POINT('',#691);
#691 = CARTESIAN_POINT('',(0.,33.853393466278,3.233964884554));
#692 = CIRCLE('',#693,0.762);
#693 = AXIS2_PLACEMENT_3D('',#694,#695,#696);
#694 = CARTESIAN_POINT('',(0.,34.544,3.556));
#695 = DIRECTION('',(-1.,0.,0.));
#696 = DIRECTION('',(0.,-1.,0.));
#697 = ORIENTED_EDGE('',*,*,#698,.T.);
#698 = EDGE_CURVE('',#690,#699,#701,.T.);
#699 = VERTEX_POINT('',#700);
#700 = CARTESIAN_POINT('',(0.,31.425329490266,8.440964884554));
#701 = LINE('',#702,#703);
#702 = CARTESIAN_POINT('',(0.,33.853393466278,3.233964884554));
#703 = VECTOR('',#704,1.);
#704 = DIRECTION('',(0.,-0.422618261741,0.906307787037));
#705 = ORIENTED_EDGE('',*,*,#706,.T.);
#706 = EDGE_CURVE('',#699,#682,#707,.T.);
#707 = CIRCLE('',#708,0.762);
#708 = AXIS2_PLACEMENT_3D('',#709,#710,#711);
#709 = CARTESIAN_POINT('',(0.,32.115936023988,8.763));
#710 = DIRECTION('',(-1.,0.,0.));
#711 = DIRECTION('',(0.,-1.,0.));
#712 = FACE_BOUND('',#713,.F.);
#713 = EDGE_LOOP('',(#714,#724,#733,#741));
#714 = ORIENTED_EDGE('',*,*,#715,.F.);
#715 = EDGE_CURVE('',#716,#718,#720,.T.);
#716 = VERTEX_POINT('',#717);
#717 = CARTESIAN_POINT('',(0.,32.186606533722,3.878035115446));
#718 = VERTEX_POINT('',#719);
#719 = CARTESIAN_POINT('',(0.,29.75854255771,9.085035115446));
#720 = LINE('',#721,#722);
#721 = CARTESIAN_POINT('',(0.,32.186606533722,3.878035115446));
#722 = VECTOR('',#723,1.);
#723 = DIRECTION('',(0.,-0.422618261741,0.906307787037));
#724 = ORIENTED_EDGE('',*,*,#725,.T.);
#725 = EDGE_CURVE('',#716,#726,#728,.T.);
#726 = VERTEX_POINT('',#727);
#727 = CARTESIAN_POINT('',(0.,30.805393466278,3.233964884554));
#728 = CIRCLE('',#729,0.762);
#729 = AXIS2_PLACEMENT_3D('',#730,#731,#732);
#730 = CARTESIAN_POINT('',(0.,31.496,3.556));
#731 = DIRECTION('',(-1.,0.,0.));
#732 = DIRECTION('',(0.,-1.,0.));
#733 = ORIENTED_EDGE('',*,*,#734,.T.);
#734 = EDGE_CURVE('',#726,#735,#737,.T.);
#735 = VERTEX_POINT('',#736);
#736 = CARTESIAN_POINT('',(0.,28.377329490266,8.440964884554));
#737 = LINE('',#738,#739);
#738 = CARTESIAN_POINT('',(0.,30.805393466278,3.233964884554));
#739 = VECTOR('',#740,1.);
#740 = DIRECTION('',(0.,-0.422618261741,0.906307787037));
#741 = ORIENTED_EDGE('',*,*,#742,.T.);
#742 = EDGE_CURVE('',#735,#718,#743,.T.);
#743 = CIRCLE('',#744,0.762);
#744 = AXIS2_PLACEMENT_3D('',#745,#746,#747);
#745 = CARTESIAN_POINT('',(0.,29.067936023988,8.763));
#746 = DIRECTION('',(-1.,0.,0.));
#747 = DIRECTION('',(0.,-1.,0.));
#748 = FACE_BOUND('',#749,.F.);
#749 = EDGE_LOOP('',(#750,#760,#769,#777));
#750 = ORIENTED_EDGE('',*,*,#751,.F.);
#751 = EDGE_CURVE('',#752,#754,#756,.T.);
#752 = VERTEX_POINT('',#753);
#753 = CARTESIAN_POINT('',(0.,29.138606533722,3.878035115446));
#754 = VERTEX_POINT('',#755);
#755 = CARTESIAN_POINT('',(0.,26.71054255771,9.085035115446));
#756 = LINE('',#757,#758);
#757 = CARTESIAN_POINT('',(0.,29.138606533722,3.878035115446));
#758 = VECTOR('',#759,1.);
#759 = DIRECTION('',(0.,-0.422618261741,0.906307787037));
#760 = ORIENTED_EDGE('',*,*,#761,.T.);
#761 = EDGE_CURVE('',#752,#762,#764,.T.);
#762 = VERTEX_POINT('',#763);
#763 = CARTESIAN_POINT('',(0.,27.757393466278,3.233964884554));
#764 = CIRCLE('',#765,0.762);
#765 = AXIS2_PLACEMENT_3D('',#766,#767,#768);
#766 = CARTESIAN_POINT('',(0.,28.448,3.556));
#767 = DIRECTION('',(-1.,0.,0.));
#768 = DIRECTION('',(0.,-1.,0.));
#769 = ORIENTED_EDGE('',*,*,#770,.T.);
#770 = EDGE_CURVE('',#762,#771,#773,.T.);
#771 = VERTEX_POINT('',#772);
#772 = CARTESIAN_POINT('',(0.,25.329329490266,8.440964884554));
#773 = LINE('',#774,#775);
#774 = CARTESIAN_POINT('',(0.,27.757393466278,3.233964884554));
#775 = VECTOR('',#776,1.);
#776 = DIRECTION('',(0.,-0.422618261741,0.906307787037));
#777 = ORIENTED_EDGE('',*,*,#778,.T.);
#778 = EDGE_CURVE('',#771,#754,#779,.T.);
#779 = CIRCLE('',#780,0.762);
#780 = AXIS2_PLACEMENT_3D('',#781,#782,#783);
#781 = CARTESIAN_POINT('',(0.,26.019936023988,8.763));
#782 = DIRECTION('',(-1.,0.,0.));
#783 = DIRECTION('',(0.,-1.,0.));
#784 = FACE_BOUND('',#785,.F.);
#785 = EDGE_LOOP('',(#786,#796,#805,#813));
#786 = ORIENTED_EDGE('',*,*,#787,.F.);
#787 = EDGE_CURVE('',#788,#790,#792,.T.);
#788 = VERTEX_POINT('',#789);
#789 = CARTESIAN_POINT('',(0.,26.090606533722,3.878035115446));
#790 = VERTEX_POINT('',#791);
#791 = CARTESIAN_POINT('',(0.,23.66254255771,9.085035115446));
#792 = LINE('',#793,#794);
#793 = CARTESIAN_POINT('',(0.,26.090606533722,3.878035115446));
#794 = VECTOR('',#795,1.);
#795 = DIRECTION('',(0.,-0.422618261741,0.906307787037));
#796 = ORIENTED_EDGE('',*,*,#797,.T.);
#797 = EDGE_CURVE('',#788,#798,#800,.T.);
#798 = VERTEX_POINT('',#799);
#799 = CARTESIAN_POINT('',(0.,24.709393466278,3.233964884554));
#800 = CIRCLE('',#801,0.762);
#801 = AXIS2_PLACEMENT_3D('',#802,#803,#804);
#802 = CARTESIAN_POINT('',(0.,25.4,3.556));
#803 = DIRECTION('',(-1.,0.,0.));
#804 = DIRECTION('',(0.,-1.,0.));
#805 = ORIENTED_EDGE('',*,*,#806,.T.);
#806 = EDGE_CURVE('',#798,#807,#809,.T.);
#807 = VERTEX_POINT('',#808);
#808 = CARTESIAN_POINT('',(0.,22.281329490267,8.440964884554));
#809 = LINE('',#810,#811);
#810 = CARTESIAN_POINT('',(0.,24.709393466278,3.233964884554));
#811 = VECTOR('',#812,1.);
#812 = DIRECTION('',(0.,-0.422618261741,0.906307787037));
#813 = ORIENTED_EDGE('',*,*,#814,.T.);
#814 = EDGE_CURVE('',#807,#790,#815,.T.);
#815 = CIRCLE('',#816,0.762);
#816 = AXIS2_PLACEMENT_3D('',#817,#818,#819);
#817 = CARTESIAN_POINT('',(0.,22.971936023988,8.763));
#818 = DIRECTION('',(-1.,0.,0.));
#819 = DIRECTION('',(0.,-1.,0.));
#820 = FACE_BOUND('',#821,.F.);
#821 = EDGE_LOOP('',(#822,#832,#841,#849));
#822 = ORIENTED_EDGE('',*,*,#823,.F.);
#823 = EDGE_CURVE('',#824,#826,#828,.T.);
#824 = VERTEX_POINT('',#825);
#825 = CARTESIAN_POINT('',(0.,23.042606533722,3.878035115446));
#826 = VERTEX_POINT('',#827);
#827 = CARTESIAN_POINT('',(0.,20.61454255771,9.085035115446));
#828 = LINE('',#829,#830);
#829 = CARTESIAN_POINT('',(0.,23.042606533722,3.878035115446));
#830 = VECTOR('',#831,1.);
#831 = DIRECTION('',(0.,-0.422618261741,0.906307787037));
#832 = ORIENTED_EDGE('',*,*,#833,.T.);
#833 = EDGE_CURVE('',#824,#834,#836,.T.);
#834 = VERTEX_POINT('',#835);
#835 = CARTESIAN_POINT('',(0.,21.661393466278,3.233964884554));
#836 = CIRCLE('',#837,0.762);
#837 = AXIS2_PLACEMENT_3D('',#838,#839,#840);
#838 = CARTESIAN_POINT('',(0.,22.352,3.556));
#839 = DIRECTION('',(-1.,0.,0.));
#840 = DIRECTION('',(0.,-1.,0.));
#841 = ORIENTED_EDGE('',*,*,#842,.T.);
#842 = EDGE_CURVE('',#834,#843,#845,.T.);
#843 = VERTEX_POINT('',#844);
#844 = CARTESIAN_POINT('',(0.,19.233329490266,8.440964884554));
#845 = LINE('',#846,#847);
#846 = CARTESIAN_POINT('',(0.,21.661393466278,3.233964884554));
#847 = VECTOR('',#848,1.);
#848 = DIRECTION('',(0.,-0.422618261741,0.906307787037));
#849 = ORIENTED_EDGE('',*,*,#850,.T.);
#850 = EDGE_CURVE('',#843,#826,#851,.T.);
#851 = CIRCLE('',#852,0.762);
#852 = AXIS2_PLACEMENT_3D('',#853,#854,#855);
#853 = CARTESIAN_POINT('',(0.,19.923936023988,8.763));
#854 = DIRECTION('',(-1.,0.,0.));
#855 = DIRECTION('',(0.,-1.,0.));
#856 = FACE_BOUND('',#857,.F.);
#857 = EDGE_LOOP('',(#858,#868,#877,#885));
#858 = ORIENTED_EDGE('',*,*,#859,.F.);
#859 = EDGE_CURVE('',#860,#862,#864,.T.);
#860 = VERTEX_POINT('',#861);
#861 = CARTESIAN_POINT('',(0.,19.994606533722,3.878035115446));
#862 = VERTEX_POINT('',#863);
#863 = CARTESIAN_POINT('',(0.,17.56654255771,9.085035115446));
#864 = LINE('',#865,#866);
#865 = CARTESIAN_POINT('',(0.,19.994606533722,3.878035115446));
#866 = VECTOR('',#867,1.);
#867 = DIRECTION('',(0.,-0.422618261741,0.906307787037));
#868 = ORIENTED_EDGE('',*,*,#869,.T.);
#869 = EDGE_CURVE('',#860,#870,#872,.T.);
#870 = VERTEX_POINT('',#871);
#871 = CARTESIAN_POINT('',(0.,18.613393466278,3.233964884554));
#872 = CIRCLE('',#873,0.762);
#873 = AXIS2_PLACEMENT_3D('',#874,#875,#876);
#874 = CARTESIAN_POINT('',(0.,19.304,3.556));
#875 = DIRECTION('',(-1.,0.,0.));
#876 = DIRECTION('',(0.,-1.,0.));
#877 = ORIENTED_EDGE('',*,*,#878,.T.);
#878 = EDGE_CURVE('',#870,#879,#881,.T.);
#879 = VERTEX_POINT('',#880);
#880 = CARTESIAN_POINT('',(0.,16.185329490266,8.440964884554));
#881 = LINE('',#882,#883);
#882 = CARTESIAN_POINT('',(0.,18.613393466278,3.233964884554));
#883 = VECTOR('',#884,1.);
#884 = DIRECTION('',(0.,-0.422618261741,0.906307787037));
#885 = ORIENTED_EDGE('',*,*,#886,.T.);
#886 = EDGE_CURVE('',#879,#862,#887,.T.);
#887 = CIRCLE('',#888,0.762);
#888 = AXIS2_PLACEMENT_3D('',#889,#890,#891);
#889 = CARTESIAN_POINT('',(0.,16.875936023988,8.763));
#890 = DIRECTION('',(-1.,0.,0.));
#891 = DIRECTION('',(0.,-1.,0.));
#892 = PLANE('',#893);
#893 = AXIS2_PLACEMENT_3D('',#894,#895,#896);
#894 = CARTESIAN_POINT('',(0.,50.8,0.));
#895 = DIRECTION('',(1.,0.,0.));
#896 = DIRECTION('',(0.,-1.,0.));
#897 = ADVANCED_FACE('',(#898),#916,.F.);
#898 = FACE_BOUND('',#899,.T.);
#899 = EDGE_LOOP('',(#900,#901,#902,#910));
#900 = ORIENTED_EDGE('',*,*,#319,.F.);
#901 = ORIENTED_EDGE('',*,*,#64,.T.);
#902 = ORIENTED_EDGE('',*,*,#903,.T.);
#903 = EDGE_CURVE('',#65,#904,#906,.T.);
#904 = VERTEX_POINT('',#905);
#905 = CARTESIAN_POINT('',(23.622,1.099852262806,12.192));
#906 = LINE('',#907,#908);
#907 = CARTESIAN_POINT('',(23.622,0.549926131403,11.2395));
#908 = VECTOR('',#909,1.);
#909 = DIRECTION('',(0.,0.5,0.866025403784));
#910 = ORIENTED_EDGE('',*,*,#911,.F.);
#911 = EDGE_CURVE('',#320,#904,#912,.T.);
#912 = LINE('',#913,#914);
#913 = CARTESIAN_POINT('',(2.54,1.099852262806,12.192));
#914 = VECTOR('',#915,1.);
#915 = DIRECTION('',(1.,0.,0.));
#916 = PLANE('',#917);
#917 = AXIS2_PLACEMENT_3D('',#918,#919,#920);
#918 = CARTESIAN_POINT('',(2.54,0.549926131403,11.2395));
#919 = DIRECTION('',(-1.E-17,0.866025403784,-0.5));
#920 = DIRECTION('',(-1.,-6.830127018922E-18,8.169872981078E-18));
#921 = ADVANCED_FACE('',(#922),#941,.T.);
#922 = FACE_BOUND('',#923,.T.);
#923 = EDGE_LOOP('',(#924,#925,#926,#934));
#924 = ORIENTED_EDGE('',*,*,#72,.F.);
#925 = ORIENTED_EDGE('',*,*,#344,.T.);
#926 = ORIENTED_EDGE('',*,*,#927,.T.);
#927 = EDGE_CURVE('',#345,#928,#930,.T.);
#928 = VERTEX_POINT('',#929);
#929 = CARTESIAN_POINT('',(26.162,2.54,10.287));
#930 = LINE('',#931,#932);
#931 = CARTESIAN_POINT('',(26.162,2.54,0.));
#932 = VECTOR('',#933,1.);
#933 = DIRECTION('',(0.,0.,1.));
#934 = ORIENTED_EDGE('',*,*,#935,.F.);
#935 = EDGE_CURVE('',#65,#928,#936,.T.);
#936 = CIRCLE('',#937,2.54);
#937 = AXIS2_PLACEMENT_3D('',#938,#939,#940);
#938 = CARTESIAN_POINT('',(23.622,2.54,10.287));
#939 = DIRECTION('',(-0.,0.,1.));
#940 = DIRECTION('',(0.,-1.,0.));
#941 = CYLINDRICAL_SURFACE('',#942,2.54);
#942 = AXIS2_PLACEMENT_3D('',#943,#944,#945);
#943 = CARTESIAN_POINT('',(23.622,2.54,0.));
#944 = DIRECTION('',(0.,0.,1.));
#945 = DIRECTION('',(0.,-1.,0.));
#946 = ADVANCED_FACE('',(#947),#972,.T.);
#947 = FACE_BOUND('',#948,.T.);
#948 = EDGE_LOOP('',(#949,#950,#958,#966));
#949 = ORIENTED_EDGE('',*,*,#88,.F.);
#950 = ORIENTED_EDGE('',*,*,#951,.T.);
#951 = EDGE_CURVE('',#89,#952,#954,.T.);
#952 = VERTEX_POINT('',#953);
#953 = CARTESIAN_POINT('',(3.373393470729,2.032,3.878035124968));
#954 = LINE('',#955,#956);
#955 = CARTESIAN_POINT('',(3.373393470729,8.6E-16,3.878035124968));
#956 = VECTOR('',#957,1.);
#957 = DIRECTION('',(0.,1.,-2.2E-16));
#958 = ORIENTED_EDGE('',*,*,#959,.T.);
#959 = EDGE_CURVE('',#952,#960,#962,.T.);
#960 = VERTEX_POINT('',#961);
#961 = CARTESIAN_POINT('',(5.801457534212,2.032,9.085035124972));
#962 = LINE('',#963,#964);
#963 = CARTESIAN_POINT('',(2.329452134991,2.032,1.639295786521));
#964 = VECTOR('',#965,1.);
#965 = DIRECTION('',(0.422618274246,0.,0.906307781205));
#966 = ORIENTED_EDGE('',*,*,#967,.F.);
#967 = EDGE_CURVE('',#91,#960,#968,.T.);
#968 = LINE('',#969,#970);
#969 = CARTESIAN_POINT('',(5.801457534212,2.02E-15,9.085035124972));
#970 = VECTOR('',#971,1.);
#971 = DIRECTION('',(0.,1.,-2.2E-16));
#972 = PLANE('',#973);
#973 = AXIS2_PLACEMENT_3D('',#974,#975,#976);
#974 = CARTESIAN_POINT('',(3.373393470729,8.6E-16,3.878035124968));
#975 = DIRECTION('',(0.906307781205,-9.E-17,-0.422618274246));
#976 = DIRECTION('',(0.422618274246,2.E-16,0.906307781205));
#977 = ADVANCED_FACE('',(#978),#997,.F.);
#978 = FACE_BOUND('',#979,.F.);
#979 = EDGE_LOOP('',(#980,#981,#982,#991));
#980 = ORIENTED_EDGE('',*,*,#98,.F.);
#981 = ORIENTED_EDGE('',*,*,#951,.T.);
#982 = ORIENTED_EDGE('',*,*,#983,.T.);
#983 = EDGE_CURVE('',#952,#984,#986,.T.);
#984 = VERTEX_POINT('',#985);
#985 = CARTESIAN_POINT('',(4.754606529263,2.032,3.233964875014));
#986 = CIRCLE('',#987,0.76199999999);
#987 = AXIS2_PLACEMENT_3D('',#988,#989,#990);
#988 = CARTESIAN_POINT('',(4.064,2.032,3.556));
#989 = DIRECTION('',(0.,-1.,2.2E-16));
#990 = DIRECTION('',(1.,0.,0.));
#991 = ORIENTED_EDGE('',*,*,#992,.F.);
#992 = EDGE_CURVE('',#99,#984,#993,.T.);
#993 = LINE('',#994,#995);
#994 = CARTESIAN_POINT('',(4.754606529263,7.2E-16,3.233964875014));
#995 = VECTOR('',#996,1.);
#996 = DIRECTION('',(0.,1.,-2.2E-16));
#997 = CYLINDRICAL_SURFACE('',#998,0.76199999999);
#998 = AXIS2_PLACEMENT_3D('',#999,#1000,#1001);
#999 = CARTESIAN_POINT('',(4.064,7.9E-16,3.556));
#1000 = DIRECTION('',(0.,-1.,2.2E-16));
#1001 = DIRECTION('',(1.,0.,0.));
#1002 = ADVANCED_FACE('',(#1003),#1022,.F.);
#1003 = FACE_BOUND('',#1004,.F.);
#1004 = EDGE_LOOP('',(#1005,#1006,#1014,#1021));
#1005 = ORIENTED_EDGE('',*,*,#115,.F.);
#1006 = ORIENTED_EDGE('',*,*,#1007,.T.);
#1007 = EDGE_CURVE('',#108,#1008,#1010,.T.);
#1008 = VERTEX_POINT('',#1009);
#1009 = CARTESIAN_POINT('',(7.182670592751,2.032,8.44096487503));
#1010 = LINE('',#1011,#1012);
#1011 = CARTESIAN_POINT('',(7.182670592751,1.87E-15,8.44096487503));
#1012 = VECTOR('',#1013,1.);
#1013 = DIRECTION('',(0.,1.,-2.2E-16));
#1014 = ORIENTED_EDGE('',*,*,#1015,.T.);
#1015 = EDGE_CURVE('',#1008,#960,#1016,.T.);
#1016 = CIRCLE('',#1017,0.76199999999);
#1017 = AXIS2_PLACEMENT_3D('',#1018,#1019,#1020);
#1018 = CARTESIAN_POINT('',(6.492064063481,2.032,8.763));
#1019 = DIRECTION('',(0.,-1.,2.2E-16));
#1020 = DIRECTION('',(1.,0.,0.));
#1021 = ORIENTED_EDGE('',*,*,#967,.F.);
#1022 = CYLINDRICAL_SURFACE('',#1023,0.76199999999);
#1023 = AXIS2_PLACEMENT_3D('',#1024,#1025,#1026);
#1024 = CARTESIAN_POINT('',(6.492064063481,1.95E-15,8.763));
#1025 = DIRECTION('',(0.,-1.,2.2E-16));
#1026 = DIRECTION('',(1.,0.,0.));
#1027 = ADVANCED_FACE('',(#1028),#1039,.F.);
#1028 = FACE_BOUND('',#1029,.F.);
#1029 = EDGE_LOOP('',(#1030,#1031,#1032,#1038));
#1030 = ORIENTED_EDGE('',*,*,#107,.F.);
#1031 = ORIENTED_EDGE('',*,*,#992,.T.);
#1032 = ORIENTED_EDGE('',*,*,#1033,.T.);
#1033 = EDGE_CURVE('',#984,#1008,#1034,.T.);
#1034 = LINE('',#1035,#1036);
#1035 = CARTESIAN_POINT('',(3.710665193528,2.032,0.995225536572));
#1036 = VECTOR('',#1037,1.);
#1037 = DIRECTION('',(0.422618274246,0.,0.906307781205));
#1038 = ORIENTED_EDGE('',*,*,#1007,.F.);
#1039 = PLANE('',#1040);
#1040 = AXIS2_PLACEMENT_3D('',#1041,#1042,#1043);
#1041 = CARTESIAN_POINT('',(4.754606529263,7.2E-16,3.233964875014));
#1042 = DIRECTION('',(0.906307781205,-9.E-17,-0.422618274246));
#1043 = DIRECTION('',(0.422618274246,2.E-16,0.906307781205));
#1044 = ADVANCED_FACE('',(#1045),#1070,.T.);
#1045 = FACE_BOUND('',#1046,.T.);
#1046 = EDGE_LOOP('',(#1047,#1048,#1056,#1064));
#1047 = ORIENTED_EDGE('',*,*,#124,.F.);
#1048 = ORIENTED_EDGE('',*,*,#1049,.T.);
#1049 = EDGE_CURVE('',#125,#1050,#1052,.T.);
#1050 = VERTEX_POINT('',#1051);
#1051 = CARTESIAN_POINT('',(9.469393470729,2.032,3.878035124968));
#1052 = LINE('',#1053,#1054);
#1053 = CARTESIAN_POINT('',(9.469393470729,8.6E-16,3.878035124968));
#1054 = VECTOR('',#1055,1.);
#1055 = DIRECTION('',(0.,1.,-2.2E-16));
#1056 = ORIENTED_EDGE('',*,*,#1057,.T.);
#1057 = EDGE_CURVE('',#1050,#1058,#1060,.T.);
#1058 = VERTEX_POINT('',#1059);
#1059 = CARTESIAN_POINT('',(11.897457534212,2.032,9.085035124972));
#1060 = LINE('',#1061,#1062);
#1061 = CARTESIAN_POINT('',(8.425452134991,2.032,1.639295786521));
#1062 = VECTOR('',#1063,1.);
#1063 = DIRECTION('',(0.422618274246,0.,0.906307781205));
#1064 = ORIENTED_EDGE('',*,*,#1065,.F.);
#1065 = EDGE_CURVE('',#127,#1058,#1066,.T.);
#1066 = LINE('',#1067,#1068);
#1067 = CARTESIAN_POINT('',(11.897457534212,2.02E-15,9.085035124972));
#1068 = VECTOR('',#1069,1.);
#1069 = DIRECTION('',(0.,1.,-2.2E-16));
#1070 = PLANE('',#1071);
#1071 = AXIS2_PLACEMENT_3D('',#1072,#1073,#1074);
#1072 = CARTESIAN_POINT('',(9.469393470729,8.6E-16,3.878035124968));
#1073 = DIRECTION('',(0.906307781205,-9.E-17,-0.422618274246));
#1074 = DIRECTION('',(0.422618274246,2.E-16,0.906307781205));
#1075 = ADVANCED_FACE('',(#1076),#1095,.F.);
#1076 = FACE_BOUND('',#1077,.F.);
#1077 = EDGE_LOOP('',(#1078,#1079,#1087,#1094));
#1078 = ORIENTED_EDGE('',*,*,#151,.F.);
#1079 = ORIENTED_EDGE('',*,*,#1080,.T.);
#1080 = EDGE_CURVE('',#144,#1081,#1083,.T.);
#1081 = VERTEX_POINT('',#1082);
#1082 = CARTESIAN_POINT('',(13.278670592751,2.032,8.44096487503));
#1083 = LINE('',#1084,#1085);
#1084 = CARTESIAN_POINT('',(13.278670592751,1.87E-15,8.44096487503));
#1085 = VECTOR('',#1086,1.);
#1086 = DIRECTION('',(0.,1.,-2.2E-16));
#1087 = ORIENTED_EDGE('',*,*,#1088,.T.);
#1088 = EDGE_CURVE('',#1081,#1058,#1089,.T.);
#1089 = CIRCLE('',#1090,0.76199999999);
#1090 = AXIS2_PLACEMENT_3D('',#1091,#1092,#1093);
#1091 = CARTESIAN_POINT('',(12.588064063481,2.032,8.763));
#1092 = DIRECTION('',(0.,-1.,2.2E-16));
#1093 = DIRECTION('',(1.,0.,0.));
#1094 = ORIENTED_EDGE('',*,*,#1065,.F.);
#1095 = CYLINDRICAL_SURFACE('',#1096,0.76199999999);
#1096 = AXIS2_PLACEMENT_3D('',#1097,#1098,#1099);
#1097 = CARTESIAN_POINT('',(12.588064063481,1.95E-15,8.763));
#1098 = DIRECTION('',(0.,-1.,2.2E-16));
#1099 = DIRECTION('',(1.,0.,0.));
#1100 = ADVANCED_FACE('',(#1101),#1119,.F.);
#1101 = FACE_BOUND('',#1102,.F.);
#1102 = EDGE_LOOP('',(#1103,#1104,#1112,#1118));
#1103 = ORIENTED_EDGE('',*,*,#143,.F.);
#1104 = ORIENTED_EDGE('',*,*,#1105,.T.);
#1105 = EDGE_CURVE('',#135,#1106,#1108,.T.);
#1106 = VERTEX_POINT('',#1107);
#1107 = CARTESIAN_POINT('',(10.850606529263,2.032,3.233964875014));
#1108 = LINE('',#1109,#1110);
#1109 = CARTESIAN_POINT('',(10.850606529263,7.2E-16,3.233964875014));
#1110 = VECTOR('',#1111,1.);
#1111 = DIRECTION('',(0.,1.,-2.2E-16));
#1112 = ORIENTED_EDGE('',*,*,#1113,.T.);
#1113 = EDGE_CURVE('',#1106,#1081,#1114,.T.);
#1114 = LINE('',#1115,#1116);
#1115 = CARTESIAN_POINT('',(9.806665193528,2.032,0.995225536572));
#1116 = VECTOR('',#1117,1.);
#1117 = DIRECTION('',(0.422618274246,0.,0.906307781205));
#1118 = ORIENTED_EDGE('',*,*,#1080,.F.);
#1119 = PLANE('',#1120);
#1120 = AXIS2_PLACEMENT_3D('',#1121,#1122,#1123);
#1121 = CARTESIAN_POINT('',(10.850606529263,7.2E-16,3.233964875014));
#1122 = DIRECTION('',(0.906307781205,-9.E-17,-0.422618274246));
#1123 = DIRECTION('',(0.422618274246,2.E-16,0.906307781205));
#1124 = ADVANCED_FACE('',(#1125),#1137,.F.);
#1125 = FACE_BOUND('',#1126,.F.);
#1126 = EDGE_LOOP('',(#1127,#1128,#1129,#1136));
#1127 = ORIENTED_EDGE('',*,*,#134,.F.);
#1128 = ORIENTED_EDGE('',*,*,#1049,.T.);
#1129 = ORIENTED_EDGE('',*,*,#1130,.T.);
#1130 = EDGE_CURVE('',#1050,#1106,#1131,.T.);
#1131 = CIRCLE('',#1132,0.76199999999);
#1132 = AXIS2_PLACEMENT_3D('',#1133,#1134,#1135);
#1133 = CARTESIAN_POINT('',(10.16,2.032,3.556));
#1134 = DIRECTION('',(0.,-1.,2.2E-16));
#1135 = DIRECTION('',(1.,0.,0.));
#1136 = ORIENTED_EDGE('',*,*,#1105,.F.);
#1137 = CYLINDRICAL_SURFACE('',#1138,0.76199999999);
#1138 = AXIS2_PLACEMENT_3D('',#1139,#1140,#1141);
#1139 = CARTESIAN_POINT('',(10.16,7.9E-16,3.556));
#1140 = DIRECTION('',(0.,-1.,2.2E-16));
#1141 = DIRECTION('',(1.,0.,0.));
#1142 = ADVANCED_FACE('',(#1143),#1168,.T.);
#1143 = FACE_BOUND('',#1144,.T.);
#1144 = EDGE_LOOP('',(#1145,#1146,#1154,#1162));
#1145 = ORIENTED_EDGE('',*,*,#160,.F.);
#1146 = ORIENTED_EDGE('',*,*,#1147,.T.);
#1147 = EDGE_CURVE('',#161,#1148,#1150,.T.);
#1148 = VERTEX_POINT('',#1149);
#1149 = CARTESIAN_POINT('',(12.517393470729,2.032,3.878035124968));
#1150 = LINE('',#1151,#1152);
#1151 = CARTESIAN_POINT('',(12.517393470729,8.6E-16,3.878035124968));
#1152 = VECTOR('',#1153,1.);
#1153 = DIRECTION('',(0.,1.,-2.2E-16));
#1154 = ORIENTED_EDGE('',*,*,#1155,.T.);
#1155 = EDGE_CURVE('',#1148,#1156,#1158,.T.);
#1156 = VERTEX_POINT('',#1157);
#1157 = CARTESIAN_POINT('',(14.945457534212,2.032,9.085035124972));
#1158 = LINE('',#1159,#1160);
#1159 = CARTESIAN_POINT('',(11.473452134991,2.032,1.639295786521));
#1160 = VECTOR('',#1161,1.);
#1161 = DIRECTION('',(0.422618274246,0.,0.906307781205));
#1162 = ORIENTED_EDGE('',*,*,#1163,.F.);
#1163 = EDGE_CURVE('',#163,#1156,#1164,.T.);
#1164 = LINE('',#1165,#1166);
#1165 = CARTESIAN_POINT('',(14.945457534212,2.02E-15,9.085035124972));
#1166 = VECTOR('',#1167,1.);
#1167 = DIRECTION('',(0.,1.,-2.2E-16));
#1168 = PLANE('',#1169);
#1169 = AXIS2_PLACEMENT_3D('',#1170,#1171,#1172);
#1170 = CARTESIAN_POINT('',(12.517393470729,8.6E-16,3.878035124968));
#1171 = DIRECTION('',(0.906307781205,-9.E-17,-0.422618274246));
#1172 = DIRECTION('',(0.422618274246,2.E-16,0.906307781205));
#1173 = ADVANCED_FACE('',(#1174),#1193,.F.);
#1174 = FACE_BOUND('',#1175,.F.);
#1175 = EDGE_LOOP('',(#1176,#1177,#1185,#1192));
#1176 = ORIENTED_EDGE('',*,*,#187,.F.);
#1177 = ORIENTED_EDGE('',*,*,#1178,.T.);
#1178 = EDGE_CURVE('',#180,#1179,#1181,.T.);
#1179 = VERTEX_POINT('',#1180);
#1180 = CARTESIAN_POINT('',(16.326670592751,2.032,8.44096487503));
#1181 = LINE('',#1182,#1183);
#1182 = CARTESIAN_POINT('',(16.326670592751,1.87E-15,8.44096487503));
#1183 = VECTOR('',#1184,1.);
#1184 = DIRECTION('',(0.,1.,-2.2E-16));
#1185 = ORIENTED_EDGE('',*,*,#1186,.T.);
#1186 = EDGE_CURVE('',#1179,#1156,#1187,.T.);
#1187 = CIRCLE('',#1188,0.76199999999);
#1188 = AXIS2_PLACEMENT_3D('',#1189,#1190,#1191);
#1189 = CARTESIAN_POINT('',(15.636064063481,2.032,8.763));
#1190 = DIRECTION('',(0.,-1.,2.2E-16));
#1191 = DIRECTION('',(1.,0.,0.));
#1192 = ORIENTED_EDGE('',*,*,#1163,.F.);
#1193 = CYLINDRICAL_SURFACE('',#1194,0.76199999999);
#1194 = AXIS2_PLACEMENT_3D('',#1195,#1196,#1197);
#1195 = CARTESIAN_POINT('',(15.636064063481,1.95E-15,8.763));
#1196 = DIRECTION('',(0.,-1.,2.2E-16));
#1197 = DIRECTION('',(1.,0.,0.));
#1198 = ADVANCED_FACE('',(#1199),#1217,.F.);
#1199 = FACE_BOUND('',#1200,.F.);
#1200 = EDGE_LOOP('',(#1201,#1202,#1210,#1216));
#1201 = ORIENTED_EDGE('',*,*,#179,.F.);
#1202 = ORIENTED_EDGE('',*,*,#1203,.T.);
#1203 = EDGE_CURVE('',#171,#1204,#1206,.T.);
#1204 = VERTEX_POINT('',#1205);
#1205 = CARTESIAN_POINT('',(13.898606529263,2.032,3.233964875014));
#1206 = LINE('',#1207,#1208);
#1207 = CARTESIAN_POINT('',(13.898606529263,7.2E-16,3.233964875014));
#1208 = VECTOR('',#1209,1.);
#1209 = DIRECTION('',(0.,1.,-2.2E-16));
#1210 = ORIENTED_EDGE('',*,*,#1211,.T.);
#1211 = EDGE_CURVE('',#1204,#1179,#1212,.T.);
#1212 = LINE('',#1213,#1214);
#1213 = CARTESIAN_POINT('',(12.854665193528,2.032,0.995225536572));
#1214 = VECTOR('',#1215,1.);
#1215 = DIRECTION('',(0.422618274246,0.,0.906307781205));
#1216 = ORIENTED_EDGE('',*,*,#1178,.F.);
#1217 = PLANE('',#1218);
#1218 = AXIS2_PLACEMENT_3D('',#1219,#1220,#1221);
#1219 = CARTESIAN_POINT('',(13.898606529263,7.2E-16,3.233964875014));
#1220 = DIRECTION('',(0.906307781205,-9.E-17,-0.422618274246));
#1221 = DIRECTION('',(0.422618274246,2.E-16,0.906307781205));
#1222 = ADVANCED_FACE('',(#1223),#1235,.F.);
#1223 = FACE_BOUND('',#1224,.F.);
#1224 = EDGE_LOOP('',(#1225,#1226,#1227,#1234));
#1225 = ORIENTED_EDGE('',*,*,#170,.F.);
#1226 = ORIENTED_EDGE('',*,*,#1147,.T.);
#1227 = ORIENTED_EDGE('',*,*,#1228,.T.);
#1228 = EDGE_CURVE('',#1148,#1204,#1229,.T.);
#1229 = CIRCLE('',#1230,0.76199999999);
#1230 = AXIS2_PLACEMENT_3D('',#1231,#1232,#1233);
#1231 = CARTESIAN_POINT('',(13.208,2.032,3.556));
#1232 = DIRECTION('',(0.,-1.,2.2E-16));
#1233 = DIRECTION('',(1.,0.,0.));
#1234 = ORIENTED_EDGE('',*,*,#1203,.F.);
#1235 = CYLINDRICAL_SURFACE('',#1236,0.76199999999);
#1236 = AXIS2_PLACEMENT_3D('',#1237,#1238,#1239);
#1237 = CARTESIAN_POINT('',(13.208,7.9E-16,3.556));
#1238 = DIRECTION('',(0.,-1.,2.2E-16));
#1239 = DIRECTION('',(1.,0.,0.));
#1240 = ADVANCED_FACE('',(#1241),#1266,.T.);
#1241 = FACE_BOUND('',#1242,.T.);
#1242 = EDGE_LOOP('',(#1243,#1244,#1252,#1260));
#1243 = ORIENTED_EDGE('',*,*,#196,.F.);
#1244 = ORIENTED_EDGE('',*,*,#1245,.T.);
#1245 = EDGE_CURVE('',#197,#1246,#1248,.T.);
#1246 = VERTEX_POINT('',#1247);
#1247 = CARTESIAN_POINT('',(15.565393470729,2.032,3.878035124968));
#1248 = LINE('',#1249,#1250);
#1249 = CARTESIAN_POINT('',(15.565393470729,8.6E-16,3.878035124968));
#1250 = VECTOR('',#1251,1.);
#1251 = DIRECTION('',(0.,1.,-2.2E-16));
#1252 = ORIENTED_EDGE('',*,*,#1253,.T.);
#1253 = EDGE_CURVE('',#1246,#1254,#1256,.T.);
#1254 = VERTEX_POINT('',#1255);
#1255 = CARTESIAN_POINT('',(17.993457534212,2.032,9.085035124972));
#1256 = LINE('',#1257,#1258);
#1257 = CARTESIAN_POINT('',(14.521452134991,2.032,1.639295786521));
#1258 = VECTOR('',#1259,1.);
#1259 = DIRECTION('',(0.422618274246,0.,0.906307781205));
#1260 = ORIENTED_EDGE('',*,*,#1261,.F.);
#1261 = EDGE_CURVE('',#199,#1254,#1262,.T.);
#1262 = LINE('',#1263,#1264);
#1263 = CARTESIAN_POINT('',(17.993457534212,2.02E-15,9.085035124972));
#1264 = VECTOR('',#1265,1.);
#1265 = DIRECTION('',(0.,1.,-2.2E-16));
#1266 = PLANE('',#1267);
#1267 = AXIS2_PLACEMENT_3D('',#1268,#1269,#1270);
#1268 = CARTESIAN_POINT('',(15.565393470729,8.6E-16,3.878035124968));
#1269 = DIRECTION('',(0.906307781205,-9.E-17,-0.422618274246));
#1270 = DIRECTION('',(0.422618274246,2.E-16,0.906307781205));
#1271 = ADVANCED_FACE('',(#1272),#1291,.F.);
#1272 = FACE_BOUND('',#1273,.F.);
#1273 = EDGE_LOOP('',(#1274,#1275,#1283,#1290));
#1274 = ORIENTED_EDGE('',*,*,#223,.F.);
#1275 = ORIENTED_EDGE('',*,*,#1276,.T.);
#1276 = EDGE_CURVE('',#216,#1277,#1279,.T.);
#1277 = VERTEX_POINT('',#1278);
#1278 = CARTESIAN_POINT('',(19.374670592751,2.032,8.44096487503));
#1279 = LINE('',#1280,#1281);
#1280 = CARTESIAN_POINT('',(19.374670592751,1.87E-15,8.44096487503));
#1281 = VECTOR('',#1282,1.);
#1282 = DIRECTION('',(0.,1.,-2.2E-16));
#1283 = ORIENTED_EDGE('',*,*,#1284,.T.);
#1284 = EDGE_CURVE('',#1277,#1254,#1285,.T.);
#1285 = CIRCLE('',#1286,0.76199999999);
#1286 = AXIS2_PLACEMENT_3D('',#1287,#1288,#1289);
#1287 = CARTESIAN_POINT('',(18.684064063481,2.032,8.763));
#1288 = DIRECTION('',(0.,-1.,2.2E-16));
#1289 = DIRECTION('',(1.,0.,0.));
#1290 = ORIENTED_EDGE('',*,*,#1261,.F.);
#1291 = CYLINDRICAL_SURFACE('',#1292,0.76199999999);
#1292 = AXIS2_PLACEMENT_3D('',#1293,#1294,#1295);
#1293 = CARTESIAN_POINT('',(18.684064063481,1.95E-15,8.763));
#1294 = DIRECTION('',(0.,-1.,2.2E-16));
#1295 = DIRECTION('',(1.,0.,0.));
#1296 = ADVANCED_FACE('',(#1297),#1315,.F.);
#1297 = FACE_BOUND('',#1298,.F.);
#1298 = EDGE_LOOP('',(#1299,#1300,#1308,#1314));
#1299 = ORIENTED_EDGE('',*,*,#215,.F.);
#1300 = ORIENTED_EDGE('',*,*,#1301,.T.);
#1301 = EDGE_CURVE('',#207,#1302,#1304,.T.);
#1302 = VERTEX_POINT('',#1303);
#1303 = CARTESIAN_POINT('',(16.946606529263,2.032,3.233964875014));
#1304 = LINE('',#1305,#1306);
#1305 = CARTESIAN_POINT('',(16.946606529263,7.2E-16,3.233964875014));
#1306 = VECTOR('',#1307,1.);
#1307 = DIRECTION('',(0.,1.,-2.2E-16));
#1308 = ORIENTED_EDGE('',*,*,#1309,.T.);
#1309 = EDGE_CURVE('',#1302,#1277,#1310,.T.);
#1310 = LINE('',#1311,#1312);
#1311 = CARTESIAN_POINT('',(15.902665193528,2.032,0.995225536572));
#1312 = VECTOR('',#1313,1.);
#1313 = DIRECTION('',(0.422618274246,0.,0.906307781205));
#1314 = ORIENTED_EDGE('',*,*,#1276,.F.);
#1315 = PLANE('',#1316);
#1316 = AXIS2_PLACEMENT_3D('',#1317,#1318,#1319);
#1317 = CARTESIAN_POINT('',(16.946606529263,7.2E-16,3.233964875014));
#1318 = DIRECTION('',(0.906307781205,-9.E-17,-0.422618274246));
#1319 = DIRECTION('',(0.422618274246,2.E-16,0.906307781205));
#1320 = ADVANCED_FACE('',(#1321),#1333,.F.);
#1321 = FACE_BOUND('',#1322,.F.);
#1322 = EDGE_LOOP('',(#1323,#1324,#1325,#1332));
#1323 = ORIENTED_EDGE('',*,*,#206,.F.);
#1324 = ORIENTED_EDGE('',*,*,#1245,.T.);
#1325 = ORIENTED_EDGE('',*,*,#1326,.T.);
#1326 = EDGE_CURVE('',#1246,#1302,#1327,.T.);
#1327 = CIRCLE('',#1328,0.76199999999);
#1328 = AXIS2_PLACEMENT_3D('',#1329,#1330,#1331);
#1329 = CARTESIAN_POINT('',(16.256,2.032,3.556));
#1330 = DIRECTION('',(0.,-1.,2.2E-16));
#1331 = DIRECTION('',(1.,0.,0.));
#1332 = ORIENTED_EDGE('',*,*,#1301,.F.);
#1333 = CYLINDRICAL_SURFACE('',#1334,0.76199999999);
#1334 = AXIS2_PLACEMENT_3D('',#1335,#1336,#1337);
#1335 = CARTESIAN_POINT('',(16.256,7.9E-16,3.556));
#1336 = DIRECTION('',(0.,-1.,2.2E-16));
#1337 = DIRECTION('',(1.,0.,0.));
#1338 = ADVANCED_FACE('',(#1339),#1364,.T.);
#1339 = FACE_BOUND('',#1340,.T.);
#1340 = EDGE_LOOP('',(#1341,#1342,#1350,#1358));
#1341 = ORIENTED_EDGE('',*,*,#232,.F.);
#1342 = ORIENTED_EDGE('',*,*,#1343,.T.);
#1343 = EDGE_CURVE('',#233,#1344,#1346,.T.);
#1344 = VERTEX_POINT('',#1345);
#1345 = CARTESIAN_POINT('',(18.613393470729,2.032,3.878035124968));
#1346 = LINE('',#1347,#1348);
#1347 = CARTESIAN_POINT('',(18.613393470729,8.6E-16,3.878035124968));
#1348 = VECTOR('',#1349,1.);
#1349 = DIRECTION('',(0.,1.,-2.2E-16));
#1350 = ORIENTED_EDGE('',*,*,#1351,.T.);
#1351 = EDGE_CURVE('',#1344,#1352,#1354,.T.);
#1352 = VERTEX_POINT('',#1353);
#1353 = CARTESIAN_POINT('',(21.041457534212,2.032,9.085035124972));
#1354 = LINE('',#1355,#1356);
#1355 = CARTESIAN_POINT('',(17.569452134991,2.032,1.639295786521));
#1356 = VECTOR('',#1357,1.);
#1357 = DIRECTION('',(0.422618274246,0.,0.906307781205));
#1358 = ORIENTED_EDGE('',*,*,#1359,.F.);
#1359 = EDGE_CURVE('',#235,#1352,#1360,.T.);
#1360 = LINE('',#1361,#1362);
#1361 = CARTESIAN_POINT('',(21.041457534212,2.02E-15,9.085035124972));
#1362 = VECTOR('',#1363,1.);
#1363 = DIRECTION('',(0.,1.,-2.2E-16));
#1364 = PLANE('',#1365);
#1365 = AXIS2_PLACEMENT_3D('',#1366,#1367,#1368);
#1366 = CARTESIAN_POINT('',(18.613393470729,8.6E-16,3.878035124968));
#1367 = DIRECTION('',(0.906307781205,-9.E-17,-0.422618274246));
#1368 = DIRECTION('',(0.422618274246,2.E-16,0.906307781205));
#1369 = ADVANCED_FACE('',(#1370),#1389,.F.);
#1370 = FACE_BOUND('',#1371,.F.);
#1371 = EDGE_LOOP('',(#1372,#1373,#1381,#1388));
#1372 = ORIENTED_EDGE('',*,*,#259,.F.);
#1373 = ORIENTED_EDGE('',*,*,#1374,.T.);
#1374 = EDGE_CURVE('',#252,#1375,#1377,.T.);
#1375 = VERTEX_POINT('',#1376);
#1376 = CARTESIAN_POINT('',(22.422670592751,2.032,8.44096487503));
#1377 = LINE('',#1378,#1379);
#1378 = CARTESIAN_POINT('',(22.422670592751,1.87E-15,8.44096487503));
#1379 = VECTOR('',#1380,1.);
#1380 = DIRECTION('',(0.,1.,-2.2E-16));
#1381 = ORIENTED_EDGE('',*,*,#1382,.T.);
#1382 = EDGE_CURVE('',#1375,#1352,#1383,.T.);
#1383 = CIRCLE('',#1384,0.76199999999);
#1384 = AXIS2_PLACEMENT_3D('',#1385,#1386,#1387);
#1385 = CARTESIAN_POINT('',(21.732064063481,2.032,8.763));
#1386 = DIRECTION('',(0.,-1.,2.2E-16));
#1387 = DIRECTION('',(1.,0.,0.));
#1388 = ORIENTED_EDGE('',*,*,#1359,.F.);
#1389 = CYLINDRICAL_SURFACE('',#1390,0.76199999999);
#1390 = AXIS2_PLACEMENT_3D('',#1391,#1392,#1393);
#1391 = CARTESIAN_POINT('',(21.732064063481,1.95E-15,8.763));
#1392 = DIRECTION('',(0.,-1.,2.2E-16));
#1393 = DIRECTION('',(1.,0.,0.));
#1394 = ADVANCED_FACE('',(#1395),#1413,.F.);
#1395 = FACE_BOUND('',#1396,.F.);
#1396 = EDGE_LOOP('',(#1397,#1398,#1406,#1412));
#1397 = ORIENTED_EDGE('',*,*,#251,.F.);
#1398 = ORIENTED_EDGE('',*,*,#1399,.T.);
#1399 = EDGE_CURVE('',#243,#1400,#1402,.T.);
#1400 = VERTEX_POINT('',#1401);
#1401 = CARTESIAN_POINT('',(19.994606529263,2.032,3.233964875014));
#1402 = LINE('',#1403,#1404);
#1403 = CARTESIAN_POINT('',(19.994606529263,7.2E-16,3.233964875014));
#1404 = VECTOR('',#1405,1.);
#1405 = DIRECTION('',(0.,1.,-2.2E-16));
#1406 = ORIENTED_EDGE('',*,*,#1407,.T.);
#1407 = EDGE_CURVE('',#1400,#1375,#1408,.T.);
#1408 = LINE('',#1409,#1410);
#1409 = CARTESIAN_POINT('',(18.950665193528,2.032,0.995225536572));
#1410 = VECTOR('',#1411,1.);
#1411 = DIRECTION('',(0.422618274246,0.,0.906307781205));
#1412 = ORIENTED_EDGE('',*,*,#1374,.F.);
#1413 = PLANE('',#1414);
#1414 = AXIS2_PLACEMENT_3D('',#1415,#1416,#1417);
#1415 = CARTESIAN_POINT('',(19.994606529263,7.2E-16,3.233964875014));
#1416 = DIRECTION('',(0.906307781205,-9.E-17,-0.422618274246));
#1417 = DIRECTION('',(0.422618274246,2.E-16,0.906307781205));
#1418 = ADVANCED_FACE('',(#1419),#1431,.F.);
#1419 = FACE_BOUND('',#1420,.F.);
#1420 = EDGE_LOOP('',(#1421,#1422,#1423,#1430));
#1421 = ORIENTED_EDGE('',*,*,#242,.F.);
#1422 = ORIENTED_EDGE('',*,*,#1343,.T.);
#1423 = ORIENTED_EDGE('',*,*,#1424,.T.);
#1424 = EDGE_CURVE('',#1344,#1400,#1425,.T.);
#1425 = CIRCLE('',#1426,0.76199999999);
#1426 = AXIS2_PLACEMENT_3D('',#1427,#1428,#1429);
#1427 = CARTESIAN_POINT('',(19.304,2.032,3.556));
#1428 = DIRECTION('',(0.,-1.,2.2E-16));
#1429 = DIRECTION('',(1.,0.,0.));
#1430 = ORIENTED_EDGE('',*,*,#1399,.F.);
#1431 = CYLINDRICAL_SURFACE('',#1432,0.76199999999);
#1432 = AXIS2_PLACEMENT_3D('',#1433,#1434,#1435);
#1433 = CARTESIAN_POINT('',(19.304,7.9E-16,3.556));
#1434 = DIRECTION('',(0.,-1.,2.2E-16));
#1435 = DIRECTION('',(1.,0.,0.));
#1436 = ADVANCED_FACE('',(#1437),#1462,.T.);
#1437 = FACE_BOUND('',#1438,.T.);
#1438 = EDGE_LOOP('',(#1439,#1440,#1448,#1456));
#1439 = ORIENTED_EDGE('',*,*,#268,.F.);
#1440 = ORIENTED_EDGE('',*,*,#1441,.T.);
#1441 = EDGE_CURVE('',#269,#1442,#1444,.T.);
#1442 = VERTEX_POINT('',#1443);
#1443 = CARTESIAN_POINT('',(6.421393470729,2.032,3.878035124968));
#1444 = LINE('',#1445,#1446);
#1445 = CARTESIAN_POINT('',(6.421393470729,8.6E-16,3.878035124968));
#1446 = VECTOR('',#1447,1.);
#1447 = DIRECTION('',(0.,1.,-2.2E-16));
#1448 = ORIENTED_EDGE('',*,*,#1449,.T.);
#1449 = EDGE_CURVE('',#1442,#1450,#1452,.T.);
#1450 = VERTEX_POINT('',#1451);
#1451 = CARTESIAN_POINT('',(8.849457534212,2.032,9.085035124972));
#1452 = LINE('',#1453,#1454);
#1453 = CARTESIAN_POINT('',(5.377452134991,2.032,1.639295786521));
#1454 = VECTOR('',#1455,1.);
#1455 = DIRECTION('',(0.422618274246,0.,0.906307781205));
#1456 = ORIENTED_EDGE('',*,*,#1457,.F.);
#1457 = EDGE_CURVE('',#271,#1450,#1458,.T.);
#1458 = LINE('',#1459,#1460);
#1459 = CARTESIAN_POINT('',(8.849457534212,2.02E-15,9.085035124972));
#1460 = VECTOR('',#1461,1.);
#1461 = DIRECTION('',(0.,1.,-2.2E-16));
#1462 = PLANE('',#1463);
#1463 = AXIS2_PLACEMENT_3D('',#1464,#1465,#1466);
#1464 = CARTESIAN_POINT('',(6.421393470729,8.6E-16,3.878035124968));
#1465 = DIRECTION('',(0.906307781205,-9.E-17,-0.422618274246));
#1466 = DIRECTION('',(0.422618274246,2.E-16,0.906307781205));
#1467 = ADVANCED_FACE('',(#1468),#1487,.F.);
#1468 = FACE_BOUND('',#1469,.F.);
#1469 = EDGE_LOOP('',(#1470,#1471,#1479,#1486));
#1470 = ORIENTED_EDGE('',*,*,#295,.F.);
#1471 = ORIENTED_EDGE('',*,*,#1472,.T.);
#1472 = EDGE_CURVE('',#288,#1473,#1475,.T.);
#1473 = VERTEX_POINT('',#1474);
#1474 = CARTESIAN_POINT('',(10.230670592751,2.032,8.44096487503));
#1475 = LINE('',#1476,#1477);
#1476 = CARTESIAN_POINT('',(10.230670592751,1.87E-15,8.44096487503));
#1477 = VECTOR('',#1478,1.);
#1478 = DIRECTION('',(0.,1.,-2.2E-16));
#1479 = ORIENTED_EDGE('',*,*,#1480,.T.);
#1480 = EDGE_CURVE('',#1473,#1450,#1481,.T.);
#1481 = CIRCLE('',#1482,0.76199999999);
#1482 = AXIS2_PLACEMENT_3D('',#1483,#1484,#1485);
#1483 = CARTESIAN_POINT('',(9.540064063481,2.032,8.763));
#1484 = DIRECTION('',(0.,-1.,2.2E-16));
#1485 = DIRECTION('',(1.,0.,0.));
#1486 = ORIENTED_EDGE('',*,*,#1457,.F.);
#1487 = CYLINDRICAL_SURFACE('',#1488,0.76199999999);
#1488 = AXIS2_PLACEMENT_3D('',#1489,#1490,#1491);
#1489 = CARTESIAN_POINT('',(9.540064063481,1.95E-15,8.763));
#1490 = DIRECTION('',(0.,-1.,2.2E-16));
#1491 = DIRECTION('',(1.,0.,0.));
#1492 = ADVANCED_FACE('',(#1493),#1511,.F.);
#1493 = FACE_BOUND('',#1494,.F.);
#1494 = EDGE_LOOP('',(#1495,#1496,#1504,#1510));
#1495 = ORIENTED_EDGE('',*,*,#287,.F.);
#1496 = ORIENTED_EDGE('',*,*,#1497,.T.);
#1497 = EDGE_CURVE('',#279,#1498,#1500,.T.);
#1498 = VERTEX_POINT('',#1499);
#1499 = CARTESIAN_POINT('',(7.802606529263,2.032,3.233964875014));
#1500 = LINE('',#1501,#1502);
#1501 = CARTESIAN_POINT('',(7.802606529263,7.2E-16,3.233964875014));
#1502 = VECTOR('',#1503,1.);
#1503 = DIRECTION('',(0.,1.,-2.2E-16));
#1504 = ORIENTED_EDGE('',*,*,#1505,.T.);
#1505 = EDGE_CURVE('',#1498,#1473,#1506,.T.);
#1506 = LINE('',#1507,#1508);
#1507 = CARTESIAN_POINT('',(6.758665193528,2.032,0.995225536572));
#1508 = VECTOR('',#1509,1.);
#1509 = DIRECTION('',(0.422618274246,0.,0.906307781205));
#1510 = ORIENTED_EDGE('',*,*,#1472,.F.);
#1511 = PLANE('',#1512);
#1512 = AXIS2_PLACEMENT_3D('',#1513,#1514,#1515);
#1513 = CARTESIAN_POINT('',(7.802606529263,7.2E-16,3.233964875014));
#1514 = DIRECTION('',(0.906307781205,-9.E-17,-0.422618274246));
#1515 = DIRECTION('',(0.422618274246,2.E-16,0.906307781205));
#1516 = ADVANCED_FACE('',(#1517),#1529,.F.);
#1517 = FACE_BOUND('',#1518,.F.);
#1518 = EDGE_LOOP('',(#1519,#1520,#1521,#1528));
#1519 = ORIENTED_EDGE('',*,*,#278,.F.);
#1520 = ORIENTED_EDGE('',*,*,#1441,.T.);
#1521 = ORIENTED_EDGE('',*,*,#1522,.T.);
#1522 = EDGE_CURVE('',#1442,#1498,#1523,.T.);
#1523 = CIRCLE('',#1524,0.76199999999);
#1524 = AXIS2_PLACEMENT_3D('',#1525,#1526,#1527);
#1525 = CARTESIAN_POINT('',(7.112,2.032,3.556));
#1526 = DIRECTION('',(0.,-1.,2.2E-16));
#1527 = DIRECTION('',(1.,0.,0.));
#1528 = ORIENTED_EDGE('',*,*,#1497,.F.);
#1529 = CYLINDRICAL_SURFACE('',#1530,0.76199999999);
#1530 = AXIS2_PLACEMENT_3D('',#1531,#1532,#1533);
#1531 = CARTESIAN_POINT('',(7.112,7.9E-16,3.556));
#1532 = DIRECTION('',(0.,-1.,2.2E-16));
#1533 = DIRECTION('',(1.,0.,0.));
#1534 = ADVANCED_FACE('',(#1535),#1553,.F.);
#1535 = FACE_BOUND('',#1536,.T.);
#1536 = EDGE_LOOP('',(#1537,#1545,#1546,#1547));
#1537 = ORIENTED_EDGE('',*,*,#1538,.F.);
#1538 = EDGE_CURVE('',#470,#1539,#1541,.T.);
#1539 = VERTEX_POINT('',#1540);
#1540 = CARTESIAN_POINT('',(1.099852262806,48.26,12.192));
#1541 = LINE('',#1542,#1543);
#1542 = CARTESIAN_POINT('',(-8.9E-16,48.26,10.287));
#1543 = VECTOR('',#1544,1.);
#1544 = DIRECTION('',(0.5,-2.1E-16,0.866025403784));
#1545 = ORIENTED_EDGE('',*,*,#477,.T.);
#1546 = ORIENTED_EDGE('',*,*,#310,.T.);
#1547 = ORIENTED_EDGE('',*,*,#1548,.F.);
#1548 = EDGE_CURVE('',#1539,#311,#1549,.T.);
#1549 = LINE('',#1550,#1551);
#1550 = CARTESIAN_POINT('',(1.099852262806,48.26,12.192));
#1551 = VECTOR('',#1552,1.);
#1552 = DIRECTION('',(0.,-1.,0.));
#1553 = PLANE('',#1554);
#1554 = AXIS2_PLACEMENT_3D('',#1555,#1556,#1557);
#1555 = CARTESIAN_POINT('',(0.549926131403,48.26,11.2395));
#1556 = DIRECTION('',(0.866025403784,1.E-17,-0.5));
#1557 = DIRECTION('',(-6.830127018922E-18,1.,8.169872981078E-18));
#1558 = ADVANCED_FACE('',(#1559),#1605,.T.);
#1559 = FACE_BOUND('',#1560,.T.);
#1560 = EDGE_LOOP('',(#1561,#1571,#1580,#1588,#1595,#1596,#1597,#1598));
#1561 = ORIENTED_EDGE('',*,*,#1562,.T.);
#1562 = EDGE_CURVE('',#1563,#1565,#1567,.T.);
#1563 = VERTEX_POINT('',#1564);
#1564 = CARTESIAN_POINT('',(25.062147737194,2.54,12.192));
#1565 = VERTEX_POINT('',#1566);
#1566 = CARTESIAN_POINT('',(25.062147737194,48.26,12.192));
#1567 = LINE('',#1568,#1569);
#1568 = CARTESIAN_POINT('',(25.062147737194,2.54,12.192));
#1569 = VECTOR('',#1570,1.);
#1570 = DIRECTION('',(0.,1.,0.));
#1571 = ORIENTED_EDGE('',*,*,#1572,.T.);
#1572 = EDGE_CURVE('',#1565,#1573,#1575,.T.);
#1573 = VERTEX_POINT('',#1574);
#1574 = CARTESIAN_POINT('',(23.622,49.700147737194,12.192));
#1575 = CIRCLE('',#1576,1.440147737194);
#1576 = AXIS2_PLACEMENT_3D('',#1577,#1578,#1579);
#1577 = CARTESIAN_POINT('',(23.622,48.26,12.192));
#1578 = DIRECTION('',(0.,0.,1.));
#1579 = DIRECTION('',(1.,0.,0.));
#1580 = ORIENTED_EDGE('',*,*,#1581,.T.);
#1581 = EDGE_CURVE('',#1573,#1582,#1584,.T.);
#1582 = VERTEX_POINT('',#1583);
#1583 = CARTESIAN_POINT('',(2.54,49.700147737194,12.192));
#1584 = LINE('',#1585,#1586);
#1585 = CARTESIAN_POINT('',(23.622,49.700147737194,12.192));
#1586 = VECTOR('',#1587,1.);
#1587 = DIRECTION('',(-1.,0.,0.));
#1588 = ORIENTED_EDGE('',*,*,#1589,.T.);
#1589 = EDGE_CURVE('',#1582,#1539,#1590,.T.);
#1590 = CIRCLE('',#1591,1.440147737194);
#1591 = AXIS2_PLACEMENT_3D('',#1592,#1593,#1594);
#1592 = CARTESIAN_POINT('',(2.54,48.26,12.192));
#1593 = DIRECTION('',(0.,-0.,1.));
#1594 = DIRECTION('',(3.5E-16,1.,0.));
#1595 = ORIENTED_EDGE('',*,*,#1548,.T.);
#1596 = ORIENTED_EDGE('',*,*,#327,.T.);
#1597 = ORIENTED_EDGE('',*,*,#911,.T.);
#1598 = ORIENTED_EDGE('',*,*,#1599,.T.);
#1599 = EDGE_CURVE('',#904,#1563,#1600,.T.);
#1600 = CIRCLE('',#1601,1.440147737194);
#1601 = AXIS2_PLACEMENT_3D('',#1602,#1603,#1604);
#1602 = CARTESIAN_POINT('',(23.622,2.54,12.192));
#1603 = DIRECTION('',(-0.,0.,1.));
#1604 = DIRECTION('',(0.,-1.,0.));
#1605 = PLANE('',#1606);
#1606 = AXIS2_PLACEMENT_3D('',#1607,#1608,#1609);
#1607 = CARTESIAN_POINT('',(13.081,25.4,12.192));
#1608 = DIRECTION('',(0.,0.,1.));
#1609 = DIRECTION('',(1.,0.,0.));
#1610 = ADVANCED_FACE('',(#1611),#1662,.F.);
#1611 = FACE_BOUND('',#1612,.F.);
#1612 = EDGE_LOOP('',(#1613,#1621,#1622,#1623,#1631,#1640,#1648,#1656));
#1613 = ORIENTED_EDGE('',*,*,#1614,.F.);
#1614 = EDGE_CURVE('',#486,#1615,#1617,.T.);
#1615 = VERTEX_POINT('',#1616);
#1616 = CARTESIAN_POINT('',(2.032,7.9248,2.5146));
#1617 = LINE('',#1618,#1619);
#1618 = CARTESIAN_POINT('',(0.,7.9248,2.5146));
#1619 = VECTOR('',#1620,1.);
#1620 = DIRECTION('',(1.,0.,0.));
#1621 = ORIENTED_EDGE('',*,*,#485,.T.);
#1622 = ORIENTED_EDGE('',*,*,#445,.T.);
#1623 = ORIENTED_EDGE('',*,*,#1624,.F.);
#1624 = EDGE_CURVE('',#1625,#438,#1627,.T.);
#1625 = VERTEX_POINT('',#1626);
#1626 = CARTESIAN_POINT('',(1.016,7.9248,0.508));
#1627 = LINE('',#1628,#1629);
#1628 = CARTESIAN_POINT('',(1.016,7.9248,1.63E-14));
#1629 = VECTOR('',#1630,1.);
#1630 = DIRECTION('',(-2.2E-16,1.E-16,-1.));
#1631 = ORIENTED_EDGE('',*,*,#1632,.F.);
#1632 = EDGE_CURVE('',#1633,#1625,#1635,.T.);
#1633 = VERTEX_POINT('',#1634);
#1634 = CARTESIAN_POINT('',(1.016,7.9248,1.016));
#1635 = CIRCLE('',#1636,0.26035000002);
#1636 = AXIS2_PLACEMENT_3D('',#1637,#1638,#1639);
#1637 = CARTESIAN_POINT('',(1.073150000089,7.9248,0.762));
#1638 = DIRECTION('',(0.,-1.,1.2E-16));
#1639 = DIRECTION('',(1.,-2.64E-32,-2.2E-16));
#1640 = ORIENTED_EDGE('',*,*,#1641,.F.);
#1641 = EDGE_CURVE('',#1642,#1633,#1644,.T.);
#1642 = VERTEX_POINT('',#1643);
#1643 = CARTESIAN_POINT('',(1.016,7.9248,2.032));
#1644 = LINE('',#1645,#1646);
#1645 = CARTESIAN_POINT('',(1.016,7.9248,2.032));
#1646 = VECTOR('',#1647,1.);
#1647 = DIRECTION('',(-2.2E-16,1.E-16,-1.));
#1648 = ORIENTED_EDGE('',*,*,#1649,.F.);
#1649 = EDGE_CURVE('',#1650,#1642,#1652,.T.);
#1650 = VERTEX_POINT('',#1651);
#1651 = CARTESIAN_POINT('',(2.032,7.9248,2.032));
#1652 = LINE('',#1653,#1654);
#1653 = CARTESIAN_POINT('',(2.032,7.9248,2.032));
#1654 = VECTOR('',#1655,1.);
#1655 = DIRECTION('',(-1.,4.4E-16,2.2E-16));
#1656 = ORIENTED_EDGE('',*,*,#1657,.T.);
#1657 = EDGE_CURVE('',#1650,#1615,#1658,.T.);
#1658 = LINE('',#1659,#1660);
#1659 = CARTESIAN_POINT('',(2.032,7.9248,0.8509));
#1660 = VECTOR('',#1661,1.);
#1661 = DIRECTION('',(0.,0.,1.));
#1662 = PLANE('',#1663);
#1663 = AXIS2_PLACEMENT_3D('',#1664,#1665,#1666);
#1664 = CARTESIAN_POINT('',(1.016,7.9248,1.2573));
#1665 = DIRECTION('',(-2.4E-16,-1.,-0.));
#1666 = DIRECTION('',(-1.,2.4E-16,0.));
#1667 = ADVANCED_FACE('',(#1668),#1686,.F.);
#1668 = FACE_BOUND('',#1669,.F.);
#1669 = EDGE_LOOP('',(#1670,#1678,#1679,#1680));
#1670 = ORIENTED_EDGE('',*,*,#1671,.F.);
#1671 = EDGE_CURVE('',#1625,#1672,#1674,.T.);
#1672 = VERTEX_POINT('',#1673);
#1673 = CARTESIAN_POINT('',(1.016,2.54,0.508));
#1674 = LINE('',#1675,#1676);
#1675 = CARTESIAN_POINT('',(1.016,7.9248,0.508));
#1676 = VECTOR('',#1677,1.);
#1677 = DIRECTION('',(0.,-1.,1.2E-16));
#1678 = ORIENTED_EDGE('',*,*,#1624,.T.);
#1679 = ORIENTED_EDGE('',*,*,#437,.T.);
#1680 = ORIENTED_EDGE('',*,*,#1681,.F.);
#1681 = EDGE_CURVE('',#1672,#429,#1682,.T.);
#1682 = LINE('',#1683,#1684);
#1683 = CARTESIAN_POINT('',(1.016,2.54,1.577E-14));
#1684 = VECTOR('',#1685,1.);
#1685 = DIRECTION('',(-2.2E-16,1.E-16,-1.));
#1686 = PLANE('',#1687);
#1687 = AXIS2_PLACEMENT_3D('',#1688,#1689,#1690);
#1688 = CARTESIAN_POINT('',(1.016,7.9248,1.63E-14));
#1689 = DIRECTION('',(-1.,0.,2.2E-16));
#1690 = DIRECTION('',(-2.2E-16,1.E-16,-1.));
#1691 = ADVANCED_FACE('',(#1692),#1711,.F.);
#1692 = FACE_BOUND('',#1693,.T.);
#1693 = EDGE_LOOP('',(#1694,#1703,#1709,#1710));
#1694 = ORIENTED_EDGE('',*,*,#1695,.T.);
#1695 = EDGE_CURVE('',#1672,#1696,#1698,.T.);
#1696 = VERTEX_POINT('',#1697);
#1697 = CARTESIAN_POINT('',(2.54,1.016,0.508));
#1698 = CIRCLE('',#1699,1.524);
#1699 = AXIS2_PLACEMENT_3D('',#1700,#1701,#1702);
#1700 = CARTESIAN_POINT('',(2.54,2.54,0.508));
#1701 = DIRECTION('',(-0.,1.2E-16,1.));
#1702 = DIRECTION('',(0.,-1.,1.2E-16));
#1703 = ORIENTED_EDGE('',*,*,#1704,.T.);
#1704 = EDGE_CURVE('',#1696,#421,#1705,.T.);
#1705 = LINE('',#1706,#1707);
#1706 = CARTESIAN_POINT('',(2.54,1.016,1.715E-14));
#1707 = VECTOR('',#1708,1.);
#1708 = DIRECTION('',(-0.,-1.2E-16,-1.));
#1709 = ORIENTED_EDGE('',*,*,#428,.F.);
#1710 = ORIENTED_EDGE('',*,*,#1681,.F.);
#1711 = CYLINDRICAL_SURFACE('',#1712,1.524);
#1712 = AXIS2_PLACEMENT_3D('',#1713,#1714,#1715);
#1713 = CARTESIAN_POINT('',(2.54,2.54,1.696E-14));
#1714 = DIRECTION('',(-0.,-1.2E-16,-1.));
#1715 = DIRECTION('',(0.,-1.,1.2E-16));
#1716 = ADVANCED_FACE('',(#1717),#1735,.F.);
#1717 = FACE_BOUND('',#1718,.F.);
#1718 = EDGE_LOOP('',(#1719,#1727,#1728,#1729));
#1719 = ORIENTED_EDGE('',*,*,#1720,.F.);
#1720 = EDGE_CURVE('',#1696,#1721,#1723,.T.);
#1721 = VERTEX_POINT('',#1722);
#1722 = CARTESIAN_POINT('',(23.622,1.016,0.508));
#1723 = LINE('',#1724,#1725);
#1724 = CARTESIAN_POINT('',(2.54,1.016,0.508));
#1725 = VECTOR('',#1726,1.);
#1726 = DIRECTION('',(1.,0.,0.));
#1727 = ORIENTED_EDGE('',*,*,#1704,.T.);
#1728 = ORIENTED_EDGE('',*,*,#420,.T.);
#1729 = ORIENTED_EDGE('',*,*,#1730,.F.);
#1730 = EDGE_CURVE('',#1721,#412,#1731,.T.);
#1731 = LINE('',#1732,#1733);
#1732 = CARTESIAN_POINT('',(23.622,1.016,1.247E-14));
#1733 = VECTOR('',#1734,1.);
#1734 = DIRECTION('',(-2.2E-16,-3.4E-16,-1.));
#1735 = PLANE('',#1736);
#1736 = AXIS2_PLACEMENT_3D('',#1737,#1738,#1739);
#1737 = CARTESIAN_POINT('',(2.54,1.016,1.715E-14));
#1738 = DIRECTION('',(0.,-1.,3.4E-16));
#1739 = DIRECTION('',(-2.2E-16,-3.4E-16,-1.));
#1740 = ADVANCED_FACE('',(#1741),#1760,.F.);
#1741 = FACE_BOUND('',#1742,.T.);
#1742 = EDGE_LOOP('',(#1743,#1752,#1758,#1759));
#1743 = ORIENTED_EDGE('',*,*,#1744,.T.);
#1744 = EDGE_CURVE('',#1721,#1745,#1747,.T.);
#1745 = VERTEX_POINT('',#1746);
#1746 = CARTESIAN_POINT('',(25.146,2.54,0.508));
#1747 = CIRCLE('',#1748,1.524);
#1748 = AXIS2_PLACEMENT_3D('',#1749,#1750,#1751);
#1749 = CARTESIAN_POINT('',(23.622,2.54,0.508));
#1750 = DIRECTION('',(-0.,1.2E-16,1.));
#1751 = DIRECTION('',(0.,-1.,1.2E-16));
#1752 = ORIENTED_EDGE('',*,*,#1753,.T.);
#1753 = EDGE_CURVE('',#1745,#404,#1754,.T.);
#1754 = LINE('',#1755,#1756);
#1755 = CARTESIAN_POINT('',(25.146,2.54,1.696E-14));
#1756 = VECTOR('',#1757,1.);
#1757 = DIRECTION('',(-0.,-1.2E-16,-1.));
#1758 = ORIENTED_EDGE('',*,*,#411,.F.);
#1759 = ORIENTED_EDGE('',*,*,#1730,.F.);
#1760 = CYLINDRICAL_SURFACE('',#1761,1.524);
#1761 = AXIS2_PLACEMENT_3D('',#1762,#1763,#1764);
#1762 = CARTESIAN_POINT('',(23.622,2.54,1.696E-14));
#1763 = DIRECTION('',(-0.,-1.2E-16,-1.));
#1764 = DIRECTION('',(0.,-1.,1.2E-16));
#1765 = ADVANCED_FACE('',(#1766),#1784,.F.);
#1766 = FACE_BOUND('',#1767,.F.);
#1767 = EDGE_LOOP('',(#1768,#1776,#1777,#1778));
#1768 = ORIENTED_EDGE('',*,*,#1769,.F.);
#1769 = EDGE_CURVE('',#1745,#1770,#1772,.T.);
#1770 = VERTEX_POINT('',#1771);
#1771 = CARTESIAN_POINT('',(25.146,48.26,0.508));
#1772 = LINE('',#1773,#1774);
#1773 = CARTESIAN_POINT('',(25.146,2.54,0.508));
#1774 = VECTOR('',#1775,1.);
#1775 = DIRECTION('',(0.,1.,-1.2E-16));
#1776 = ORIENTED_EDGE('',*,*,#1753,.T.);
#1777 = ORIENTED_EDGE('',*,*,#403,.T.);
#1778 = ORIENTED_EDGE('',*,*,#1779,.F.);
#1779 = EDGE_CURVE('',#1770,#395,#1780,.T.);
#1780 = LINE('',#1781,#1782);
#1781 = CARTESIAN_POINT('',(25.146,48.26,1.21E-15));
#1782 = VECTOR('',#1783,1.);
#1783 = DIRECTION('',(2.2E-16,-3.4E-16,-1.));
#1784 = PLANE('',#1785);
#1785 = AXIS2_PLACEMENT_3D('',#1786,#1787,#1788);
#1786 = CARTESIAN_POINT('',(25.146,2.54,1.696E-14));
#1787 = DIRECTION('',(1.,0.,2.2E-16));
#1788 = DIRECTION('',(2.2E-16,-3.4E-16,-1.));
#1789 = ADVANCED_FACE('',(#1790),#1809,.F.);
#1790 = FACE_BOUND('',#1791,.T.);
#1791 = EDGE_LOOP('',(#1792,#1801,#1807,#1808));
#1792 = ORIENTED_EDGE('',*,*,#1793,.T.);
#1793 = EDGE_CURVE('',#1770,#1794,#1796,.T.);
#1794 = VERTEX_POINT('',#1795);
#1795 = CARTESIAN_POINT('',(23.622,49.784,0.508));
#1796 = CIRCLE('',#1797,1.524);
#1797 = AXIS2_PLACEMENT_3D('',#1798,#1799,#1800);
#1798 = CARTESIAN_POINT('',(23.622,48.26,0.508));
#1799 = DIRECTION('',(-0.,1.2E-16,1.));
#1800 = DIRECTION('',(0.,-1.,1.2E-16));
#1801 = ORIENTED_EDGE('',*,*,#1802,.T.);
#1802 = EDGE_CURVE('',#1794,#387,#1803,.T.);
#1803 = LINE('',#1804,#1805);
#1804 = CARTESIAN_POINT('',(23.622,49.784,1.118E-14));
#1805 = VECTOR('',#1806,1.);
#1806 = DIRECTION('',(0.,-1.2E-16,-1.));
#1807 = ORIENTED_EDGE('',*,*,#394,.F.);
#1808 = ORIENTED_EDGE('',*,*,#1779,.F.);
#1809 = CYLINDRICAL_SURFACE('',#1810,1.524);
#1810 = AXIS2_PLACEMENT_3D('',#1811,#1812,#1813);
#1811 = CARTESIAN_POINT('',(23.622,48.26,1.137E-14));
#1812 = DIRECTION('',(0.,-1.2E-16,-1.));
#1813 = DIRECTION('',(0.,-1.,1.2E-16));
#1814 = ADVANCED_FACE('',(#1815),#1833,.F.);
#1815 = FACE_BOUND('',#1816,.F.);
#1816 = EDGE_LOOP('',(#1817,#1825,#1826,#1827));
#1817 = ORIENTED_EDGE('',*,*,#1818,.F.);
#1818 = EDGE_CURVE('',#1794,#1819,#1821,.T.);
#1819 = VERTEX_POINT('',#1820);
#1820 = CARTESIAN_POINT('',(18.796,49.784,0.508));
#1821 = LINE('',#1822,#1823);
#1822 = CARTESIAN_POINT('',(23.622,49.784,0.508));
#1823 = VECTOR('',#1824,1.);
#1824 = DIRECTION('',(-1.,0.,0.));
#1825 = ORIENTED_EDGE('',*,*,#1802,.T.);
#1826 = ORIENTED_EDGE('',*,*,#386,.T.);
#1827 = ORIENTED_EDGE('',*,*,#1828,.F.);
#1828 = EDGE_CURVE('',#1819,#379,#1829,.T.);
#1829 = LINE('',#1830,#1831);
#1830 = CARTESIAN_POINT('',(18.796,49.784,9.98E-15));
#1831 = VECTOR('',#1832,1.);
#1832 = DIRECTION('',(2.2E-16,2.2E-16,-1.));
#1833 = PLANE('',#1834);
#1834 = AXIS2_PLACEMENT_3D('',#1835,#1836,#1837);
#1835 = CARTESIAN_POINT('',(23.622,49.784,1.105E-14));
#1836 = DIRECTION('',(0.,1.,2.2E-16));
#1837 = DIRECTION('',(2.2E-16,2.2E-16,-1.));
#1838 = ADVANCED_FACE('',(#1839),#1890,.F.);
#1839 = FACE_BOUND('',#1840,.F.);
#1840 = EDGE_LOOP('',(#1841,#1849,#1857,#1865,#1873,#1881,#1888,#1889));
#1841 = ORIENTED_EDGE('',*,*,#1842,.F.);
#1842 = EDGE_CURVE('',#1843,#371,#1845,.T.);
#1843 = VERTEX_POINT('',#1844);
#1844 = CARTESIAN_POINT('',(18.796,50.8,5.4864));
#1845 = LINE('',#1846,#1847);
#1846 = CARTESIAN_POINT('',(18.796,50.8,5.4864));
#1847 = VECTOR('',#1848,1.);
#1848 = DIRECTION('',(0.,0.,-1.));
#1849 = ORIENTED_EDGE('',*,*,#1850,.T.);
#1850 = EDGE_CURVE('',#1843,#1851,#1853,.T.);
#1851 = VERTEX_POINT('',#1852);
#1852 = CARTESIAN_POINT('',(18.796,48.768,5.4864));
#1853 = LINE('',#1854,#1855);
#1854 = CARTESIAN_POINT('',(18.796,50.8,5.4864));
#1855 = VECTOR('',#1856,1.);
#1856 = DIRECTION('',(0.,-1.,2.2E-16));
#1857 = ORIENTED_EDGE('',*,*,#1858,.T.);
#1858 = EDGE_CURVE('',#1851,#1859,#1861,.T.);
#1859 = VERTEX_POINT('',#1860);
#1860 = CARTESIAN_POINT('',(18.796,48.768,2.032));
#1861 = LINE('',#1862,#1863);
#1862 = CARTESIAN_POINT('',(18.796,48.768,2.7432));
#1863 = VECTOR('',#1864,1.);
#1864 = DIRECTION('',(0.,0.,-1.));
#1865 = ORIENTED_EDGE('',*,*,#1866,.T.);
#1866 = EDGE_CURVE('',#1859,#1867,#1869,.T.);
#1867 = VERTEX_POINT('',#1868);
#1868 = CARTESIAN_POINT('',(18.796,49.784,2.032));
#1869 = LINE('',#1870,#1871);
#1870 = CARTESIAN_POINT('',(18.796,48.768,2.032));
#1871 = VECTOR('',#1872,1.);
#1872 = DIRECTION('',(4.4E-16,1.,2.2E-16));
#1873 = ORIENTED_EDGE('',*,*,#1874,.T.);
#1874 = EDGE_CURVE('',#1867,#1875,#1877,.T.);
#1875 = VERTEX_POINT('',#1876);
#1876 = CARTESIAN_POINT('',(18.796,49.784,1.016));
#1877 = LINE('',#1878,#1879);
#1878 = CARTESIAN_POINT('',(18.796,49.784,2.032));
#1879 = VECTOR('',#1880,1.);
#1880 = DIRECTION('',(2.2E-16,2.2E-16,-1.));
#1881 = ORIENTED_EDGE('',*,*,#1882,.T.);
#1882 = EDGE_CURVE('',#1875,#1819,#1883,.T.);
#1883 = CIRCLE('',#1884,0.26035000002);
#1884 = AXIS2_PLACEMENT_3D('',#1885,#1886,#1887);
#1885 = CARTESIAN_POINT('',(18.796,49.726849999911,0.762));
#1886 = DIRECTION('',(-1.,0.,0.));
#1887 = DIRECTION('',(-0.,-1.,-2.2E-16));
#1888 = ORIENTED_EDGE('',*,*,#1828,.T.);
#1889 = ORIENTED_EDGE('',*,*,#378,.T.);
#1890 = PLANE('',#1891);
#1891 = AXIS2_PLACEMENT_3D('',#1892,#1893,#1894);
#1892 = CARTESIAN_POINT('',(18.796,50.8,5.4864));
#1893 = DIRECTION('',(1.,0.,0.));
#1894 = DIRECTION('',(0.,-2.2E-16,-1.));
#1895 = ADVANCED_FACE('',(#1896),#1964,.F.);
#1896 = FACE_BOUND('',#1897,.F.);
#1897 = EDGE_LOOP('',(#1898,#1908,#1916,#1924,#1933,#1941,#1948,#1949,
    #1950,#1958));
#1898 = ORIENTED_EDGE('',*,*,#1899,.F.);
#1899 = EDGE_CURVE('',#1900,#1902,#1904,.T.);
#1900 = VERTEX_POINT('',#1901);
#1901 = CARTESIAN_POINT('',(2.54,50.8,0.));
#1902 = VERTEX_POINT('',#1903);
#1903 = CARTESIAN_POINT('',(2.54,50.8,10.287));
#1904 = LINE('',#1905,#1906);
#1905 = CARTESIAN_POINT('',(2.54,50.8,0.));
#1906 = VECTOR('',#1907,1.);
#1907 = DIRECTION('',(0.,0.,1.));
#1908 = ORIENTED_EDGE('',*,*,#1909,.F.);
#1909 = EDGE_CURVE('',#1910,#1900,#1912,.T.);
#1910 = VERTEX_POINT('',#1911);
#1911 = CARTESIAN_POINT('',(8.636,50.8,0.));
#1912 = LINE('',#1913,#1914);
#1913 = CARTESIAN_POINT('',(26.162,50.8,0.));
#1914 = VECTOR('',#1915,1.);
#1915 = DIRECTION('',(-1.,0.,0.));
#1916 = ORIENTED_EDGE('',*,*,#1917,.T.);
#1917 = EDGE_CURVE('',#1910,#1918,#1920,.T.);
#1918 = VERTEX_POINT('',#1919);
#1919 = CARTESIAN_POINT('',(8.636,50.8,5.4864));
#1920 = LINE('',#1921,#1922);
#1921 = CARTESIAN_POINT('',(8.636,50.8,-0.6096));
#1922 = VECTOR('',#1923,1.);
#1923 = DIRECTION('',(0.,0.,1.));
#1924 = ORIENTED_EDGE('',*,*,#1925,.T.);
#1925 = EDGE_CURVE('',#1918,#1926,#1928,.T.);
#1926 = VERTEX_POINT('',#1927);
#1927 = CARTESIAN_POINT('',(8.763,50.8,5.6134));
#1928 = CIRCLE('',#1929,0.127);
#1929 = AXIS2_PLACEMENT_3D('',#1930,#1931,#1932);
#1930 = CARTESIAN_POINT('',(8.763,50.8,5.4864));
#1931 = DIRECTION('',(0.,1.,-0.));
#1932 = DIRECTION('',(-1.,0.,0.));
#1933 = ORIENTED_EDGE('',*,*,#1934,.T.);
#1934 = EDGE_CURVE('',#1926,#1935,#1937,.T.);
#1935 = VERTEX_POINT('',#1936);
#1936 = CARTESIAN_POINT('',(18.669,50.8,5.6134));
#1937 = LINE('',#1938,#1939);
#1938 = CARTESIAN_POINT('',(8.763,50.8,5.6134));
#1939 = VECTOR('',#1940,1.);
#1940 = DIRECTION('',(1.,0.,0.));
#1941 = ORIENTED_EDGE('',*,*,#1942,.T.);
#1942 = EDGE_CURVE('',#1935,#1843,#1943,.T.);
#1943 = CIRCLE('',#1944,0.127);
#1944 = AXIS2_PLACEMENT_3D('',#1945,#1946,#1947);
#1945 = CARTESIAN_POINT('',(18.669,50.8,5.4864));
#1946 = DIRECTION('',(0.,1.,-0.));
#1947 = DIRECTION('',(-1.,0.,0.));
#1948 = ORIENTED_EDGE('',*,*,#1842,.T.);
#1949 = ORIENTED_EDGE('',*,*,#370,.F.);
#1950 = ORIENTED_EDGE('',*,*,#1951,.T.);
#1951 = EDGE_CURVE('',#362,#1952,#1954,.T.);
#1952 = VERTEX_POINT('',#1953);
#1953 = CARTESIAN_POINT('',(23.622,50.8,10.287));
#1954 = LINE('',#1955,#1956);
#1955 = CARTESIAN_POINT('',(23.622,50.8,0.));
#1956 = VECTOR('',#1957,1.);
#1957 = DIRECTION('',(0.,0.,1.));
#1958 = ORIENTED_EDGE('',*,*,#1959,.T.);
#1959 = EDGE_CURVE('',#1952,#1902,#1960,.T.);
#1960 = LINE('',#1961,#1962);
#1961 = CARTESIAN_POINT('',(23.622,50.8,10.287));
#1962 = VECTOR('',#1963,1.);
#1963 = DIRECTION('',(-1.,0.,0.));
#1964 = PLANE('',#1965);
#1965 = AXIS2_PLACEMENT_3D('',#1966,#1967,#1968);
#1966 = CARTESIAN_POINT('',(26.162,50.8,0.));
#1967 = DIRECTION('',(0.,-1.,0.));
#1968 = DIRECTION('',(-1.,0.,0.));
#1969 = ADVANCED_FACE('',(#1970),#1989,.T.);
#1970 = FACE_BOUND('',#1971,.T.);
#1971 = EDGE_LOOP('',(#1972,#1980,#1981,#1982));
#1972 = ORIENTED_EDGE('',*,*,#1973,.F.);
#1973 = EDGE_CURVE('',#354,#1974,#1976,.T.);
#1974 = VERTEX_POINT('',#1975);
#1975 = CARTESIAN_POINT('',(26.162,48.26,10.287));
#1976 = LINE('',#1977,#1978);
#1977 = CARTESIAN_POINT('',(26.162,48.26,0.));
#1978 = VECTOR('',#1979,1.);
#1979 = DIRECTION('',(0.,0.,1.));
#1980 = ORIENTED_EDGE('',*,*,#361,.T.);
#1981 = ORIENTED_EDGE('',*,*,#1951,.T.);
#1982 = ORIENTED_EDGE('',*,*,#1983,.F.);
#1983 = EDGE_CURVE('',#1974,#1952,#1984,.T.);
#1984 = CIRCLE('',#1985,2.54);
#1985 = AXIS2_PLACEMENT_3D('',#1986,#1987,#1988);
#1986 = CARTESIAN_POINT('',(23.622,48.26,10.287));
#1987 = DIRECTION('',(0.,0.,1.));
#1988 = DIRECTION('',(1.,0.,0.));
#1989 = CYLINDRICAL_SURFACE('',#1990,2.54);
#1990 = AXIS2_PLACEMENT_3D('',#1991,#1992,#1993);
#1991 = CARTESIAN_POINT('',(23.622,48.26,0.));
#1992 = DIRECTION('',(0.,0.,1.));
#1993 = DIRECTION('',(1.,0.,0.));
#1994 = ADVANCED_FACE('',(#1995,#2006,#2042,#2078,#2114,#2150,#2186,
    #2222,#2258,#2294,#2330,#2366,#2402,#2438,#2474),#2510,.F.);
#1995 = FACE_BOUND('',#1996,.F.);
#1996 = EDGE_LOOP('',(#1997,#1998,#2004,#2005));
#1997 = ORIENTED_EDGE('',*,*,#927,.T.);
#1998 = ORIENTED_EDGE('',*,*,#1999,.T.);
#1999 = EDGE_CURVE('',#928,#1974,#2000,.T.);
#2000 = LINE('',#2001,#2002);
#2001 = CARTESIAN_POINT('',(26.162,2.54,10.287));
#2002 = VECTOR('',#2003,1.);
#2003 = DIRECTION('',(0.,1.,0.));
#2004 = ORIENTED_EDGE('',*,*,#1973,.F.);
#2005 = ORIENTED_EDGE('',*,*,#353,.F.);
#2006 = FACE_BOUND('',#2007,.F.);
#2007 = EDGE_LOOP('',(#2008,#2018,#2027,#2035));
#2008 = ORIENTED_EDGE('',*,*,#2009,.F.);
#2009 = EDGE_CURVE('',#2010,#2012,#2014,.T.);
#2010 = VERTEX_POINT('',#2011);
#2011 = CARTESIAN_POINT('',(26.162,12.517393466278,3.878035115446));
#2012 = VERTEX_POINT('',#2013);
#2013 = CARTESIAN_POINT('',(26.162,14.945457442291,9.085035115446));
#2014 = LINE('',#2015,#2016);
#2015 = CARTESIAN_POINT('',(26.162,12.517393466278,3.878035115446));
#2016 = VECTOR('',#2017,1.);
#2017 = DIRECTION('',(0.,0.422618261741,0.906307787037));
#2018 = ORIENTED_EDGE('',*,*,#2019,.T.);
#2019 = EDGE_CURVE('',#2010,#2020,#2022,.T.);
#2020 = VERTEX_POINT('',#2021);
#2021 = CARTESIAN_POINT('',(26.162,13.898606533722,3.233964884554));
#2022 = CIRCLE('',#2023,0.762);
#2023 = AXIS2_PLACEMENT_3D('',#2024,#2025,#2026);
#2024 = CARTESIAN_POINT('',(26.162,13.208,3.556));
#2025 = DIRECTION('',(1.,0.,0.));
#2026 = DIRECTION('',(0.,1.,0.));
#2027 = ORIENTED_EDGE('',*,*,#2028,.T.);
#2028 = EDGE_CURVE('',#2020,#2029,#2031,.T.);
#2029 = VERTEX_POINT('',#2030);
#2030 = CARTESIAN_POINT('',(26.162,16.326670509735,8.440964884554));
#2031 = LINE('',#2032,#2033);
#2032 = CARTESIAN_POINT('',(26.162,13.898606533722,3.233964884554));
#2033 = VECTOR('',#2034,1.);
#2034 = DIRECTION('',(0.,0.422618261741,0.906307787037));
#2035 = ORIENTED_EDGE('',*,*,#2036,.T.);
#2036 = EDGE_CURVE('',#2029,#2012,#2037,.T.);
#2037 = CIRCLE('',#2038,0.762);
#2038 = AXIS2_PLACEMENT_3D('',#2039,#2040,#2041);
#2039 = CARTESIAN_POINT('',(26.162,15.636063976013,8.763));
#2040 = DIRECTION('',(1.,0.,0.));
#2041 = DIRECTION('',(0.,1.,0.));
#2042 = FACE_BOUND('',#2043,.F.);
#2043 = EDGE_LOOP('',(#2044,#2054,#2063,#2071));
#2044 = ORIENTED_EDGE('',*,*,#2045,.F.);
#2045 = EDGE_CURVE('',#2046,#2048,#2050,.T.);
#2046 = VERTEX_POINT('',#2047);
#2047 = CARTESIAN_POINT('',(26.162,3.373393466278,3.878035115446));
#2048 = VERTEX_POINT('',#2049);
#2049 = CARTESIAN_POINT('',(26.162,5.801457442291,9.085035115446));
#2050 = LINE('',#2051,#2052);
#2051 = CARTESIAN_POINT('',(26.162,3.373393466278,3.878035115446));
#2052 = VECTOR('',#2053,1.);
#2053 = DIRECTION('',(0.,0.422618261741,0.906307787037));
#2054 = ORIENTED_EDGE('',*,*,#2055,.T.);
#2055 = EDGE_CURVE('',#2046,#2056,#2058,.T.);
#2056 = VERTEX_POINT('',#2057);
#2057 = CARTESIAN_POINT('',(26.162,4.754606533722,3.233964884554));
#2058 = CIRCLE('',#2059,0.762);
#2059 = AXIS2_PLACEMENT_3D('',#2060,#2061,#2062);
#2060 = CARTESIAN_POINT('',(26.162,4.064,3.556));
#2061 = DIRECTION('',(1.,0.,0.));
#2062 = DIRECTION('',(0.,1.,0.));
#2063 = ORIENTED_EDGE('',*,*,#2064,.T.);
#2064 = EDGE_CURVE('',#2056,#2065,#2067,.T.);
#2065 = VERTEX_POINT('',#2066);
#2066 = CARTESIAN_POINT('',(26.162,7.182670509735,8.440964884554));
#2067 = LINE('',#2068,#2069);
#2068 = CARTESIAN_POINT('',(26.162,4.754606533722,3.233964884554));
#2069 = VECTOR('',#2070,1.);
#2070 = DIRECTION('',(0.,0.422618261741,0.906307787037));
#2071 = ORIENTED_EDGE('',*,*,#2072,.T.);
#2072 = EDGE_CURVE('',#2065,#2048,#2073,.T.);
#2073 = CIRCLE('',#2074,0.762);
#2074 = AXIS2_PLACEMENT_3D('',#2075,#2076,#2077);
#2075 = CARTESIAN_POINT('',(26.162,6.492063976013,8.763));
#2076 = DIRECTION('',(1.,0.,0.));
#2077 = DIRECTION('',(0.,1.,0.));
#2078 = FACE_BOUND('',#2079,.F.);
#2079 = EDGE_LOOP('',(#2080,#2090,#2099,#2107));
#2080 = ORIENTED_EDGE('',*,*,#2081,.F.);
#2081 = EDGE_CURVE('',#2082,#2084,#2086,.T.);
#2082 = VERTEX_POINT('',#2083);
#2083 = CARTESIAN_POINT('',(26.162,6.421393466278,3.878035115446));
#2084 = VERTEX_POINT('',#2085);
#2085 = CARTESIAN_POINT('',(26.162,8.849457442291,9.085035115446));
#2086 = LINE('',#2087,#2088);
#2087 = CARTESIAN_POINT('',(26.162,6.421393466278,3.878035115446));
#2088 = VECTOR('',#2089,1.);
#2089 = DIRECTION('',(0.,0.422618261741,0.906307787037));
#2090 = ORIENTED_EDGE('',*,*,#2091,.T.);
#2091 = EDGE_CURVE('',#2082,#2092,#2094,.T.);
#2092 = VERTEX_POINT('',#2093);
#2093 = CARTESIAN_POINT('',(26.162,7.802606533722,3.233964884554));
#2094 = CIRCLE('',#2095,0.762);
#2095 = AXIS2_PLACEMENT_3D('',#2096,#2097,#2098);
#2096 = CARTESIAN_POINT('',(26.162,7.112,3.556));
#2097 = DIRECTION('',(1.,0.,0.));
#2098 = DIRECTION('',(0.,1.,0.));
#2099 = ORIENTED_EDGE('',*,*,#2100,.T.);
#2100 = EDGE_CURVE('',#2092,#2101,#2103,.T.);
#2101 = VERTEX_POINT('',#2102);
#2102 = CARTESIAN_POINT('',(26.162,10.230670509735,8.440964884554));
#2103 = LINE('',#2104,#2105);
#2104 = CARTESIAN_POINT('',(26.162,7.802606533722,3.233964884554));
#2105 = VECTOR('',#2106,1.);
#2106 = DIRECTION('',(0.,0.422618261741,0.906307787037));
#2107 = ORIENTED_EDGE('',*,*,#2108,.T.);
#2108 = EDGE_CURVE('',#2101,#2084,#2109,.T.);
#2109 = CIRCLE('',#2110,0.762);
#2110 = AXIS2_PLACEMENT_3D('',#2111,#2112,#2113);
#2111 = CARTESIAN_POINT('',(26.162,9.540063976013,8.763));
#2112 = DIRECTION('',(1.,0.,0.));
#2113 = DIRECTION('',(0.,1.,0.));
#2114 = FACE_BOUND('',#2115,.F.);
#2115 = EDGE_LOOP('',(#2116,#2126,#2135,#2143));
#2116 = ORIENTED_EDGE('',*,*,#2117,.F.);
#2117 = EDGE_CURVE('',#2118,#2120,#2122,.T.);
#2118 = VERTEX_POINT('',#2119);
#2119 = CARTESIAN_POINT('',(26.162,9.469393466278,3.878035115446));
#2120 = VERTEX_POINT('',#2121);
#2121 = CARTESIAN_POINT('',(26.162,11.897457442291,9.085035115446));
#2122 = LINE('',#2123,#2124);
#2123 = CARTESIAN_POINT('',(26.162,9.469393466278,3.878035115446));
#2124 = VECTOR('',#2125,1.);
#2125 = DIRECTION('',(0.,0.422618261741,0.906307787037));
#2126 = ORIENTED_EDGE('',*,*,#2127,.T.);
#2127 = EDGE_CURVE('',#2118,#2128,#2130,.T.);
#2128 = VERTEX_POINT('',#2129);
#2129 = CARTESIAN_POINT('',(26.162,10.850606533722,3.233964884554));
#2130 = CIRCLE('',#2131,0.762);
#2131 = AXIS2_PLACEMENT_3D('',#2132,#2133,#2134);
#2132 = CARTESIAN_POINT('',(26.162,10.16,3.556));
#2133 = DIRECTION('',(1.,0.,0.));
#2134 = DIRECTION('',(0.,1.,0.));
#2135 = ORIENTED_EDGE('',*,*,#2136,.T.);
#2136 = EDGE_CURVE('',#2128,#2137,#2139,.T.);
#2137 = VERTEX_POINT('',#2138);
#2138 = CARTESIAN_POINT('',(26.162,13.278670509735,8.440964884554));
#2139 = LINE('',#2140,#2141);
#2140 = CARTESIAN_POINT('',(26.162,10.850606533722,3.233964884554));
#2141 = VECTOR('',#2142,1.);
#2142 = DIRECTION('',(0.,0.422618261741,0.906307787037));
#2143 = ORIENTED_EDGE('',*,*,#2144,.T.);
#2144 = EDGE_CURVE('',#2137,#2120,#2145,.T.);
#2145 = CIRCLE('',#2146,0.762);
#2146 = AXIS2_PLACEMENT_3D('',#2147,#2148,#2149);
#2147 = CARTESIAN_POINT('',(26.162,12.588063976013,8.763));
#2148 = DIRECTION('',(1.,0.,0.));
#2149 = DIRECTION('',(0.,1.,0.));
#2150 = FACE_BOUND('',#2151,.F.);
#2151 = EDGE_LOOP('',(#2152,#2162,#2171,#2179));
#2152 = ORIENTED_EDGE('',*,*,#2153,.F.);
#2153 = EDGE_CURVE('',#2154,#2156,#2158,.T.);
#2154 = VERTEX_POINT('',#2155);
#2155 = CARTESIAN_POINT('',(26.162,15.565393466278,3.878035115446));
#2156 = VERTEX_POINT('',#2157);
#2157 = CARTESIAN_POINT('',(26.162,17.993457442291,9.085035115446));
#2158 = LINE('',#2159,#2160);
#2159 = CARTESIAN_POINT('',(26.162,15.565393466278,3.878035115446));
#2160 = VECTOR('',#2161,1.);
#2161 = DIRECTION('',(0.,0.422618261741,0.906307787037));
#2162 = ORIENTED_EDGE('',*,*,#2163,.T.);
#2163 = EDGE_CURVE('',#2154,#2164,#2166,.T.);
#2164 = VERTEX_POINT('',#2165);
#2165 = CARTESIAN_POINT('',(26.162,16.946606533722,3.233964884554));
#2166 = CIRCLE('',#2167,0.762);
#2167 = AXIS2_PLACEMENT_3D('',#2168,#2169,#2170);
#2168 = CARTESIAN_POINT('',(26.162,16.256,3.556));
#2169 = DIRECTION('',(1.,0.,0.));
#2170 = DIRECTION('',(0.,1.,0.));
#2171 = ORIENTED_EDGE('',*,*,#2172,.T.);
#2172 = EDGE_CURVE('',#2164,#2173,#2175,.T.);
#2173 = VERTEX_POINT('',#2174);
#2174 = CARTESIAN_POINT('',(26.162,19.374670509735,8.440964884554));
#2175 = LINE('',#2176,#2177);
#2176 = CARTESIAN_POINT('',(26.162,16.946606533722,3.233964884554));
#2177 = VECTOR('',#2178,1.);
#2178 = DIRECTION('',(0.,0.422618261741,0.906307787037));
#2179 = ORIENTED_EDGE('',*,*,#2180,.T.);
#2180 = EDGE_CURVE('',#2173,#2156,#2181,.T.);
#2181 = CIRCLE('',#2182,0.762);
#2182 = AXIS2_PLACEMENT_3D('',#2183,#2184,#2185);
#2183 = CARTESIAN_POINT('',(26.162,18.684063976013,8.763));
#2184 = DIRECTION('',(1.,0.,0.));
#2185 = DIRECTION('',(0.,1.,0.));
#2186 = FACE_BOUND('',#2187,.F.);
#2187 = EDGE_LOOP('',(#2188,#2198,#2207,#2215));
#2188 = ORIENTED_EDGE('',*,*,#2189,.F.);
#2189 = EDGE_CURVE('',#2190,#2192,#2194,.T.);
#2190 = VERTEX_POINT('',#2191);
#2191 = CARTESIAN_POINT('',(26.162,18.613393466278,3.878035115446));
#2192 = VERTEX_POINT('',#2193);
#2193 = CARTESIAN_POINT('',(26.162,21.041457442291,9.085035115446));
#2194 = LINE('',#2195,#2196);
#2195 = CARTESIAN_POINT('',(26.162,18.613393466278,3.878035115446));
#2196 = VECTOR('',#2197,1.);
#2197 = DIRECTION('',(0.,0.422618261741,0.906307787037));
#2198 = ORIENTED_EDGE('',*,*,#2199,.T.);
#2199 = EDGE_CURVE('',#2190,#2200,#2202,.T.);
#2200 = VERTEX_POINT('',#2201);
#2201 = CARTESIAN_POINT('',(26.162,19.994606533722,3.233964884554));
#2202 = CIRCLE('',#2203,0.762);
#2203 = AXIS2_PLACEMENT_3D('',#2204,#2205,#2206);
#2204 = CARTESIAN_POINT('',(26.162,19.304,3.556));
#2205 = DIRECTION('',(1.,0.,0.));
#2206 = DIRECTION('',(0.,1.,0.));
#2207 = ORIENTED_EDGE('',*,*,#2208,.T.);
#2208 = EDGE_CURVE('',#2200,#2209,#2211,.T.);
#2209 = VERTEX_POINT('',#2210);
#2210 = CARTESIAN_POINT('',(26.162,22.422670509735,8.440964884554));
#2211 = LINE('',#2212,#2213);
#2212 = CARTESIAN_POINT('',(26.162,19.994606533722,3.233964884554));
#2213 = VECTOR('',#2214,1.);
#2214 = DIRECTION('',(0.,0.422618261741,0.906307787037));
#2215 = ORIENTED_EDGE('',*,*,#2216,.T.);
#2216 = EDGE_CURVE('',#2209,#2192,#2217,.T.);
#2217 = CIRCLE('',#2218,0.762);
#2218 = AXIS2_PLACEMENT_3D('',#2219,#2220,#2221);
#2219 = CARTESIAN_POINT('',(26.162,21.732063976013,8.763));
#2220 = DIRECTION('',(1.,0.,0.));
#2221 = DIRECTION('',(0.,1.,0.));
#2222 = FACE_BOUND('',#2223,.F.);
#2223 = EDGE_LOOP('',(#2224,#2234,#2243,#2251));
#2224 = ORIENTED_EDGE('',*,*,#2225,.F.);
#2225 = EDGE_CURVE('',#2226,#2228,#2230,.T.);
#2226 = VERTEX_POINT('',#2227);
#2227 = CARTESIAN_POINT('',(26.162,21.661393466278,3.878035115446));
#2228 = VERTEX_POINT('',#2229);
#2229 = CARTESIAN_POINT('',(26.162,24.089457442291,9.085035115446));
#2230 = LINE('',#2231,#2232);
#2231 = CARTESIAN_POINT('',(26.162,21.661393466278,3.878035115446));
#2232 = VECTOR('',#2233,1.);
#2233 = DIRECTION('',(0.,0.422618261741,0.906307787037));
#2234 = ORIENTED_EDGE('',*,*,#2235,.T.);
#2235 = EDGE_CURVE('',#2226,#2236,#2238,.T.);
#2236 = VERTEX_POINT('',#2237);
#2237 = CARTESIAN_POINT('',(26.162,23.042606533722,3.233964884554));
#2238 = CIRCLE('',#2239,0.762);
#2239 = AXIS2_PLACEMENT_3D('',#2240,#2241,#2242);
#2240 = CARTESIAN_POINT('',(26.162,22.352,3.556));
#2241 = DIRECTION('',(1.,0.,0.));
#2242 = DIRECTION('',(0.,1.,0.));
#2243 = ORIENTED_EDGE('',*,*,#2244,.T.);
#2244 = EDGE_CURVE('',#2236,#2245,#2247,.T.);
#2245 = VERTEX_POINT('',#2246);
#2246 = CARTESIAN_POINT('',(26.162,25.470670509735,8.440964884554));
#2247 = LINE('',#2248,#2249);
#2248 = CARTESIAN_POINT('',(26.162,23.042606533722,3.233964884554));
#2249 = VECTOR('',#2250,1.);
#2250 = DIRECTION('',(0.,0.422618261741,0.906307787037));
#2251 = ORIENTED_EDGE('',*,*,#2252,.T.);
#2252 = EDGE_CURVE('',#2245,#2228,#2253,.T.);
#2253 = CIRCLE('',#2254,0.762);
#2254 = AXIS2_PLACEMENT_3D('',#2255,#2256,#2257);
#2255 = CARTESIAN_POINT('',(26.162,24.780063976013,8.763));
#2256 = DIRECTION('',(1.,0.,0.));
#2257 = DIRECTION('',(0.,1.,0.));
#2258 = FACE_BOUND('',#2259,.F.);
#2259 = EDGE_LOOP('',(#2260,#2270,#2279,#2287));
#2260 = ORIENTED_EDGE('',*,*,#2261,.F.);
#2261 = EDGE_CURVE('',#2262,#2264,#2266,.T.);
#2262 = VERTEX_POINT('',#2263);
#2263 = CARTESIAN_POINT('',(26.162,24.709393466278,3.878035115446));
#2264 = VERTEX_POINT('',#2265);
#2265 = CARTESIAN_POINT('',(26.162,27.137457442291,9.085035115446));
#2266 = LINE('',#2267,#2268);
#2267 = CARTESIAN_POINT('',(26.162,24.709393466278,3.878035115446));
#2268 = VECTOR('',#2269,1.);
#2269 = DIRECTION('',(0.,0.422618261741,0.906307787037));
#2270 = ORIENTED_EDGE('',*,*,#2271,.T.);
#2271 = EDGE_CURVE('',#2262,#2272,#2274,.T.);
#2272 = VERTEX_POINT('',#2273);
#2273 = CARTESIAN_POINT('',(26.162,26.090606533722,3.233964884554));
#2274 = CIRCLE('',#2275,0.762);
#2275 = AXIS2_PLACEMENT_3D('',#2276,#2277,#2278);
#2276 = CARTESIAN_POINT('',(26.162,25.4,3.556));
#2277 = DIRECTION('',(1.,0.,0.));
#2278 = DIRECTION('',(0.,1.,0.));
#2279 = ORIENTED_EDGE('',*,*,#2280,.T.);
#2280 = EDGE_CURVE('',#2272,#2281,#2283,.T.);
#2281 = VERTEX_POINT('',#2282);
#2282 = CARTESIAN_POINT('',(26.162,28.518670509735,8.440964884554));
#2283 = LINE('',#2284,#2285);
#2284 = CARTESIAN_POINT('',(26.162,26.090606533722,3.233964884554));
#2285 = VECTOR('',#2286,1.);
#2286 = DIRECTION('',(0.,0.422618261741,0.906307787037));
#2287 = ORIENTED_EDGE('',*,*,#2288,.T.);
#2288 = EDGE_CURVE('',#2281,#2264,#2289,.T.);
#2289 = CIRCLE('',#2290,0.762);
#2290 = AXIS2_PLACEMENT_3D('',#2291,#2292,#2293);
#2291 = CARTESIAN_POINT('',(26.162,27.828063976013,8.763));
#2292 = DIRECTION('',(1.,0.,0.));
#2293 = DIRECTION('',(0.,1.,0.));
#2294 = FACE_BOUND('',#2295,.F.);
#2295 = EDGE_LOOP('',(#2296,#2306,#2315,#2323));
#2296 = ORIENTED_EDGE('',*,*,#2297,.F.);
#2297 = EDGE_CURVE('',#2298,#2300,#2302,.T.);
#2298 = VERTEX_POINT('',#2299);
#2299 = CARTESIAN_POINT('',(26.162,27.757393466278,3.878035115446));
#2300 = VERTEX_POINT('',#2301);
#2301 = CARTESIAN_POINT('',(26.162,30.185457442291,9.085035115446));
#2302 = LINE('',#2303,#2304);
#2303 = CARTESIAN_POINT('',(26.162,27.757393466278,3.878035115446));
#2304 = VECTOR('',#2305,1.);
#2305 = DIRECTION('',(0.,0.422618261741,0.906307787037));
#2306 = ORIENTED_EDGE('',*,*,#2307,.T.);
#2307 = EDGE_CURVE('',#2298,#2308,#2310,.T.);
#2308 = VERTEX_POINT('',#2309);
#2309 = CARTESIAN_POINT('',(26.162,29.138606533722,3.233964884554));
#2310 = CIRCLE('',#2311,0.762);
#2311 = AXIS2_PLACEMENT_3D('',#2312,#2313,#2314);
#2312 = CARTESIAN_POINT('',(26.162,28.448,3.556));
#2313 = DIRECTION('',(1.,0.,0.));
#2314 = DIRECTION('',(0.,1.,0.));
#2315 = ORIENTED_EDGE('',*,*,#2316,.T.);
#2316 = EDGE_CURVE('',#2308,#2317,#2319,.T.);
#2317 = VERTEX_POINT('',#2318);
#2318 = CARTESIAN_POINT('',(26.162,31.566670509735,8.440964884554));
#2319 = LINE('',#2320,#2321);
#2320 = CARTESIAN_POINT('',(26.162,29.138606533722,3.233964884554));
#2321 = VECTOR('',#2322,1.);
#2322 = DIRECTION('',(0.,0.422618261741,0.906307787037));
#2323 = ORIENTED_EDGE('',*,*,#2324,.T.);
#2324 = EDGE_CURVE('',#2317,#2300,#2325,.T.);
#2325 = CIRCLE('',#2326,0.762);
#2326 = AXIS2_PLACEMENT_3D('',#2327,#2328,#2329);
#2327 = CARTESIAN_POINT('',(26.162,30.876063976013,8.763));
#2328 = DIRECTION('',(1.,0.,0.));
#2329 = DIRECTION('',(0.,1.,0.));
#2330 = FACE_BOUND('',#2331,.F.);
#2331 = EDGE_LOOP('',(#2332,#2342,#2351,#2359));
#2332 = ORIENTED_EDGE('',*,*,#2333,.F.);
#2333 = EDGE_CURVE('',#2334,#2336,#2338,.T.);
#2334 = VERTEX_POINT('',#2335);
#2335 = CARTESIAN_POINT('',(26.162,30.805393466278,3.878035115446));
#2336 = VERTEX_POINT('',#2337);
#2337 = CARTESIAN_POINT('',(26.162,33.233457442291,9.085035115446));
#2338 = LINE('',#2339,#2340);
#2339 = CARTESIAN_POINT('',(26.162,30.805393466278,3.878035115446));
#2340 = VECTOR('',#2341,1.);
#2341 = DIRECTION('',(0.,0.422618261741,0.906307787037));
#2342 = ORIENTED_EDGE('',*,*,#2343,.T.);
#2343 = EDGE_CURVE('',#2334,#2344,#2346,.T.);
#2344 = VERTEX_POINT('',#2345);
#2345 = CARTESIAN_POINT('',(26.162,32.186606533722,3.233964884554));
#2346 = CIRCLE('',#2347,0.762);
#2347 = AXIS2_PLACEMENT_3D('',#2348,#2349,#2350);
#2348 = CARTESIAN_POINT('',(26.162,31.496,3.556));
#2349 = DIRECTION('',(1.,0.,0.));
#2350 = DIRECTION('',(0.,1.,0.));
#2351 = ORIENTED_EDGE('',*,*,#2352,.T.);
#2352 = EDGE_CURVE('',#2344,#2353,#2355,.T.);
#2353 = VERTEX_POINT('',#2354);
#2354 = CARTESIAN_POINT('',(26.162,34.614670509735,8.440964884554));
#2355 = LINE('',#2356,#2357);
#2356 = CARTESIAN_POINT('',(26.162,32.186606533722,3.233964884554));
#2357 = VECTOR('',#2358,1.);
#2358 = DIRECTION('',(0.,0.422618261741,0.906307787037));
#2359 = ORIENTED_EDGE('',*,*,#2360,.T.);
#2360 = EDGE_CURVE('',#2353,#2336,#2361,.T.);
#2361 = CIRCLE('',#2362,0.762);
#2362 = AXIS2_PLACEMENT_3D('',#2363,#2364,#2365);
#2363 = CARTESIAN_POINT('',(26.162,33.924063976013,8.763));
#2364 = DIRECTION('',(1.,0.,0.));
#2365 = DIRECTION('',(0.,1.,0.));
#2366 = FACE_BOUND('',#2367,.F.);
#2367 = EDGE_LOOP('',(#2368,#2378,#2387,#2395));
#2368 = ORIENTED_EDGE('',*,*,#2369,.F.);
#2369 = EDGE_CURVE('',#2370,#2372,#2374,.T.);
#2370 = VERTEX_POINT('',#2371);
#2371 = CARTESIAN_POINT('',(26.162,33.853393466278,3.878035115446));
#2372 = VERTEX_POINT('',#2373);
#2373 = CARTESIAN_POINT('',(26.162,36.281457442291,9.085035115446));
#2374 = LINE('',#2375,#2376);
#2375 = CARTESIAN_POINT('',(26.162,33.853393466278,3.878035115446));
#2376 = VECTOR('',#2377,1.);
#2377 = DIRECTION('',(0.,0.422618261741,0.906307787037));
#2378 = ORIENTED_EDGE('',*,*,#2379,.T.);
#2379 = EDGE_CURVE('',#2370,#2380,#2382,.T.);
#2380 = VERTEX_POINT('',#2381);
#2381 = CARTESIAN_POINT('',(26.162,35.234606533722,3.233964884554));
#2382 = CIRCLE('',#2383,0.762);
#2383 = AXIS2_PLACEMENT_3D('',#2384,#2385,#2386);
#2384 = CARTESIAN_POINT('',(26.162,34.544,3.556));
#2385 = DIRECTION('',(1.,0.,0.));
#2386 = DIRECTION('',(0.,1.,0.));
#2387 = ORIENTED_EDGE('',*,*,#2388,.T.);
#2388 = EDGE_CURVE('',#2380,#2389,#2391,.T.);
#2389 = VERTEX_POINT('',#2390);
#2390 = CARTESIAN_POINT('',(26.162,37.662670509735,8.440964884554));
#2391 = LINE('',#2392,#2393);
#2392 = CARTESIAN_POINT('',(26.162,35.234606533722,3.233964884554));
#2393 = VECTOR('',#2394,1.);
#2394 = DIRECTION('',(0.,0.422618261741,0.906307787037));
#2395 = ORIENTED_EDGE('',*,*,#2396,.T.);
#2396 = EDGE_CURVE('',#2389,#2372,#2397,.T.);
#2397 = CIRCLE('',#2398,0.762);
#2398 = AXIS2_PLACEMENT_3D('',#2399,#2400,#2401);
#2399 = CARTESIAN_POINT('',(26.162,36.972063976013,8.763));
#2400 = DIRECTION('',(1.,0.,0.));
#2401 = DIRECTION('',(0.,1.,0.));
#2402 = FACE_BOUND('',#2403,.F.);
#2403 = EDGE_LOOP('',(#2404,#2414,#2423,#2431));
#2404 = ORIENTED_EDGE('',*,*,#2405,.F.);
#2405 = EDGE_CURVE('',#2406,#2408,#2410,.T.);
#2406 = VERTEX_POINT('',#2407);
#2407 = CARTESIAN_POINT('',(26.162,36.901393466278,3.878035115446));
#2408 = VERTEX_POINT('',#2409);
#2409 = CARTESIAN_POINT('',(26.162,39.329457442291,9.085035115446));
#2410 = LINE('',#2411,#2412);
#2411 = CARTESIAN_POINT('',(26.162,36.901393466278,3.878035115446));
#2412 = VECTOR('',#2413,1.);
#2413 = DIRECTION('',(0.,0.422618261741,0.906307787037));
#2414 = ORIENTED_EDGE('',*,*,#2415,.T.);
#2415 = EDGE_CURVE('',#2406,#2416,#2418,.T.);
#2416 = VERTEX_POINT('',#2417);
#2417 = CARTESIAN_POINT('',(26.162,38.282606533722,3.233964884554));
#2418 = CIRCLE('',#2419,0.762);
#2419 = AXIS2_PLACEMENT_3D('',#2420,#2421,#2422);
#2420 = CARTESIAN_POINT('',(26.162,37.592,3.556));
#2421 = DIRECTION('',(1.,0.,0.));
#2422 = DIRECTION('',(0.,1.,0.));
#2423 = ORIENTED_EDGE('',*,*,#2424,.T.);
#2424 = EDGE_CURVE('',#2416,#2425,#2427,.T.);
#2425 = VERTEX_POINT('',#2426);
#2426 = CARTESIAN_POINT('',(26.162,40.710670509735,8.440964884554));
#2427 = LINE('',#2428,#2429);
#2428 = CARTESIAN_POINT('',(26.162,38.282606533722,3.233964884554));
#2429 = VECTOR('',#2430,1.);
#2430 = DIRECTION('',(0.,0.422618261741,0.906307787037));
#2431 = ORIENTED_EDGE('',*,*,#2432,.T.);
#2432 = EDGE_CURVE('',#2425,#2408,#2433,.T.);
#2433 = CIRCLE('',#2434,0.762);
#2434 = AXIS2_PLACEMENT_3D('',#2435,#2436,#2437);
#2435 = CARTESIAN_POINT('',(26.162,40.020063976013,8.763));
#2436 = DIRECTION('',(1.,0.,0.));
#2437 = DIRECTION('',(0.,1.,0.));
#2438 = FACE_BOUND('',#2439,.F.);
#2439 = EDGE_LOOP('',(#2440,#2450,#2459,#2467));
#2440 = ORIENTED_EDGE('',*,*,#2441,.F.);
#2441 = EDGE_CURVE('',#2442,#2444,#2446,.T.);
#2442 = VERTEX_POINT('',#2443);
#2443 = CARTESIAN_POINT('',(26.162,39.949393466278,3.878035115446));
#2444 = VERTEX_POINT('',#2445);
#2445 = CARTESIAN_POINT('',(26.162,42.377457442291,9.085035115446));
#2446 = LINE('',#2447,#2448);
#2447 = CARTESIAN_POINT('',(26.162,39.949393466278,3.878035115446));
#2448 = VECTOR('',#2449,1.);
#2449 = DIRECTION('',(0.,0.422618261741,0.906307787037));
#2450 = ORIENTED_EDGE('',*,*,#2451,.T.);
#2451 = EDGE_CURVE('',#2442,#2452,#2454,.T.);
#2452 = VERTEX_POINT('',#2453);
#2453 = CARTESIAN_POINT('',(26.162,41.330606533722,3.233964884554));
#2454 = CIRCLE('',#2455,0.762);
#2455 = AXIS2_PLACEMENT_3D('',#2456,#2457,#2458);
#2456 = CARTESIAN_POINT('',(26.162,40.64,3.556));
#2457 = DIRECTION('',(1.,0.,0.));
#2458 = DIRECTION('',(0.,1.,0.));
#2459 = ORIENTED_EDGE('',*,*,#2460,.T.);
#2460 = EDGE_CURVE('',#2452,#2461,#2463,.T.);
#2461 = VERTEX_POINT('',#2462);
#2462 = CARTESIAN_POINT('',(26.162,43.758670509735,8.440964884554));
#2463 = LINE('',#2464,#2465);
#2464 = CARTESIAN_POINT('',(26.162,41.330606533722,3.233964884554));
#2465 = VECTOR('',#2466,1.);
#2466 = DIRECTION('',(0.,0.422618261741,0.906307787037));
#2467 = ORIENTED_EDGE('',*,*,#2468,.T.);
#2468 = EDGE_CURVE('',#2461,#2444,#2469,.T.);
#2469 = CIRCLE('',#2470,0.762);
#2470 = AXIS2_PLACEMENT_3D('',#2471,#2472,#2473);
#2471 = CARTESIAN_POINT('',(26.162,43.068063976013,8.763));
#2472 = DIRECTION('',(1.,0.,0.));
#2473 = DIRECTION('',(0.,1.,0.));
#2474 = FACE_BOUND('',#2475,.F.);
#2475 = EDGE_LOOP('',(#2476,#2486,#2495,#2503));
#2476 = ORIENTED_EDGE('',*,*,#2477,.F.);
#2477 = EDGE_CURVE('',#2478,#2480,#2482,.T.);
#2478 = VERTEX_POINT('',#2479);
#2479 = CARTESIAN_POINT('',(26.162,42.997393466278,3.878035115446));
#2480 = VERTEX_POINT('',#2481);
#2481 = CARTESIAN_POINT('',(26.162,45.425457442291,9.085035115446));
#2482 = LINE('',#2483,#2484);
#2483 = CARTESIAN_POINT('',(26.162,42.997393466278,3.878035115446));
#2484 = VECTOR('',#2485,1.);
#2485 = DIRECTION('',(0.,0.422618261741,0.906307787037));
#2486 = ORIENTED_EDGE('',*,*,#2487,.T.);
#2487 = EDGE_CURVE('',#2478,#2488,#2490,.T.);
#2488 = VERTEX_POINT('',#2489);
#2489 = CARTESIAN_POINT('',(26.162,44.378606533722,3.233964884554));
#2490 = CIRCLE('',#2491,0.762);
#2491 = AXIS2_PLACEMENT_3D('',#2492,#2493,#2494);
#2492 = CARTESIAN_POINT('',(26.162,43.688,3.556));
#2493 = DIRECTION('',(1.,0.,0.));
#2494 = DIRECTION('',(0.,1.,0.));
#2495 = ORIENTED_EDGE('',*,*,#2496,.T.);
#2496 = EDGE_CURVE('',#2488,#2497,#2499,.T.);
#2497 = VERTEX_POINT('',#2498);
#2498 = CARTESIAN_POINT('',(26.162,46.806670509735,8.440964884554));
#2499 = LINE('',#2500,#2501);
#2500 = CARTESIAN_POINT('',(26.162,44.378606533722,3.233964884554));
#2501 = VECTOR('',#2502,1.);
#2502 = DIRECTION('',(0.,0.422618261741,0.906307787037));
#2503 = ORIENTED_EDGE('',*,*,#2504,.T.);
#2504 = EDGE_CURVE('',#2497,#2480,#2505,.T.);
#2505 = CIRCLE('',#2506,0.762);
#2506 = AXIS2_PLACEMENT_3D('',#2507,#2508,#2509);
#2507 = CARTESIAN_POINT('',(26.162,46.116063976013,8.763));
#2508 = DIRECTION('',(1.,0.,0.));
#2509 = DIRECTION('',(0.,1.,0.));
#2510 = PLANE('',#2511);
#2511 = AXIS2_PLACEMENT_3D('',#2512,#2513,#2514);
#2512 = CARTESIAN_POINT('',(26.162,0.,0.));
#2513 = DIRECTION('',(-1.,0.,0.));
#2514 = DIRECTION('',(0.,1.,0.));
#2515 = ADVANCED_FACE('',(#2516),#2534,.T.);
#2516 = FACE_BOUND('',#2517,.T.);
#2517 = EDGE_LOOP('',(#2518,#2519,#2526,#2527));
#2518 = ORIENTED_EDGE('',*,*,#1899,.F.);
#2519 = ORIENTED_EDGE('',*,*,#2520,.T.);
#2520 = EDGE_CURVE('',#1900,#468,#2521,.T.);
#2521 = CIRCLE('',#2522,2.54);
#2522 = AXIS2_PLACEMENT_3D('',#2523,#2524,#2525);
#2523 = CARTESIAN_POINT('',(2.54,48.26,0.));
#2524 = DIRECTION('',(-0.,0.,1.));
#2525 = DIRECTION('',(0.,-1.,0.));
#2526 = ORIENTED_EDGE('',*,*,#467,.T.);
#2527 = ORIENTED_EDGE('',*,*,#2528,.F.);
#2528 = EDGE_CURVE('',#1902,#470,#2529,.T.);
#2529 = CIRCLE('',#2530,2.54);
#2530 = AXIS2_PLACEMENT_3D('',#2531,#2532,#2533);
#2531 = CARTESIAN_POINT('',(2.54,48.26,10.287));
#2532 = DIRECTION('',(0.,-0.,1.));
#2533 = DIRECTION('',(3.5E-16,1.,0.));
#2534 = CYLINDRICAL_SURFACE('',#2535,2.54);
#2535 = AXIS2_PLACEMENT_3D('',#2536,#2537,#2538);
#2536 = CARTESIAN_POINT('',(2.54,48.26,0.));
#2537 = DIRECTION('',(0.,0.,1.));
#2538 = DIRECTION('',(0.,1.,0.));
#2539 = ADVANCED_FACE('',(#2540),#2584,.F.);
#2540 = FACE_BOUND('',#2541,.F.);
#2541 = EDGE_LOOP('',(#2542,#2543,#2544,#2552,#2560,#2569,#2577,#2583));
#2542 = ORIENTED_EDGE('',*,*,#2520,.T.);
#2543 = ORIENTED_EDGE('',*,*,#527,.T.);
#2544 = ORIENTED_EDGE('',*,*,#2545,.T.);
#2545 = EDGE_CURVE('',#520,#2546,#2548,.T.);
#2546 = VERTEX_POINT('',#2547);
#2547 = CARTESIAN_POINT('',(1.016,16.891,1.5E-14));
#2548 = LINE('',#2549,#2550);
#2549 = CARTESIAN_POINT('',(0.,16.891,0.));
#2550 = VECTOR('',#2551,1.);
#2551 = DIRECTION('',(1.,0.,0.));
#2552 = ORIENTED_EDGE('',*,*,#2553,.F.);
#2553 = EDGE_CURVE('',#2554,#2546,#2556,.T.);
#2554 = VERTEX_POINT('',#2555);
#2555 = CARTESIAN_POINT('',(1.016,48.26,1.1E-14));
#2556 = LINE('',#2557,#2558);
#2557 = CARTESIAN_POINT('',(1.016,48.26,1.137E-14));
#2558 = VECTOR('',#2559,1.);
#2559 = DIRECTION('',(-0.,-1.,-1.E-16));
#2560 = ORIENTED_EDGE('',*,*,#2561,.F.);
#2561 = EDGE_CURVE('',#2562,#2554,#2564,.T.);
#2562 = VERTEX_POINT('',#2563);
#2563 = CARTESIAN_POINT('',(2.54,49.784,1.1E-14));
#2564 = CIRCLE('',#2565,1.524);
#2565 = AXIS2_PLACEMENT_3D('',#2566,#2567,#2568);
#2566 = CARTESIAN_POINT('',(2.54,48.26,1.124E-14));
#2567 = DIRECTION('',(-0.,1.2E-16,1.));
#2568 = DIRECTION('',(0.,-1.,1.2E-16));
#2569 = ORIENTED_EDGE('',*,*,#2570,.F.);
#2570 = EDGE_CURVE('',#2571,#2562,#2573,.T.);
#2571 = VERTEX_POINT('',#2572);
#2572 = CARTESIAN_POINT('',(8.636,49.784,1.1E-14));
#2573 = LINE('',#2574,#2575);
#2574 = CARTESIAN_POINT('',(8.636,49.784,1.105E-14));
#2575 = VECTOR('',#2576,1.);
#2576 = DIRECTION('',(-1.,0.,-2.2E-16));
#2577 = ORIENTED_EDGE('',*,*,#2578,.F.);
#2578 = EDGE_CURVE('',#1910,#2571,#2579,.T.);
#2579 = LINE('',#2580,#2581);
#2580 = CARTESIAN_POINT('',(8.636,38.1,0.));
#2581 = VECTOR('',#2582,1.);
#2582 = DIRECTION('',(0.,-1.,0.));
#2583 = ORIENTED_EDGE('',*,*,#1909,.T.);
#2584 = PLANE('',#2585);
#2585 = AXIS2_PLACEMENT_3D('',#2586,#2587,#2588);
#2586 = CARTESIAN_POINT('',(13.081,25.4,0.));
#2587 = DIRECTION('',(0.,0.,1.));
#2588 = DIRECTION('',(1.,0.,0.));
#2589 = ADVANCED_FACE('',(#2590),#2641,.F.);
#2590 = FACE_BOUND('',#2591,.F.);
#2591 = EDGE_LOOP('',(#2592,#2593,#2601,#2609,#2617,#2625,#2634,#2640));
#2592 = ORIENTED_EDGE('',*,*,#519,.F.);
#2593 = ORIENTED_EDGE('',*,*,#2594,.T.);
#2594 = EDGE_CURVE('',#511,#2595,#2597,.T.);
#2595 = VERTEX_POINT('',#2596);
#2596 = CARTESIAN_POINT('',(2.032,16.891,2.5146));
#2597 = LINE('',#2598,#2599);
#2598 = CARTESIAN_POINT('',(0.,16.891,2.5146));
#2599 = VECTOR('',#2600,1.);
#2600 = DIRECTION('',(1.,0.,0.));
#2601 = ORIENTED_EDGE('',*,*,#2602,.T.);
#2602 = EDGE_CURVE('',#2595,#2603,#2605,.T.);
#2603 = VERTEX_POINT('',#2604);
#2604 = CARTESIAN_POINT('',(2.032,16.891,2.032));
#2605 = LINE('',#2606,#2607);
#2606 = CARTESIAN_POINT('',(2.032,16.891,0.8509));
#2607 = VECTOR('',#2608,1.);
#2608 = DIRECTION('',(0.,0.,-1.));
#2609 = ORIENTED_EDGE('',*,*,#2610,.T.);
#2610 = EDGE_CURVE('',#2603,#2611,#2613,.T.);
#2611 = VERTEX_POINT('',#2612);
#2612 = CARTESIAN_POINT('',(1.016,16.891,2.032));
#2613 = LINE('',#2614,#2615);
#2614 = CARTESIAN_POINT('',(2.032,16.891,2.032));
#2615 = VECTOR('',#2616,1.);
#2616 = DIRECTION('',(-1.,4.4E-16,2.2E-16));
#2617 = ORIENTED_EDGE('',*,*,#2618,.T.);
#2618 = EDGE_CURVE('',#2611,#2619,#2621,.T.);
#2619 = VERTEX_POINT('',#2620);
#2620 = CARTESIAN_POINT('',(1.016,16.891,1.016));
#2621 = LINE('',#2622,#2623);
#2622 = CARTESIAN_POINT('',(1.016,16.891,2.032));
#2623 = VECTOR('',#2624,1.);
#2624 = DIRECTION('',(-2.2E-16,1.E-16,-1.));
#2625 = ORIENTED_EDGE('',*,*,#2626,.T.);
#2626 = EDGE_CURVE('',#2619,#2627,#2629,.T.);
#2627 = VERTEX_POINT('',#2628);
#2628 = CARTESIAN_POINT('',(1.016,16.891,0.508));
#2629 = CIRCLE('',#2630,0.26035000002);
#2630 = AXIS2_PLACEMENT_3D('',#2631,#2632,#2633);
#2631 = CARTESIAN_POINT('',(1.073150000089,16.891,0.762));
#2632 = DIRECTION('',(0.,-1.,1.2E-16));
#2633 = DIRECTION('',(1.,-2.64E-32,-2.2E-16));
#2634 = ORIENTED_EDGE('',*,*,#2635,.T.);
#2635 = EDGE_CURVE('',#2627,#2546,#2636,.T.);
#2636 = LINE('',#2637,#2638);
#2637 = CARTESIAN_POINT('',(1.016,16.891,8.24E-15));
#2638 = VECTOR('',#2639,1.);
#2639 = DIRECTION('',(-2.2E-16,1.E-16,-1.));
#2640 = ORIENTED_EDGE('',*,*,#2545,.F.);
#2641 = PLANE('',#2642);
#2642 = AXIS2_PLACEMENT_3D('',#2643,#2644,#2645);
#2643 = CARTESIAN_POINT('',(1.016,16.891,1.2573));
#2644 = DIRECTION('',(9.7E-16,1.,0.));
#2645 = DIRECTION('',(1.,-9.7E-16,0.));
#2646 = ADVANCED_FACE('',(#2647),#2666,.F.);
#2647 = FACE_BOUND('',#2648,.F.);
#2648 = EDGE_LOOP('',(#2649,#2650,#2658,#2665));
#2649 = ORIENTED_EDGE('',*,*,#510,.F.);
#2650 = ORIENTED_EDGE('',*,*,#2651,.T.);
#2651 = EDGE_CURVE('',#503,#2652,#2654,.T.);
#2652 = VERTEX_POINT('',#2653);
#2653 = CARTESIAN_POINT('',(2.032,15.621,3.7846));
#2654 = LINE('',#2655,#2656);
#2655 = CARTESIAN_POINT('',(0.,15.621,3.7846));
#2656 = VECTOR('',#2657,1.);
#2657 = DIRECTION('',(1.,0.,0.));
#2658 = ORIENTED_EDGE('',*,*,#2659,.T.);
#2659 = EDGE_CURVE('',#2652,#2595,#2660,.T.);
#2660 = CIRCLE('',#2661,1.27);
#2661 = AXIS2_PLACEMENT_3D('',#2662,#2663,#2664);
#2662 = CARTESIAN_POINT('',(2.032,15.621,2.5146));
#2663 = DIRECTION('',(-1.,0.,0.));
#2664 = DIRECTION('',(0.,-1.,0.));
#2665 = ORIENTED_EDGE('',*,*,#2594,.F.);
#2666 = CYLINDRICAL_SURFACE('',#2667,1.27);
#2667 = AXIS2_PLACEMENT_3D('',#2668,#2669,#2670);
#2668 = CARTESIAN_POINT('',(0.,15.621,2.5146));
#2669 = DIRECTION('',(-1.,0.,0.));
#2670 = DIRECTION('',(0.,-1.,0.));
#2671 = ADVANCED_FACE('',(#2672),#2690,.F.);
#2672 = FACE_BOUND('',#2673,.F.);
#2673 = EDGE_LOOP('',(#2674,#2675,#2683,#2689));
#2674 = ORIENTED_EDGE('',*,*,#502,.F.);
#2675 = ORIENTED_EDGE('',*,*,#2676,.T.);
#2676 = EDGE_CURVE('',#494,#2677,#2679,.T.);
#2677 = VERTEX_POINT('',#2678);
#2678 = CARTESIAN_POINT('',(2.032,9.1948,3.7846));
#2679 = LINE('',#2680,#2681);
#2680 = CARTESIAN_POINT('',(0.,9.1948,3.7846));
#2681 = VECTOR('',#2682,1.);
#2682 = DIRECTION('',(1.,0.,0.));
#2683 = ORIENTED_EDGE('',*,*,#2684,.T.);
#2684 = EDGE_CURVE('',#2677,#2652,#2685,.T.);
#2685 = LINE('',#2686,#2687);
#2686 = CARTESIAN_POINT('',(2.032,29.9974,3.7846));
#2687 = VECTOR('',#2688,1.);
#2688 = DIRECTION('',(0.,1.,0.));
#2689 = ORIENTED_EDGE('',*,*,#2651,.F.);
#2690 = PLANE('',#2691);
#2691 = AXIS2_PLACEMENT_3D('',#2692,#2693,#2694);
#2692 = CARTESIAN_POINT('',(0.,9.1948,3.7846));
#2693 = DIRECTION('',(0.,0.,1.));
#2694 = DIRECTION('',(0.,1.,0.));
#2695 = ADVANCED_FACE('',(#2696),#2708,.F.);
#2696 = FACE_BOUND('',#2697,.F.);
#2697 = EDGE_LOOP('',(#2698,#2699,#2700,#2707));
#2698 = ORIENTED_EDGE('',*,*,#493,.F.);
#2699 = ORIENTED_EDGE('',*,*,#1614,.T.);
#2700 = ORIENTED_EDGE('',*,*,#2701,.T.);
#2701 = EDGE_CURVE('',#1615,#2677,#2702,.T.);
#2702 = CIRCLE('',#2703,1.27);
#2703 = AXIS2_PLACEMENT_3D('',#2704,#2705,#2706);
#2704 = CARTESIAN_POINT('',(2.032,9.1948,2.5146));
#2705 = DIRECTION('',(-1.,0.,0.));
#2706 = DIRECTION('',(0.,-1.,0.));
#2707 = ORIENTED_EDGE('',*,*,#2676,.F.);
#2708 = CYLINDRICAL_SURFACE('',#2709,1.27);
#2709 = AXIS2_PLACEMENT_3D('',#2710,#2711,#2712);
#2710 = CARTESIAN_POINT('',(0.,9.1948,2.5146));
#2711 = DIRECTION('',(-1.,0.,0.));
#2712 = DIRECTION('',(0.,-1.,0.));
#2713 = ADVANCED_FACE('',(#2714),#2739,.T.);
#2714 = FACE_BOUND('',#2715,.T.);
#2715 = EDGE_LOOP('',(#2716,#2717,#2725,#2733));
#2716 = ORIENTED_EDGE('',*,*,#535,.F.);
#2717 = ORIENTED_EDGE('',*,*,#2718,.T.);
#2718 = EDGE_CURVE('',#536,#2719,#2721,.T.);
#2719 = VERTEX_POINT('',#2720);
#2720 = CARTESIAN_POINT('',(2.032,47.426606533722,3.878035115446));
#2721 = LINE('',#2722,#2723);
#2722 = CARTESIAN_POINT('',(0.,47.426606533722,3.878035115446));
#2723 = VECTOR('',#2724,1.);
#2724 = DIRECTION('',(1.,0.,0.));
#2725 = ORIENTED_EDGE('',*,*,#2726,.T.);
#2726 = EDGE_CURVE('',#2719,#2727,#2729,.T.);
#2727 = VERTEX_POINT('',#2728);
#2728 = CARTESIAN_POINT('',(2.032,44.99854255771,9.085035115446));
#2729 = LINE('',#2730,#2731);
#2730 = CARTESIAN_POINT('',(2.032,48.470547832212,1.639295776226));
#2731 = VECTOR('',#2732,1.);
#2732 = DIRECTION('',(0.,-0.422618261741,0.906307787037));
#2733 = ORIENTED_EDGE('',*,*,#2734,.F.);
#2734 = EDGE_CURVE('',#538,#2727,#2735,.T.);
#2735 = LINE('',#2736,#2737);
#2736 = CARTESIAN_POINT('',(0.,44.99854255771,9.085035115446));
#2737 = VECTOR('',#2738,1.);
#2738 = DIRECTION('',(1.,0.,0.));
#2739 = PLANE('',#2740);
#2740 = AXIS2_PLACEMENT_3D('',#2741,#2742,#2743);
#2741 = CARTESIAN_POINT('',(0.,47.426606533722,3.878035115446));
#2742 = DIRECTION('',(0.,-0.906307787037,-0.422618261741));
#2743 = DIRECTION('',(0.,-0.422618261741,0.906307787037));
#2744 = ADVANCED_FACE('',(#2745),#2764,.F.);
#2745 = FACE_BOUND('',#2746,.F.);
#2746 = EDGE_LOOP('',(#2747,#2748,#2749,#2758));
#2747 = ORIENTED_EDGE('',*,*,#545,.F.);
#2748 = ORIENTED_EDGE('',*,*,#2718,.T.);
#2749 = ORIENTED_EDGE('',*,*,#2750,.T.);
#2750 = EDGE_CURVE('',#2719,#2751,#2753,.T.);
#2751 = VERTEX_POINT('',#2752);
#2752 = CARTESIAN_POINT('',(2.032,46.045393466278,3.233964884554));
#2753 = CIRCLE('',#2754,0.762);
#2754 = AXIS2_PLACEMENT_3D('',#2755,#2756,#2757);
#2755 = CARTESIAN_POINT('',(2.032,46.736,3.556));
#2756 = DIRECTION('',(-1.,0.,0.));
#2757 = DIRECTION('',(0.,-1.,0.));
#2758 = ORIENTED_EDGE('',*,*,#2759,.F.);
#2759 = EDGE_CURVE('',#546,#2751,#2760,.T.);
#2760 = LINE('',#2761,#2762);
#2761 = CARTESIAN_POINT('',(0.,46.045393466278,3.233964884554));
#2762 = VECTOR('',#2763,1.);
#2763 = DIRECTION('',(1.,0.,0.));
#2764 = CYLINDRICAL_SURFACE('',#2765,0.762);
#2765 = AXIS2_PLACEMENT_3D('',#2766,#2767,#2768);
#2766 = CARTESIAN_POINT('',(0.,46.736,3.556));
#2767 = DIRECTION('',(-1.,0.,0.));
#2768 = DIRECTION('',(0.,-1.,0.));
#2769 = ADVANCED_FACE('',(#2770),#2789,.F.);
#2770 = FACE_BOUND('',#2771,.F.);
#2771 = EDGE_LOOP('',(#2772,#2773,#2781,#2788));
#2772 = ORIENTED_EDGE('',*,*,#562,.F.);
#2773 = ORIENTED_EDGE('',*,*,#2774,.T.);
#2774 = EDGE_CURVE('',#555,#2775,#2777,.T.);
#2775 = VERTEX_POINT('',#2776);
#2776 = CARTESIAN_POINT('',(2.032,43.617329490266,8.440964884554));
#2777 = LINE('',#2778,#2779);
#2778 = CARTESIAN_POINT('',(0.,43.617329490266,8.440964884554));
#2779 = VECTOR('',#2780,1.);
#2780 = DIRECTION('',(1.,0.,0.));
#2781 = ORIENTED_EDGE('',*,*,#2782,.T.);
#2782 = EDGE_CURVE('',#2775,#2727,#2783,.T.);
#2783 = CIRCLE('',#2784,0.762);
#2784 = AXIS2_PLACEMENT_3D('',#2785,#2786,#2787);
#2785 = CARTESIAN_POINT('',(2.032,44.307936023988,8.763));
#2786 = DIRECTION('',(-1.,0.,0.));
#2787 = DIRECTION('',(0.,-1.,0.));
#2788 = ORIENTED_EDGE('',*,*,#2734,.F.);
#2789 = CYLINDRICAL_SURFACE('',#2790,0.762);
#2790 = AXIS2_PLACEMENT_3D('',#2791,#2792,#2793);
#2791 = CARTESIAN_POINT('',(0.,44.307936023988,8.763));
#2792 = DIRECTION('',(-1.,0.,0.));
#2793 = DIRECTION('',(0.,-1.,0.));
#2794 = ADVANCED_FACE('',(#2795),#2806,.F.);
#2795 = FACE_BOUND('',#2796,.F.);
#2796 = EDGE_LOOP('',(#2797,#2798,#2799,#2805));
#2797 = ORIENTED_EDGE('',*,*,#554,.F.);
#2798 = ORIENTED_EDGE('',*,*,#2759,.T.);
#2799 = ORIENTED_EDGE('',*,*,#2800,.T.);
#2800 = EDGE_CURVE('',#2751,#2775,#2801,.T.);
#2801 = LINE('',#2802,#2803);
#2802 = CARTESIAN_POINT('',(2.032,47.089334764769,0.995225545334));
#2803 = VECTOR('',#2804,1.);
#2804 = DIRECTION('',(0.,-0.422618261741,0.906307787037));
#2805 = ORIENTED_EDGE('',*,*,#2774,.F.);
#2806 = PLANE('',#2807);
#2807 = AXIS2_PLACEMENT_3D('',#2808,#2809,#2810);
#2808 = CARTESIAN_POINT('',(0.,46.045393466278,3.233964884554));
#2809 = DIRECTION('',(0.,-0.906307787037,-0.422618261741));
#2810 = DIRECTION('',(0.,-0.422618261741,0.906307787037));
#2811 = ADVANCED_FACE('',(#2812),#2837,.T.);
#2812 = FACE_BOUND('',#2813,.T.);
#2813 = EDGE_LOOP('',(#2814,#2815,#2823,#2831));
#2814 = ORIENTED_EDGE('',*,*,#571,.F.);
#2815 = ORIENTED_EDGE('',*,*,#2816,.T.);
#2816 = EDGE_CURVE('',#572,#2817,#2819,.T.);
#2817 = VERTEX_POINT('',#2818);
#2818 = CARTESIAN_POINT('',(2.032,44.378606533722,3.878035115446));
#2819 = LINE('',#2820,#2821);
#2820 = CARTESIAN_POINT('',(0.,44.378606533722,3.878035115446));
#2821 = VECTOR('',#2822,1.);
#2822 = DIRECTION('',(1.,0.,0.));
#2823 = ORIENTED_EDGE('',*,*,#2824,.T.);
#2824 = EDGE_CURVE('',#2817,#2825,#2827,.T.);
#2825 = VERTEX_POINT('',#2826);
#2826 = CARTESIAN_POINT('',(2.032,41.95054255771,9.085035115446));
#2827 = LINE('',#2828,#2829);
#2828 = CARTESIAN_POINT('',(2.032,45.422547832212,1.639295776226));
#2829 = VECTOR('',#2830,1.);
#2830 = DIRECTION('',(0.,-0.422618261741,0.906307787037));
#2831 = ORIENTED_EDGE('',*,*,#2832,.F.);
#2832 = EDGE_CURVE('',#574,#2825,#2833,.T.);
#2833 = LINE('',#2834,#2835);
#2834 = CARTESIAN_POINT('',(0.,41.95054255771,9.085035115446));
#2835 = VECTOR('',#2836,1.);
#2836 = DIRECTION('',(1.,0.,0.));
#2837 = PLANE('',#2838);
#2838 = AXIS2_PLACEMENT_3D('',#2839,#2840,#2841);
#2839 = CARTESIAN_POINT('',(0.,44.378606533722,3.878035115446));
#2840 = DIRECTION('',(0.,-0.906307787037,-0.422618261741));
#2841 = DIRECTION('',(0.,-0.422618261741,0.906307787037));
#2842 = ADVANCED_FACE('',(#2843),#2862,.F.);
#2843 = FACE_BOUND('',#2844,.F.);
#2844 = EDGE_LOOP('',(#2845,#2846,#2854,#2861));
#2845 = ORIENTED_EDGE('',*,*,#598,.F.);
#2846 = ORIENTED_EDGE('',*,*,#2847,.T.);
#2847 = EDGE_CURVE('',#591,#2848,#2850,.T.);
#2848 = VERTEX_POINT('',#2849);
#2849 = CARTESIAN_POINT('',(2.032,40.569329490266,8.440964884554));
#2850 = LINE('',#2851,#2852);
#2851 = CARTESIAN_POINT('',(0.,40.569329490266,8.440964884554));
#2852 = VECTOR('',#2853,1.);
#2853 = DIRECTION('',(1.,0.,0.));
#2854 = ORIENTED_EDGE('',*,*,#2855,.T.);
#2855 = EDGE_CURVE('',#2848,#2825,#2856,.T.);
#2856 = CIRCLE('',#2857,0.762);
#2857 = AXIS2_PLACEMENT_3D('',#2858,#2859,#2860);
#2858 = CARTESIAN_POINT('',(2.032,41.259936023988,8.763));
#2859 = DIRECTION('',(-1.,0.,0.));
#2860 = DIRECTION('',(0.,-1.,0.));
#2861 = ORIENTED_EDGE('',*,*,#2832,.F.);
#2862 = CYLINDRICAL_SURFACE('',#2863,0.762);
#2863 = AXIS2_PLACEMENT_3D('',#2864,#2865,#2866);
#2864 = CARTESIAN_POINT('',(0.,41.259936023988,8.763));
#2865 = DIRECTION('',(-1.,0.,0.));
#2866 = DIRECTION('',(0.,-1.,0.));
#2867 = ADVANCED_FACE('',(#2868),#2886,.F.);
#2868 = FACE_BOUND('',#2869,.F.);
#2869 = EDGE_LOOP('',(#2870,#2871,#2879,#2885));
#2870 = ORIENTED_EDGE('',*,*,#590,.F.);
#2871 = ORIENTED_EDGE('',*,*,#2872,.T.);
#2872 = EDGE_CURVE('',#582,#2873,#2875,.T.);
#2873 = VERTEX_POINT('',#2874);
#2874 = CARTESIAN_POINT('',(2.032,42.997393466278,3.233964884554));
#2875 = LINE('',#2876,#2877);
#2876 = CARTESIAN_POINT('',(0.,42.997393466278,3.233964884554));
#2877 = VECTOR('',#2878,1.);
#2878 = DIRECTION('',(1.,0.,0.));
#2879 = ORIENTED_EDGE('',*,*,#2880,.T.);
#2880 = EDGE_CURVE('',#2873,#2848,#2881,.T.);
#2881 = LINE('',#2882,#2883);
#2882 = CARTESIAN_POINT('',(2.032,44.041334764769,0.995225545334));
#2883 = VECTOR('',#2884,1.);
#2884 = DIRECTION('',(0.,-0.422618261741,0.906307787037));
#2885 = ORIENTED_EDGE('',*,*,#2847,.F.);
#2886 = PLANE('',#2887);
#2887 = AXIS2_PLACEMENT_3D('',#2888,#2889,#2890);
#2888 = CARTESIAN_POINT('',(0.,42.997393466278,3.233964884554));
#2889 = DIRECTION('',(0.,-0.906307787037,-0.422618261741));
#2890 = DIRECTION('',(0.,-0.422618261741,0.906307787037));
#2891 = ADVANCED_FACE('',(#2892),#2904,.F.);
#2892 = FACE_BOUND('',#2893,.F.);
#2893 = EDGE_LOOP('',(#2894,#2895,#2896,#2903));
#2894 = ORIENTED_EDGE('',*,*,#581,.F.);
#2895 = ORIENTED_EDGE('',*,*,#2816,.T.);
#2896 = ORIENTED_EDGE('',*,*,#2897,.T.);
#2897 = EDGE_CURVE('',#2817,#2873,#2898,.T.);
#2898 = CIRCLE('',#2899,0.762);
#2899 = AXIS2_PLACEMENT_3D('',#2900,#2901,#2902);
#2900 = CARTESIAN_POINT('',(2.032,43.688,3.556));
#2901 = DIRECTION('',(-1.,0.,0.));
#2902 = DIRECTION('',(0.,-1.,0.));
#2903 = ORIENTED_EDGE('',*,*,#2872,.F.);
#2904 = CYLINDRICAL_SURFACE('',#2905,0.762);
#2905 = AXIS2_PLACEMENT_3D('',#2906,#2907,#2908);
#2906 = CARTESIAN_POINT('',(0.,43.688,3.556));
#2907 = DIRECTION('',(-1.,0.,0.));
#2908 = DIRECTION('',(0.,-1.,0.));
#2909 = ADVANCED_FACE('',(#2910),#2935,.T.);
#2910 = FACE_BOUND('',#2911,.T.);
#2911 = EDGE_LOOP('',(#2912,#2913,#2921,#2929));
#2912 = ORIENTED_EDGE('',*,*,#607,.F.);
#2913 = ORIENTED_EDGE('',*,*,#2914,.T.);
#2914 = EDGE_CURVE('',#608,#2915,#2917,.T.);
#2915 = VERTEX_POINT('',#2916);
#2916 = CARTESIAN_POINT('',(2.032,41.330606533722,3.878035115446));
#2917 = LINE('',#2918,#2919);
#2918 = CARTESIAN_POINT('',(0.,41.330606533722,3.878035115446));
#2919 = VECTOR('',#2920,1.);
#2920 = DIRECTION('',(1.,0.,0.));
#2921 = ORIENTED_EDGE('',*,*,#2922,.T.);
#2922 = EDGE_CURVE('',#2915,#2923,#2925,.T.);
#2923 = VERTEX_POINT('',#2924);
#2924 = CARTESIAN_POINT('',(2.032,38.90254255771,9.085035115446));
#2925 = LINE('',#2926,#2927);
#2926 = CARTESIAN_POINT('',(2.032,42.374547832212,1.639295776226));
#2927 = VECTOR('',#2928,1.);
#2928 = DIRECTION('',(0.,-0.422618261741,0.906307787037));
#2929 = ORIENTED_EDGE('',*,*,#2930,.F.);
#2930 = EDGE_CURVE('',#610,#2923,#2931,.T.);
#2931 = LINE('',#2932,#2933);
#2932 = CARTESIAN_POINT('',(0.,38.90254255771,9.085035115446));
#2933 = VECTOR('',#2934,1.);
#2934 = DIRECTION('',(1.,0.,0.));
#2935 = PLANE('',#2936);
#2936 = AXIS2_PLACEMENT_3D('',#2937,#2938,#2939);
#2937 = CARTESIAN_POINT('',(0.,41.330606533722,3.878035115446));
#2938 = DIRECTION('',(0.,-0.906307787037,-0.422618261741));
#2939 = DIRECTION('',(0.,-0.422618261741,0.906307787037));
#2940 = ADVANCED_FACE('',(#2941),#2960,.F.);
#2941 = FACE_BOUND('',#2942,.F.);
#2942 = EDGE_LOOP('',(#2943,#2944,#2952,#2959));
#2943 = ORIENTED_EDGE('',*,*,#634,.F.);
#2944 = ORIENTED_EDGE('',*,*,#2945,.T.);
#2945 = EDGE_CURVE('',#627,#2946,#2948,.T.);
#2946 = VERTEX_POINT('',#2947);
#2947 = CARTESIAN_POINT('',(2.032,37.521329490266,8.440964884554));
#2948 = LINE('',#2949,#2950);
#2949 = CARTESIAN_POINT('',(0.,37.521329490266,8.440964884554));
#2950 = VECTOR('',#2951,1.);
#2951 = DIRECTION('',(1.,0.,0.));
#2952 = ORIENTED_EDGE('',*,*,#2953,.T.);
#2953 = EDGE_CURVE('',#2946,#2923,#2954,.T.);
#2954 = CIRCLE('',#2955,0.762);
#2955 = AXIS2_PLACEMENT_3D('',#2956,#2957,#2958);
#2956 = CARTESIAN_POINT('',(2.032,38.211936023988,8.763));
#2957 = DIRECTION('',(-1.,0.,0.));
#2958 = DIRECTION('',(0.,-1.,0.));
#2959 = ORIENTED_EDGE('',*,*,#2930,.F.);
#2960 = CYLINDRICAL_SURFACE('',#2961,0.762);
#2961 = AXIS2_PLACEMENT_3D('',#2962,#2963,#2964);
#2962 = CARTESIAN_POINT('',(0.,38.211936023988,8.763));
#2963 = DIRECTION('',(-1.,0.,0.));
#2964 = DIRECTION('',(0.,-1.,0.));
#2965 = ADVANCED_FACE('',(#2966),#2984,.F.);
#2966 = FACE_BOUND('',#2967,.F.);
#2967 = EDGE_LOOP('',(#2968,#2969,#2977,#2983));
#2968 = ORIENTED_EDGE('',*,*,#626,.F.);
#2969 = ORIENTED_EDGE('',*,*,#2970,.T.);
#2970 = EDGE_CURVE('',#618,#2971,#2973,.T.);
#2971 = VERTEX_POINT('',#2972);
#2972 = CARTESIAN_POINT('',(2.032,39.949393466278,3.233964884554));
#2973 = LINE('',#2974,#2975);
#2974 = CARTESIAN_POINT('',(0.,39.949393466278,3.233964884554));
#2975 = VECTOR('',#2976,1.);
#2976 = DIRECTION('',(1.,0.,0.));
#2977 = ORIENTED_EDGE('',*,*,#2978,.T.);
#2978 = EDGE_CURVE('',#2971,#2946,#2979,.T.);
#2979 = LINE('',#2980,#2981);
#2980 = CARTESIAN_POINT('',(2.032,40.993334764769,0.995225545334));
#2981 = VECTOR('',#2982,1.);
#2982 = DIRECTION('',(0.,-0.422618261741,0.906307787037));
#2983 = ORIENTED_EDGE('',*,*,#2945,.F.);
#2984 = PLANE('',#2985);
#2985 = AXIS2_PLACEMENT_3D('',#2986,#2987,#2988);
#2986 = CARTESIAN_POINT('',(0.,39.949393466278,3.233964884554));
#2987 = DIRECTION('',(0.,-0.906307787037,-0.422618261741));
#2988 = DIRECTION('',(0.,-0.422618261741,0.906307787037));
#2989 = ADVANCED_FACE('',(#2990),#3002,.F.);
#2990 = FACE_BOUND('',#2991,.F.);
#2991 = EDGE_LOOP('',(#2992,#2993,#2994,#3001));
#2992 = ORIENTED_EDGE('',*,*,#617,.F.);
#2993 = ORIENTED_EDGE('',*,*,#2914,.T.);
#2994 = ORIENTED_EDGE('',*,*,#2995,.T.);
#2995 = EDGE_CURVE('',#2915,#2971,#2996,.T.);
#2996 = CIRCLE('',#2997,0.762);
#2997 = AXIS2_PLACEMENT_3D('',#2998,#2999,#3000);
#2998 = CARTESIAN_POINT('',(2.032,40.64,3.556));
#2999 = DIRECTION('',(-1.,0.,0.));
#3000 = DIRECTION('',(0.,-1.,0.));
#3001 = ORIENTED_EDGE('',*,*,#2970,.F.);
#3002 = CYLINDRICAL_SURFACE('',#3003,0.762);
#3003 = AXIS2_PLACEMENT_3D('',#3004,#3005,#3006);
#3004 = CARTESIAN_POINT('',(0.,40.64,3.556));
#3005 = DIRECTION('',(-1.,0.,0.));
#3006 = DIRECTION('',(0.,-1.,0.));
#3007 = ADVANCED_FACE('',(#3008),#3033,.T.);
#3008 = FACE_BOUND('',#3009,.T.);
#3009 = EDGE_LOOP('',(#3010,#3011,#3019,#3027));
#3010 = ORIENTED_EDGE('',*,*,#643,.F.);
#3011 = ORIENTED_EDGE('',*,*,#3012,.T.);
#3012 = EDGE_CURVE('',#644,#3013,#3015,.T.);
#3013 = VERTEX_POINT('',#3014);
#3014 = CARTESIAN_POINT('',(2.032,38.282606533722,3.878035115446));
#3015 = LINE('',#3016,#3017);
#3016 = CARTESIAN_POINT('',(0.,38.282606533722,3.878035115446));
#3017 = VECTOR('',#3018,1.);
#3018 = DIRECTION('',(1.,0.,0.));
#3019 = ORIENTED_EDGE('',*,*,#3020,.T.);
#3020 = EDGE_CURVE('',#3013,#3021,#3023,.T.);
#3021 = VERTEX_POINT('',#3022);
#3022 = CARTESIAN_POINT('',(2.032,35.85454255771,9.085035115446));
#3023 = LINE('',#3024,#3025);
#3024 = CARTESIAN_POINT('',(2.032,39.326547832212,1.639295776226));
#3025 = VECTOR('',#3026,1.);
#3026 = DIRECTION('',(0.,-0.422618261741,0.906307787037));
#3027 = ORIENTED_EDGE('',*,*,#3028,.F.);
#3028 = EDGE_CURVE('',#646,#3021,#3029,.T.);
#3029 = LINE('',#3030,#3031);
#3030 = CARTESIAN_POINT('',(0.,35.85454255771,9.085035115446));
#3031 = VECTOR('',#3032,1.);
#3032 = DIRECTION('',(1.,0.,0.));
#3033 = PLANE('',#3034);
#3034 = AXIS2_PLACEMENT_3D('',#3035,#3036,#3037);
#3035 = CARTESIAN_POINT('',(0.,38.282606533722,3.878035115446));
#3036 = DIRECTION('',(0.,-0.906307787037,-0.422618261741));
#3037 = DIRECTION('',(0.,-0.422618261741,0.906307787037));
#3038 = ADVANCED_FACE('',(#3039),#3058,.F.);
#3039 = FACE_BOUND('',#3040,.F.);
#3040 = EDGE_LOOP('',(#3041,#3042,#3050,#3057));
#3041 = ORIENTED_EDGE('',*,*,#670,.F.);
#3042 = ORIENTED_EDGE('',*,*,#3043,.T.);
#3043 = EDGE_CURVE('',#663,#3044,#3046,.T.);
#3044 = VERTEX_POINT('',#3045);
#3045 = CARTESIAN_POINT('',(2.032,34.473329490267,8.440964884554));
#3046 = LINE('',#3047,#3048);
#3047 = CARTESIAN_POINT('',(0.,34.473329490267,8.440964884554));
#3048 = VECTOR('',#3049,1.);
#3049 = DIRECTION('',(1.,0.,0.));
#3050 = ORIENTED_EDGE('',*,*,#3051,.T.);
#3051 = EDGE_CURVE('',#3044,#3021,#3052,.T.);
#3052 = CIRCLE('',#3053,0.762);
#3053 = AXIS2_PLACEMENT_3D('',#3054,#3055,#3056);
#3054 = CARTESIAN_POINT('',(2.032,35.163936023988,8.763));
#3055 = DIRECTION('',(-1.,0.,0.));
#3056 = DIRECTION('',(0.,-1.,0.));
#3057 = ORIENTED_EDGE('',*,*,#3028,.F.);
#3058 = CYLINDRICAL_SURFACE('',#3059,0.762);
#3059 = AXIS2_PLACEMENT_3D('',#3060,#3061,#3062);
#3060 = CARTESIAN_POINT('',(0.,35.163936023988,8.763));
#3061 = DIRECTION('',(-1.,0.,0.));
#3062 = DIRECTION('',(0.,-1.,0.));
#3063 = ADVANCED_FACE('',(#3064),#3082,.F.);
#3064 = FACE_BOUND('',#3065,.F.);
#3065 = EDGE_LOOP('',(#3066,#3067,#3075,#3081));
#3066 = ORIENTED_EDGE('',*,*,#662,.F.);
#3067 = ORIENTED_EDGE('',*,*,#3068,.T.);
#3068 = EDGE_CURVE('',#654,#3069,#3071,.T.);
#3069 = VERTEX_POINT('',#3070);
#3070 = CARTESIAN_POINT('',(2.032,36.901393466278,3.233964884554));
#3071 = LINE('',#3072,#3073);
#3072 = CARTESIAN_POINT('',(0.,36.901393466278,3.233964884554));
#3073 = VECTOR('',#3074,1.);
#3074 = DIRECTION('',(1.,0.,0.));
#3075 = ORIENTED_EDGE('',*,*,#3076,.T.);
#3076 = EDGE_CURVE('',#3069,#3044,#3077,.T.);
#3077 = LINE('',#3078,#3079);
#3078 = CARTESIAN_POINT('',(2.032,37.945334764769,0.995225545334));
#3079 = VECTOR('',#3080,1.);
#3080 = DIRECTION('',(0.,-0.422618261741,0.906307787037));
#3081 = ORIENTED_EDGE('',*,*,#3043,.F.);
#3082 = PLANE('',#3083);
#3083 = AXIS2_PLACEMENT_3D('',#3084,#3085,#3086);
#3084 = CARTESIAN_POINT('',(0.,36.901393466278,3.233964884554));
#3085 = DIRECTION('',(0.,-0.906307787037,-0.422618261741));
#3086 = DIRECTION('',(0.,-0.422618261741,0.906307787037));
#3087 = ADVANCED_FACE('',(#3088),#3100,.F.);
#3088 = FACE_BOUND('',#3089,.F.);
#3089 = EDGE_LOOP('',(#3090,#3091,#3092,#3099));
#3090 = ORIENTED_EDGE('',*,*,#653,.F.);
#3091 = ORIENTED_EDGE('',*,*,#3012,.T.);
#3092 = ORIENTED_EDGE('',*,*,#3093,.T.);
#3093 = EDGE_CURVE('',#3013,#3069,#3094,.T.);
#3094 = CIRCLE('',#3095,0.762);
#3095 = AXIS2_PLACEMENT_3D('',#3096,#3097,#3098);
#3096 = CARTESIAN_POINT('',(2.032,37.592,3.556));
#3097 = DIRECTION('',(-1.,0.,0.));
#3098 = DIRECTION('',(0.,-1.,0.));
#3099 = ORIENTED_EDGE('',*,*,#3068,.F.);
#3100 = CYLINDRICAL_SURFACE('',#3101,0.762);
#3101 = AXIS2_PLACEMENT_3D('',#3102,#3103,#3104);
#3102 = CARTESIAN_POINT('',(0.,37.592,3.556));
#3103 = DIRECTION('',(-1.,0.,0.));
#3104 = DIRECTION('',(0.,-1.,0.));
#3105 = ADVANCED_FACE('',(#3106),#3131,.T.);
#3106 = FACE_BOUND('',#3107,.T.);
#3107 = EDGE_LOOP('',(#3108,#3109,#3117,#3125));
#3108 = ORIENTED_EDGE('',*,*,#679,.F.);
#3109 = ORIENTED_EDGE('',*,*,#3110,.T.);
#3110 = EDGE_CURVE('',#680,#3111,#3113,.T.);
#3111 = VERTEX_POINT('',#3112);
#3112 = CARTESIAN_POINT('',(2.032,35.234606533722,3.878035115446));
#3113 = LINE('',#3114,#3115);
#3114 = CARTESIAN_POINT('',(0.,35.234606533722,3.878035115446));
#3115 = VECTOR('',#3116,1.);
#3116 = DIRECTION('',(1.,0.,0.));
#3117 = ORIENTED_EDGE('',*,*,#3118,.T.);
#3118 = EDGE_CURVE('',#3111,#3119,#3121,.T.);
#3119 = VERTEX_POINT('',#3120);
#3120 = CARTESIAN_POINT('',(2.032,32.80654255771,9.085035115446));
#3121 = LINE('',#3122,#3123);
#3122 = CARTESIAN_POINT('',(2.032,36.278547832212,1.639295776226));
#3123 = VECTOR('',#3124,1.);
#3124 = DIRECTION('',(0.,-0.422618261741,0.906307787037));
#3125 = ORIENTED_EDGE('',*,*,#3126,.F.);
#3126 = EDGE_CURVE('',#682,#3119,#3127,.T.);
#3127 = LINE('',#3128,#3129);
#3128 = CARTESIAN_POINT('',(0.,32.80654255771,9.085035115446));
#3129 = VECTOR('',#3130,1.);
#3130 = DIRECTION('',(1.,0.,0.));
#3131 = PLANE('',#3132);
#3132 = AXIS2_PLACEMENT_3D('',#3133,#3134,#3135);
#3133 = CARTESIAN_POINT('',(0.,35.234606533722,3.878035115446));
#3134 = DIRECTION('',(0.,-0.906307787037,-0.422618261741));
#3135 = DIRECTION('',(0.,-0.422618261741,0.906307787037));
#3136 = ADVANCED_FACE('',(#3137),#3156,.F.);
#3137 = FACE_BOUND('',#3138,.F.);
#3138 = EDGE_LOOP('',(#3139,#3140,#3148,#3155));
#3139 = ORIENTED_EDGE('',*,*,#706,.F.);
#3140 = ORIENTED_EDGE('',*,*,#3141,.T.);
#3141 = EDGE_CURVE('',#699,#3142,#3144,.T.);
#3142 = VERTEX_POINT('',#3143);
#3143 = CARTESIAN_POINT('',(2.032,31.425329490266,8.440964884554));
#3144 = LINE('',#3145,#3146);
#3145 = CARTESIAN_POINT('',(0.,31.425329490266,8.440964884554));
#3146 = VECTOR('',#3147,1.);
#3147 = DIRECTION('',(1.,0.,0.));
#3148 = ORIENTED_EDGE('',*,*,#3149,.T.);
#3149 = EDGE_CURVE('',#3142,#3119,#3150,.T.);
#3150 = CIRCLE('',#3151,0.762);
#3151 = AXIS2_PLACEMENT_3D('',#3152,#3153,#3154);
#3152 = CARTESIAN_POINT('',(2.032,32.115936023988,8.763));
#3153 = DIRECTION('',(-1.,0.,0.));
#3154 = DIRECTION('',(0.,-1.,0.));
#3155 = ORIENTED_EDGE('',*,*,#3126,.F.);
#3156 = CYLINDRICAL_SURFACE('',#3157,0.762);
#3157 = AXIS2_PLACEMENT_3D('',#3158,#3159,#3160);
#3158 = CARTESIAN_POINT('',(0.,32.115936023988,8.763));
#3159 = DIRECTION('',(-1.,0.,0.));
#3160 = DIRECTION('',(0.,-1.,0.));
#3161 = ADVANCED_FACE('',(#3162),#3180,.F.);
#3162 = FACE_BOUND('',#3163,.F.);
#3163 = EDGE_LOOP('',(#3164,#3165,#3173,#3179));
#3164 = ORIENTED_EDGE('',*,*,#698,.F.);
#3165 = ORIENTED_EDGE('',*,*,#3166,.T.);
#3166 = EDGE_CURVE('',#690,#3167,#3169,.T.);
#3167 = VERTEX_POINT('',#3168);
#3168 = CARTESIAN_POINT('',(2.032,33.853393466278,3.233964884554));
#3169 = LINE('',#3170,#3171);
#3170 = CARTESIAN_POINT('',(0.,33.853393466278,3.233964884554));
#3171 = VECTOR('',#3172,1.);
#3172 = DIRECTION('',(1.,0.,0.));
#3173 = ORIENTED_EDGE('',*,*,#3174,.T.);
#3174 = EDGE_CURVE('',#3167,#3142,#3175,.T.);
#3175 = LINE('',#3176,#3177);
#3176 = CARTESIAN_POINT('',(2.032,34.897334764769,0.995225545334));
#3177 = VECTOR('',#3178,1.);
#3178 = DIRECTION('',(0.,-0.422618261741,0.906307787037));
#3179 = ORIENTED_EDGE('',*,*,#3141,.F.);
#3180 = PLANE('',#3181);
#3181 = AXIS2_PLACEMENT_3D('',#3182,#3183,#3184);
#3182 = CARTESIAN_POINT('',(0.,33.853393466278,3.233964884554));
#3183 = DIRECTION('',(0.,-0.906307787037,-0.422618261741));
#3184 = DIRECTION('',(0.,-0.422618261741,0.906307787037));
#3185 = ADVANCED_FACE('',(#3186),#3198,.F.);
#3186 = FACE_BOUND('',#3187,.F.);
#3187 = EDGE_LOOP('',(#3188,#3189,#3190,#3197));
#3188 = ORIENTED_EDGE('',*,*,#689,.F.);
#3189 = ORIENTED_EDGE('',*,*,#3110,.T.);
#3190 = ORIENTED_EDGE('',*,*,#3191,.T.);
#3191 = EDGE_CURVE('',#3111,#3167,#3192,.T.);
#3192 = CIRCLE('',#3193,0.762);
#3193 = AXIS2_PLACEMENT_3D('',#3194,#3195,#3196);
#3194 = CARTESIAN_POINT('',(2.032,34.544,3.556));
#3195 = DIRECTION('',(-1.,0.,0.));
#3196 = DIRECTION('',(0.,-1.,0.));
#3197 = ORIENTED_EDGE('',*,*,#3166,.F.);
#3198 = CYLINDRICAL_SURFACE('',#3199,0.762);
#3199 = AXIS2_PLACEMENT_3D('',#3200,#3201,#3202);
#3200 = CARTESIAN_POINT('',(0.,34.544,3.556));
#3201 = DIRECTION('',(-1.,0.,0.));
#3202 = DIRECTION('',(0.,-1.,0.));
#3203 = ADVANCED_FACE('',(#3204),#3229,.T.);
#3204 = FACE_BOUND('',#3205,.T.);
#3205 = EDGE_LOOP('',(#3206,#3207,#3215,#3223));
#3206 = ORIENTED_EDGE('',*,*,#715,.F.);
#3207 = ORIENTED_EDGE('',*,*,#3208,.T.);
#3208 = EDGE_CURVE('',#716,#3209,#3211,.T.);
#3209 = VERTEX_POINT('',#3210);
#3210 = CARTESIAN_POINT('',(2.032,32.186606533722,3.878035115446));
#3211 = LINE('',#3212,#3213);
#3212 = CARTESIAN_POINT('',(0.,32.186606533722,3.878035115446));
#3213 = VECTOR('',#3214,1.);
#3214 = DIRECTION('',(1.,0.,0.));
#3215 = ORIENTED_EDGE('',*,*,#3216,.T.);
#3216 = EDGE_CURVE('',#3209,#3217,#3219,.T.);
#3217 = VERTEX_POINT('',#3218);
#3218 = CARTESIAN_POINT('',(2.032,29.75854255771,9.085035115446));
#3219 = LINE('',#3220,#3221);
#3220 = CARTESIAN_POINT('',(2.032,33.230547832212,1.639295776226));
#3221 = VECTOR('',#3222,1.);
#3222 = DIRECTION('',(0.,-0.422618261741,0.906307787037));
#3223 = ORIENTED_EDGE('',*,*,#3224,.F.);
#3224 = EDGE_CURVE('',#718,#3217,#3225,.T.);
#3225 = LINE('',#3226,#3227);
#3226 = CARTESIAN_POINT('',(0.,29.75854255771,9.085035115446));
#3227 = VECTOR('',#3228,1.);
#3228 = DIRECTION('',(1.,0.,0.));
#3229 = PLANE('',#3230);
#3230 = AXIS2_PLACEMENT_3D('',#3231,#3232,#3233);
#3231 = CARTESIAN_POINT('',(0.,32.186606533722,3.878035115446));
#3232 = DIRECTION('',(0.,-0.906307787037,-0.422618261741));
#3233 = DIRECTION('',(0.,-0.422618261741,0.906307787037));
#3234 = ADVANCED_FACE('',(#3235),#3254,.F.);
#3235 = FACE_BOUND('',#3236,.F.);
#3236 = EDGE_LOOP('',(#3237,#3238,#3246,#3253));
#3237 = ORIENTED_EDGE('',*,*,#742,.F.);
#3238 = ORIENTED_EDGE('',*,*,#3239,.T.);
#3239 = EDGE_CURVE('',#735,#3240,#3242,.T.);
#3240 = VERTEX_POINT('',#3241);
#3241 = CARTESIAN_POINT('',(2.032,28.377329490266,8.440964884554));
#3242 = LINE('',#3243,#3244);
#3243 = CARTESIAN_POINT('',(0.,28.377329490266,8.440964884554));
#3244 = VECTOR('',#3245,1.);
#3245 = DIRECTION('',(1.,0.,0.));
#3246 = ORIENTED_EDGE('',*,*,#3247,.T.);
#3247 = EDGE_CURVE('',#3240,#3217,#3248,.T.);
#3248 = CIRCLE('',#3249,0.762);
#3249 = AXIS2_PLACEMENT_3D('',#3250,#3251,#3252);
#3250 = CARTESIAN_POINT('',(2.032,29.067936023988,8.763));
#3251 = DIRECTION('',(-1.,0.,0.));
#3252 = DIRECTION('',(0.,-1.,0.));
#3253 = ORIENTED_EDGE('',*,*,#3224,.F.);
#3254 = CYLINDRICAL_SURFACE('',#3255,0.762);
#3255 = AXIS2_PLACEMENT_3D('',#3256,#3257,#3258);
#3256 = CARTESIAN_POINT('',(0.,29.067936023988,8.763));
#3257 = DIRECTION('',(-1.,0.,0.));
#3258 = DIRECTION('',(0.,-1.,0.));
#3259 = ADVANCED_FACE('',(#3260),#3278,.F.);
#3260 = FACE_BOUND('',#3261,.F.);
#3261 = EDGE_LOOP('',(#3262,#3263,#3271,#3277));
#3262 = ORIENTED_EDGE('',*,*,#734,.F.);
#3263 = ORIENTED_EDGE('',*,*,#3264,.T.);
#3264 = EDGE_CURVE('',#726,#3265,#3267,.T.);
#3265 = VERTEX_POINT('',#3266);
#3266 = CARTESIAN_POINT('',(2.032,30.805393466278,3.233964884554));
#3267 = LINE('',#3268,#3269);
#3268 = CARTESIAN_POINT('',(0.,30.805393466278,3.233964884554));
#3269 = VECTOR('',#3270,1.);
#3270 = DIRECTION('',(1.,0.,0.));
#3271 = ORIENTED_EDGE('',*,*,#3272,.T.);
#3272 = EDGE_CURVE('',#3265,#3240,#3273,.T.);
#3273 = LINE('',#3274,#3275);
#3274 = CARTESIAN_POINT('',(2.032,31.849334764769,0.995225545334));
#3275 = VECTOR('',#3276,1.);
#3276 = DIRECTION('',(0.,-0.422618261741,0.906307787037));
#3277 = ORIENTED_EDGE('',*,*,#3239,.F.);
#3278 = PLANE('',#3279);
#3279 = AXIS2_PLACEMENT_3D('',#3280,#3281,#3282);
#3280 = CARTESIAN_POINT('',(0.,30.805393466278,3.233964884554));
#3281 = DIRECTION('',(0.,-0.906307787037,-0.422618261741));
#3282 = DIRECTION('',(0.,-0.422618261741,0.906307787037));
#3283 = ADVANCED_FACE('',(#3284),#3296,.F.);
#3284 = FACE_BOUND('',#3285,.F.);
#3285 = EDGE_LOOP('',(#3286,#3287,#3288,#3295));
#3286 = ORIENTED_EDGE('',*,*,#725,.F.);
#3287 = ORIENTED_EDGE('',*,*,#3208,.T.);
#3288 = ORIENTED_EDGE('',*,*,#3289,.T.);
#3289 = EDGE_CURVE('',#3209,#3265,#3290,.T.);
#3290 = CIRCLE('',#3291,0.762);
#3291 = AXIS2_PLACEMENT_3D('',#3292,#3293,#3294);
#3292 = CARTESIAN_POINT('',(2.032,31.496,3.556));
#3293 = DIRECTION('',(-1.,0.,0.));
#3294 = DIRECTION('',(0.,-1.,0.));
#3295 = ORIENTED_EDGE('',*,*,#3264,.F.);
#3296 = CYLINDRICAL_SURFACE('',#3297,0.762);
#3297 = AXIS2_PLACEMENT_3D('',#3298,#3299,#3300);
#3298 = CARTESIAN_POINT('',(0.,31.496,3.556));
#3299 = DIRECTION('',(-1.,0.,0.));
#3300 = DIRECTION('',(0.,-1.,0.));
#3301 = ADVANCED_FACE('',(#3302),#3327,.T.);
#3302 = FACE_BOUND('',#3303,.T.);
#3303 = EDGE_LOOP('',(#3304,#3305,#3313,#3321));
#3304 = ORIENTED_EDGE('',*,*,#751,.F.);
#3305 = ORIENTED_EDGE('',*,*,#3306,.T.);
#3306 = EDGE_CURVE('',#752,#3307,#3309,.T.);
#3307 = VERTEX_POINT('',#3308);
#3308 = CARTESIAN_POINT('',(2.032,29.138606533722,3.878035115446));
#3309 = LINE('',#3310,#3311);
#3310 = CARTESIAN_POINT('',(0.,29.138606533722,3.878035115446));
#3311 = VECTOR('',#3312,1.);
#3312 = DIRECTION('',(1.,0.,0.));
#3313 = ORIENTED_EDGE('',*,*,#3314,.T.);
#3314 = EDGE_CURVE('',#3307,#3315,#3317,.T.);
#3315 = VERTEX_POINT('',#3316);
#3316 = CARTESIAN_POINT('',(2.032,26.71054255771,9.085035115446));
#3317 = LINE('',#3318,#3319);
#3318 = CARTESIAN_POINT('',(2.032,30.182547832212,1.639295776226));
#3319 = VECTOR('',#3320,1.);
#3320 = DIRECTION('',(0.,-0.422618261741,0.906307787037));
#3321 = ORIENTED_EDGE('',*,*,#3322,.F.);
#3322 = EDGE_CURVE('',#754,#3315,#3323,.T.);
#3323 = LINE('',#3324,#3325);
#3324 = CARTESIAN_POINT('',(0.,26.71054255771,9.085035115446));
#3325 = VECTOR('',#3326,1.);
#3326 = DIRECTION('',(1.,0.,0.));
#3327 = PLANE('',#3328);
#3328 = AXIS2_PLACEMENT_3D('',#3329,#3330,#3331);
#3329 = CARTESIAN_POINT('',(0.,29.138606533722,3.878035115446));
#3330 = DIRECTION('',(0.,-0.906307787037,-0.422618261741));
#3331 = DIRECTION('',(0.,-0.422618261741,0.906307787037));
#3332 = ADVANCED_FACE('',(#3333),#3352,.F.);
#3333 = FACE_BOUND('',#3334,.F.);
#3334 = EDGE_LOOP('',(#3335,#3336,#3344,#3351));
#3335 = ORIENTED_EDGE('',*,*,#778,.F.);
#3336 = ORIENTED_EDGE('',*,*,#3337,.T.);
#3337 = EDGE_CURVE('',#771,#3338,#3340,.T.);
#3338 = VERTEX_POINT('',#3339);
#3339 = CARTESIAN_POINT('',(2.032,25.329329490266,8.440964884554));
#3340 = LINE('',#3341,#3342);
#3341 = CARTESIAN_POINT('',(0.,25.329329490266,8.440964884554));
#3342 = VECTOR('',#3343,1.);
#3343 = DIRECTION('',(1.,0.,0.));
#3344 = ORIENTED_EDGE('',*,*,#3345,.T.);
#3345 = EDGE_CURVE('',#3338,#3315,#3346,.T.);
#3346 = CIRCLE('',#3347,0.762);
#3347 = AXIS2_PLACEMENT_3D('',#3348,#3349,#3350);
#3348 = CARTESIAN_POINT('',(2.032,26.019936023988,8.763));
#3349 = DIRECTION('',(-1.,0.,0.));
#3350 = DIRECTION('',(0.,-1.,0.));
#3351 = ORIENTED_EDGE('',*,*,#3322,.F.);
#3352 = CYLINDRICAL_SURFACE('',#3353,0.762);
#3353 = AXIS2_PLACEMENT_3D('',#3354,#3355,#3356);
#3354 = CARTESIAN_POINT('',(0.,26.019936023988,8.763));
#3355 = DIRECTION('',(-1.,0.,0.));
#3356 = DIRECTION('',(0.,-1.,0.));
#3357 = ADVANCED_FACE('',(#3358),#3376,.F.);
#3358 = FACE_BOUND('',#3359,.F.);
#3359 = EDGE_LOOP('',(#3360,#3361,#3369,#3375));
#3360 = ORIENTED_EDGE('',*,*,#770,.F.);
#3361 = ORIENTED_EDGE('',*,*,#3362,.T.);
#3362 = EDGE_CURVE('',#762,#3363,#3365,.T.);
#3363 = VERTEX_POINT('',#3364);
#3364 = CARTESIAN_POINT('',(2.032,27.757393466278,3.233964884554));
#3365 = LINE('',#3366,#3367);
#3366 = CARTESIAN_POINT('',(0.,27.757393466278,3.233964884554));
#3367 = VECTOR('',#3368,1.);
#3368 = DIRECTION('',(1.,0.,0.));
#3369 = ORIENTED_EDGE('',*,*,#3370,.T.);
#3370 = EDGE_CURVE('',#3363,#3338,#3371,.T.);
#3371 = LINE('',#3372,#3373);
#3372 = CARTESIAN_POINT('',(2.032,28.801334764769,0.995225545334));
#3373 = VECTOR('',#3374,1.);
#3374 = DIRECTION('',(0.,-0.422618261741,0.906307787037));
#3375 = ORIENTED_EDGE('',*,*,#3337,.F.);
#3376 = PLANE('',#3377);
#3377 = AXIS2_PLACEMENT_3D('',#3378,#3379,#3380);
#3378 = CARTESIAN_POINT('',(0.,27.757393466278,3.233964884554));
#3379 = DIRECTION('',(0.,-0.906307787037,-0.422618261741));
#3380 = DIRECTION('',(0.,-0.422618261741,0.906307787037));
#3381 = ADVANCED_FACE('',(#3382),#3394,.F.);
#3382 = FACE_BOUND('',#3383,.F.);
#3383 = EDGE_LOOP('',(#3384,#3385,#3386,#3393));
#3384 = ORIENTED_EDGE('',*,*,#761,.F.);
#3385 = ORIENTED_EDGE('',*,*,#3306,.T.);
#3386 = ORIENTED_EDGE('',*,*,#3387,.T.);
#3387 = EDGE_CURVE('',#3307,#3363,#3388,.T.);
#3388 = CIRCLE('',#3389,0.762);
#3389 = AXIS2_PLACEMENT_3D('',#3390,#3391,#3392);
#3390 = CARTESIAN_POINT('',(2.032,28.448,3.556));
#3391 = DIRECTION('',(-1.,0.,0.));
#3392 = DIRECTION('',(0.,-1.,0.));
#3393 = ORIENTED_EDGE('',*,*,#3362,.F.);
#3394 = CYLINDRICAL_SURFACE('',#3395,0.762);
#3395 = AXIS2_PLACEMENT_3D('',#3396,#3397,#3398);
#3396 = CARTESIAN_POINT('',(0.,28.448,3.556));
#3397 = DIRECTION('',(-1.,0.,0.));
#3398 = DIRECTION('',(0.,-1.,0.));
#3399 = ADVANCED_FACE('',(#3400),#3425,.T.);
#3400 = FACE_BOUND('',#3401,.T.);
#3401 = EDGE_LOOP('',(#3402,#3403,#3411,#3419));
#3402 = ORIENTED_EDGE('',*,*,#787,.F.);
#3403 = ORIENTED_EDGE('',*,*,#3404,.T.);
#3404 = EDGE_CURVE('',#788,#3405,#3407,.T.);
#3405 = VERTEX_POINT('',#3406);
#3406 = CARTESIAN_POINT('',(2.032,26.090606533722,3.878035115446));
#3407 = LINE('',#3408,#3409);
#3408 = CARTESIAN_POINT('',(0.,26.090606533722,3.878035115446));
#3409 = VECTOR('',#3410,1.);
#3410 = DIRECTION('',(1.,0.,0.));
#3411 = ORIENTED_EDGE('',*,*,#3412,.T.);
#3412 = EDGE_CURVE('',#3405,#3413,#3415,.T.);
#3413 = VERTEX_POINT('',#3414);
#3414 = CARTESIAN_POINT('',(2.032,23.66254255771,9.085035115446));
#3415 = LINE('',#3416,#3417);
#3416 = CARTESIAN_POINT('',(2.032,27.134547832212,1.639295776226));
#3417 = VECTOR('',#3418,1.);
#3418 = DIRECTION('',(0.,-0.422618261741,0.906307787037));
#3419 = ORIENTED_EDGE('',*,*,#3420,.F.);
#3420 = EDGE_CURVE('',#790,#3413,#3421,.T.);
#3421 = LINE('',#3422,#3423);
#3422 = CARTESIAN_POINT('',(0.,23.66254255771,9.085035115446));
#3423 = VECTOR('',#3424,1.);
#3424 = DIRECTION('',(1.,0.,0.));
#3425 = PLANE('',#3426);
#3426 = AXIS2_PLACEMENT_3D('',#3427,#3428,#3429);
#3427 = CARTESIAN_POINT('',(0.,26.090606533722,3.878035115446));
#3428 = DIRECTION('',(0.,-0.906307787037,-0.422618261741));
#3429 = DIRECTION('',(0.,-0.422618261741,0.906307787037));
#3430 = ADVANCED_FACE('',(#3431),#3450,.F.);
#3431 = FACE_BOUND('',#3432,.F.);
#3432 = EDGE_LOOP('',(#3433,#3434,#3442,#3449));
#3433 = ORIENTED_EDGE('',*,*,#814,.F.);
#3434 = ORIENTED_EDGE('',*,*,#3435,.T.);
#3435 = EDGE_CURVE('',#807,#3436,#3438,.T.);
#3436 = VERTEX_POINT('',#3437);
#3437 = CARTESIAN_POINT('',(2.032,22.281329490267,8.440964884554));
#3438 = LINE('',#3439,#3440);
#3439 = CARTESIAN_POINT('',(0.,22.281329490267,8.440964884554));
#3440 = VECTOR('',#3441,1.);
#3441 = DIRECTION('',(1.,0.,0.));
#3442 = ORIENTED_EDGE('',*,*,#3443,.T.);
#3443 = EDGE_CURVE('',#3436,#3413,#3444,.T.);
#3444 = CIRCLE('',#3445,0.762);
#3445 = AXIS2_PLACEMENT_3D('',#3446,#3447,#3448);
#3446 = CARTESIAN_POINT('',(2.032,22.971936023988,8.763));
#3447 = DIRECTION('',(-1.,0.,0.));
#3448 = DIRECTION('',(0.,-1.,0.));
#3449 = ORIENTED_EDGE('',*,*,#3420,.F.);
#3450 = CYLINDRICAL_SURFACE('',#3451,0.762);
#3451 = AXIS2_PLACEMENT_3D('',#3452,#3453,#3454);
#3452 = CARTESIAN_POINT('',(0.,22.971936023988,8.763));
#3453 = DIRECTION('',(-1.,0.,0.));
#3454 = DIRECTION('',(0.,-1.,0.));
#3455 = ADVANCED_FACE('',(#3456),#3474,.F.);
#3456 = FACE_BOUND('',#3457,.F.);
#3457 = EDGE_LOOP('',(#3458,#3459,#3467,#3473));
#3458 = ORIENTED_EDGE('',*,*,#806,.F.);
#3459 = ORIENTED_EDGE('',*,*,#3460,.T.);
#3460 = EDGE_CURVE('',#798,#3461,#3463,.T.);
#3461 = VERTEX_POINT('',#3462);
#3462 = CARTESIAN_POINT('',(2.032,24.709393466278,3.233964884554));
#3463 = LINE('',#3464,#3465);
#3464 = CARTESIAN_POINT('',(0.,24.709393466278,3.233964884554));
#3465 = VECTOR('',#3466,1.);
#3466 = DIRECTION('',(1.,0.,0.));
#3467 = ORIENTED_EDGE('',*,*,#3468,.T.);
#3468 = EDGE_CURVE('',#3461,#3436,#3469,.T.);
#3469 = LINE('',#3470,#3471);
#3470 = CARTESIAN_POINT('',(2.032,25.753334764769,0.995225545334));
#3471 = VECTOR('',#3472,1.);
#3472 = DIRECTION('',(0.,-0.422618261741,0.906307787037));
#3473 = ORIENTED_EDGE('',*,*,#3435,.F.);
#3474 = PLANE('',#3475);
#3475 = AXIS2_PLACEMENT_3D('',#3476,#3477,#3478);
#3476 = CARTESIAN_POINT('',(0.,24.709393466278,3.233964884554));
#3477 = DIRECTION('',(0.,-0.906307787037,-0.422618261741));
#3478 = DIRECTION('',(0.,-0.422618261741,0.906307787037));
#3479 = ADVANCED_FACE('',(#3480),#3492,.F.);
#3480 = FACE_BOUND('',#3481,.F.);
#3481 = EDGE_LOOP('',(#3482,#3483,#3484,#3491));
#3482 = ORIENTED_EDGE('',*,*,#797,.F.);
#3483 = ORIENTED_EDGE('',*,*,#3404,.T.);
#3484 = ORIENTED_EDGE('',*,*,#3485,.T.);
#3485 = EDGE_CURVE('',#3405,#3461,#3486,.T.);
#3486 = CIRCLE('',#3487,0.762);
#3487 = AXIS2_PLACEMENT_3D('',#3488,#3489,#3490);
#3488 = CARTESIAN_POINT('',(2.032,25.4,3.556));
#3489 = DIRECTION('',(-1.,0.,0.));
#3490 = DIRECTION('',(0.,-1.,0.));
#3491 = ORIENTED_EDGE('',*,*,#3460,.F.);
#3492 = CYLINDRICAL_SURFACE('',#3493,0.762);
#3493 = AXIS2_PLACEMENT_3D('',#3494,#3495,#3496);
#3494 = CARTESIAN_POINT('',(0.,25.4,3.556));
#3495 = DIRECTION('',(-1.,0.,0.));
#3496 = DIRECTION('',(0.,-1.,0.));
#3497 = ADVANCED_FACE('',(#3498),#3523,.T.);
#3498 = FACE_BOUND('',#3499,.T.);
#3499 = EDGE_LOOP('',(#3500,#3501,#3509,#3517));
#3500 = ORIENTED_EDGE('',*,*,#823,.F.);
#3501 = ORIENTED_EDGE('',*,*,#3502,.T.);
#3502 = EDGE_CURVE('',#824,#3503,#3505,.T.);
#3503 = VERTEX_POINT('',#3504);
#3504 = CARTESIAN_POINT('',(2.032,23.042606533722,3.878035115446));
#3505 = LINE('',#3506,#3507);
#3506 = CARTESIAN_POINT('',(0.,23.042606533722,3.878035115446));
#3507 = VECTOR('',#3508,1.);
#3508 = DIRECTION('',(1.,0.,0.));
#3509 = ORIENTED_EDGE('',*,*,#3510,.T.);
#3510 = EDGE_CURVE('',#3503,#3511,#3513,.T.);
#3511 = VERTEX_POINT('',#3512);
#3512 = CARTESIAN_POINT('',(2.032,20.61454255771,9.085035115446));
#3513 = LINE('',#3514,#3515);
#3514 = CARTESIAN_POINT('',(2.032,24.086547832212,1.639295776226));
#3515 = VECTOR('',#3516,1.);
#3516 = DIRECTION('',(0.,-0.422618261741,0.906307787037));
#3517 = ORIENTED_EDGE('',*,*,#3518,.F.);
#3518 = EDGE_CURVE('',#826,#3511,#3519,.T.);
#3519 = LINE('',#3520,#3521);
#3520 = CARTESIAN_POINT('',(0.,20.61454255771,9.085035115446));
#3521 = VECTOR('',#3522,1.);
#3522 = DIRECTION('',(1.,0.,0.));
#3523 = PLANE('',#3524);
#3524 = AXIS2_PLACEMENT_3D('',#3525,#3526,#3527);
#3525 = CARTESIAN_POINT('',(0.,23.042606533722,3.878035115446));
#3526 = DIRECTION('',(0.,-0.906307787037,-0.422618261741));
#3527 = DIRECTION('',(0.,-0.422618261741,0.906307787037));
#3528 = ADVANCED_FACE('',(#3529),#3548,.F.);
#3529 = FACE_BOUND('',#3530,.F.);
#3530 = EDGE_LOOP('',(#3531,#3532,#3540,#3547));
#3531 = ORIENTED_EDGE('',*,*,#850,.F.);
#3532 = ORIENTED_EDGE('',*,*,#3533,.T.);
#3533 = EDGE_CURVE('',#843,#3534,#3536,.T.);
#3534 = VERTEX_POINT('',#3535);
#3535 = CARTESIAN_POINT('',(2.032,19.233329490266,8.440964884554));
#3536 = LINE('',#3537,#3538);
#3537 = CARTESIAN_POINT('',(0.,19.233329490266,8.440964884554));
#3538 = VECTOR('',#3539,1.);
#3539 = DIRECTION('',(1.,0.,0.));
#3540 = ORIENTED_EDGE('',*,*,#3541,.T.);
#3541 = EDGE_CURVE('',#3534,#3511,#3542,.T.);
#3542 = CIRCLE('',#3543,0.762);
#3543 = AXIS2_PLACEMENT_3D('',#3544,#3545,#3546);
#3544 = CARTESIAN_POINT('',(2.032,19.923936023988,8.763));
#3545 = DIRECTION('',(-1.,0.,0.));
#3546 = DIRECTION('',(0.,-1.,0.));
#3547 = ORIENTED_EDGE('',*,*,#3518,.F.);
#3548 = CYLINDRICAL_SURFACE('',#3549,0.762);
#3549 = AXIS2_PLACEMENT_3D('',#3550,#3551,#3552);
#3550 = CARTESIAN_POINT('',(0.,19.923936023988,8.763));
#3551 = DIRECTION('',(-1.,0.,0.));
#3552 = DIRECTION('',(0.,-1.,0.));
#3553 = ADVANCED_FACE('',(#3554),#3572,.F.);
#3554 = FACE_BOUND('',#3555,.F.);
#3555 = EDGE_LOOP('',(#3556,#3557,#3565,#3571));
#3556 = ORIENTED_EDGE('',*,*,#842,.F.);
#3557 = ORIENTED_EDGE('',*,*,#3558,.T.);
#3558 = EDGE_CURVE('',#834,#3559,#3561,.T.);
#3559 = VERTEX_POINT('',#3560);
#3560 = CARTESIAN_POINT('',(2.032,21.661393466278,3.233964884554));
#3561 = LINE('',#3562,#3563);
#3562 = CARTESIAN_POINT('',(0.,21.661393466278,3.233964884554));
#3563 = VECTOR('',#3564,1.);
#3564 = DIRECTION('',(1.,0.,0.));
#3565 = ORIENTED_EDGE('',*,*,#3566,.T.);
#3566 = EDGE_CURVE('',#3559,#3534,#3567,.T.);
#3567 = LINE('',#3568,#3569);
#3568 = CARTESIAN_POINT('',(2.032,22.705334764769,0.995225545334));
#3569 = VECTOR('',#3570,1.);
#3570 = DIRECTION('',(0.,-0.422618261741,0.906307787037));
#3571 = ORIENTED_EDGE('',*,*,#3533,.F.);
#3572 = PLANE('',#3573);
#3573 = AXIS2_PLACEMENT_3D('',#3574,#3575,#3576);
#3574 = CARTESIAN_POINT('',(0.,21.661393466278,3.233964884554));
#3575 = DIRECTION('',(0.,-0.906307787037,-0.422618261741));
#3576 = DIRECTION('',(0.,-0.422618261741,0.906307787037));
#3577 = ADVANCED_FACE('',(#3578),#3590,.F.);
#3578 = FACE_BOUND('',#3579,.F.);
#3579 = EDGE_LOOP('',(#3580,#3581,#3582,#3589));
#3580 = ORIENTED_EDGE('',*,*,#833,.F.);
#3581 = ORIENTED_EDGE('',*,*,#3502,.T.);
#3582 = ORIENTED_EDGE('',*,*,#3583,.T.);
#3583 = EDGE_CURVE('',#3503,#3559,#3584,.T.);
#3584 = CIRCLE('',#3585,0.762);
#3585 = AXIS2_PLACEMENT_3D('',#3586,#3587,#3588);
#3586 = CARTESIAN_POINT('',(2.032,22.352,3.556));
#3587 = DIRECTION('',(-1.,0.,0.));
#3588 = DIRECTION('',(0.,-1.,0.));
#3589 = ORIENTED_EDGE('',*,*,#3558,.F.);
#3590 = CYLINDRICAL_SURFACE('',#3591,0.762);
#3591 = AXIS2_PLACEMENT_3D('',#3592,#3593,#3594);
#3592 = CARTESIAN_POINT('',(0.,22.352,3.556));
#3593 = DIRECTION('',(-1.,0.,0.));
#3594 = DIRECTION('',(0.,-1.,0.));
#3595 = ADVANCED_FACE('',(#3596),#3621,.T.);
#3596 = FACE_BOUND('',#3597,.T.);
#3597 = EDGE_LOOP('',(#3598,#3599,#3607,#3615));
#3598 = ORIENTED_EDGE('',*,*,#859,.F.);
#3599 = ORIENTED_EDGE('',*,*,#3600,.T.);
#3600 = EDGE_CURVE('',#860,#3601,#3603,.T.);
#3601 = VERTEX_POINT('',#3602);
#3602 = CARTESIAN_POINT('',(2.032,19.994606533722,3.878035115446));
#3603 = LINE('',#3604,#3605);
#3604 = CARTESIAN_POINT('',(0.,19.994606533722,3.878035115446));
#3605 = VECTOR('',#3606,1.);
#3606 = DIRECTION('',(1.,0.,0.));
#3607 = ORIENTED_EDGE('',*,*,#3608,.T.);
#3608 = EDGE_CURVE('',#3601,#3609,#3611,.T.);
#3609 = VERTEX_POINT('',#3610);
#3610 = CARTESIAN_POINT('',(2.032,17.56654255771,9.085035115446));
#3611 = LINE('',#3612,#3613);
#3612 = CARTESIAN_POINT('',(2.032,21.038547832212,1.639295776226));
#3613 = VECTOR('',#3614,1.);
#3614 = DIRECTION('',(0.,-0.422618261741,0.906307787037));
#3615 = ORIENTED_EDGE('',*,*,#3616,.F.);
#3616 = EDGE_CURVE('',#862,#3609,#3617,.T.);
#3617 = LINE('',#3618,#3619);
#3618 = CARTESIAN_POINT('',(0.,17.56654255771,9.085035115446));
#3619 = VECTOR('',#3620,1.);
#3620 = DIRECTION('',(1.,0.,0.));
#3621 = PLANE('',#3622);
#3622 = AXIS2_PLACEMENT_3D('',#3623,#3624,#3625);
#3623 = CARTESIAN_POINT('',(0.,19.994606533722,3.878035115446));
#3624 = DIRECTION('',(0.,-0.906307787037,-0.422618261741));
#3625 = DIRECTION('',(0.,-0.422618261741,0.906307787037));
#3626 = ADVANCED_FACE('',(#3627),#3646,.F.);
#3627 = FACE_BOUND('',#3628,.F.);
#3628 = EDGE_LOOP('',(#3629,#3630,#3638,#3645));
#3629 = ORIENTED_EDGE('',*,*,#886,.F.);
#3630 = ORIENTED_EDGE('',*,*,#3631,.T.);
#3631 = EDGE_CURVE('',#879,#3632,#3634,.T.);
#3632 = VERTEX_POINT('',#3633);
#3633 = CARTESIAN_POINT('',(2.032,16.185329490266,8.440964884554));
#3634 = LINE('',#3635,#3636);
#3635 = CARTESIAN_POINT('',(0.,16.185329490266,8.440964884554));
#3636 = VECTOR('',#3637,1.);
#3637 = DIRECTION('',(1.,0.,0.));
#3638 = ORIENTED_EDGE('',*,*,#3639,.T.);
#3639 = EDGE_CURVE('',#3632,#3609,#3640,.T.);
#3640 = CIRCLE('',#3641,0.762);
#3641 = AXIS2_PLACEMENT_3D('',#3642,#3643,#3644);
#3642 = CARTESIAN_POINT('',(2.032,16.875936023988,8.763));
#3643 = DIRECTION('',(-1.,0.,0.));
#3644 = DIRECTION('',(0.,-1.,0.));
#3645 = ORIENTED_EDGE('',*,*,#3616,.F.);
#3646 = CYLINDRICAL_SURFACE('',#3647,0.762);
#3647 = AXIS2_PLACEMENT_3D('',#3648,#3649,#3650);
#3648 = CARTESIAN_POINT('',(0.,16.875936023988,8.763));
#3649 = DIRECTION('',(-1.,0.,0.));
#3650 = DIRECTION('',(0.,-1.,0.));
#3651 = ADVANCED_FACE('',(#3652),#3670,.F.);
#3652 = FACE_BOUND('',#3653,.F.);
#3653 = EDGE_LOOP('',(#3654,#3655,#3663,#3669));
#3654 = ORIENTED_EDGE('',*,*,#878,.F.);
#3655 = ORIENTED_EDGE('',*,*,#3656,.T.);
#3656 = EDGE_CURVE('',#870,#3657,#3659,.T.);
#3657 = VERTEX_POINT('',#3658);
#3658 = CARTESIAN_POINT('',(2.032,18.613393466278,3.233964884554));
#3659 = LINE('',#3660,#3661);
#3660 = CARTESIAN_POINT('',(0.,18.613393466278,3.233964884554));
#3661 = VECTOR('',#3662,1.);
#3662 = DIRECTION('',(1.,0.,0.));
#3663 = ORIENTED_EDGE('',*,*,#3664,.T.);
#3664 = EDGE_CURVE('',#3657,#3632,#3665,.T.);
#3665 = LINE('',#3666,#3667);
#3666 = CARTESIAN_POINT('',(2.032,19.657334764769,0.995225545334));
#3667 = VECTOR('',#3668,1.);
#3668 = DIRECTION('',(0.,-0.422618261741,0.906307787037));
#3669 = ORIENTED_EDGE('',*,*,#3631,.F.);
#3670 = PLANE('',#3671);
#3671 = AXIS2_PLACEMENT_3D('',#3672,#3673,#3674);
#3672 = CARTESIAN_POINT('',(0.,18.613393466278,3.233964884554));
#3673 = DIRECTION('',(0.,-0.906307787037,-0.422618261741));
#3674 = DIRECTION('',(0.,-0.422618261741,0.906307787037));
#3675 = ADVANCED_FACE('',(#3676),#3688,.F.);
#3676 = FACE_BOUND('',#3677,.F.);
#3677 = EDGE_LOOP('',(#3678,#3679,#3680,#3687));
#3678 = ORIENTED_EDGE('',*,*,#869,.F.);
#3679 = ORIENTED_EDGE('',*,*,#3600,.T.);
#3680 = ORIENTED_EDGE('',*,*,#3681,.T.);
#3681 = EDGE_CURVE('',#3601,#3657,#3682,.T.);
#3682 = CIRCLE('',#3683,0.762);
#3683 = AXIS2_PLACEMENT_3D('',#3684,#3685,#3686);
#3684 = CARTESIAN_POINT('',(2.032,19.304,3.556));
#3685 = DIRECTION('',(-1.,0.,0.));
#3686 = DIRECTION('',(0.,-1.,0.));
#3687 = ORIENTED_EDGE('',*,*,#3656,.F.);
#3688 = CYLINDRICAL_SURFACE('',#3689,0.762);
#3689 = AXIS2_PLACEMENT_3D('',#3690,#3691,#3692);
#3690 = CARTESIAN_POINT('',(0.,19.304,3.556));
#3691 = DIRECTION('',(-1.,0.,0.));
#3692 = DIRECTION('',(0.,-1.,0.));
#3693 = ADVANCED_FACE('',(#3694),#3705,.T.);
#3694 = FACE_BOUND('',#3695,.T.);
#3695 = EDGE_LOOP('',(#3696,#3697,#3698,#3704));
#3696 = ORIENTED_EDGE('',*,*,#903,.F.);
#3697 = ORIENTED_EDGE('',*,*,#935,.T.);
#3698 = ORIENTED_EDGE('',*,*,#3699,.T.);
#3699 = EDGE_CURVE('',#928,#1563,#3700,.T.);
#3700 = LINE('',#3701,#3702);
#3701 = CARTESIAN_POINT('',(25.612073868597,2.54,11.2395));
#3702 = VECTOR('',#3703,1.);
#3703 = DIRECTION('',(-0.5,0.,0.866025403784));
#3704 = ORIENTED_EDGE('',*,*,#1599,.F.);
#3705 = CONICAL_SURFACE('',#3706,2.54,0.523598775598);
#3706 = AXIS2_PLACEMENT_3D('',#3707,#3708,#3709);
#3707 = CARTESIAN_POINT('',(23.622,2.54,10.287));
#3708 = DIRECTION('',(-0.,-0.,-1.));
#3709 = DIRECTION('',(0.,-1.,0.));
#3710 = ADVANCED_FACE('',(#3711,#3745,#3751,#3757,#3763,#3769,#3775),
  #3781,.T.);
#3711 = FACE_BOUND('',#3712,.T.);
#3712 = EDGE_LOOP('',(#3713,#3723,#3731,#3739));
#3713 = ORIENTED_EDGE('',*,*,#3714,.F.);
#3714 = EDGE_CURVE('',#3715,#3717,#3719,.T.);
#3715 = VERTEX_POINT('',#3716);
#3716 = CARTESIAN_POINT('',(2.54,2.032,2.032));
#3717 = VERTEX_POINT('',#3718);
#3718 = CARTESIAN_POINT('',(23.622,2.032,2.032));
#3719 = LINE('',#3720,#3721);
#3720 = CARTESIAN_POINT('',(2.54,2.032,2.032));
#3721 = VECTOR('',#3722,1.);
#3722 = DIRECTION('',(1.,0.,-2.2E-16));
#3723 = ORIENTED_EDGE('',*,*,#3724,.F.);
#3724 = EDGE_CURVE('',#3725,#3715,#3727,.T.);
#3725 = VERTEX_POINT('',#3726);
#3726 = CARTESIAN_POINT('',(2.54,2.032,10.16));
#3727 = LINE('',#3728,#3729);
#3728 = CARTESIAN_POINT('',(2.54,2.032,10.16));
#3729 = VECTOR('',#3730,1.);
#3730 = DIRECTION('',(0.,0.,-1.));
#3731 = ORIENTED_EDGE('',*,*,#3732,.T.);
#3732 = EDGE_CURVE('',#3725,#3733,#3735,.T.);
#3733 = VERTEX_POINT('',#3734);
#3734 = CARTESIAN_POINT('',(23.622,2.032,10.16));
#3735 = LINE('',#3736,#3737);
#3736 = CARTESIAN_POINT('',(6.5405,2.032,10.16));
#3737 = VECTOR('',#3738,1.);
#3738 = DIRECTION('',(1.,0.,0.));
#3739 = ORIENTED_EDGE('',*,*,#3740,.F.);
#3740 = EDGE_CURVE('',#3717,#3733,#3741,.T.);
#3741 = LINE('',#3742,#3743);
#3742 = CARTESIAN_POINT('',(23.622,2.032,0.));
#3743 = VECTOR('',#3744,1.);
#3744 = DIRECTION('',(0.,0.,1.));
#3745 = FACE_BOUND('',#3746,.T.);
#3746 = EDGE_LOOP('',(#3747,#3748,#3749,#3750));
#3747 = ORIENTED_EDGE('',*,*,#959,.F.);
#3748 = ORIENTED_EDGE('',*,*,#983,.T.);
#3749 = ORIENTED_EDGE('',*,*,#1033,.T.);
#3750 = ORIENTED_EDGE('',*,*,#1015,.T.);
#3751 = FACE_BOUND('',#3752,.T.);
#3752 = EDGE_LOOP('',(#3753,#3754,#3755,#3756));
#3753 = ORIENTED_EDGE('',*,*,#1449,.F.);
#3754 = ORIENTED_EDGE('',*,*,#1522,.T.);
#3755 = ORIENTED_EDGE('',*,*,#1505,.T.);
#3756 = ORIENTED_EDGE('',*,*,#1480,.T.);
#3757 = FACE_BOUND('',#3758,.T.);
#3758 = EDGE_LOOP('',(#3759,#3760,#3761,#3762));
#3759 = ORIENTED_EDGE('',*,*,#1057,.F.);
#3760 = ORIENTED_EDGE('',*,*,#1130,.T.);
#3761 = ORIENTED_EDGE('',*,*,#1113,.T.);
#3762 = ORIENTED_EDGE('',*,*,#1088,.T.);
#3763 = FACE_BOUND('',#3764,.T.);
#3764 = EDGE_LOOP('',(#3765,#3766,#3767,#3768));
#3765 = ORIENTED_EDGE('',*,*,#1155,.F.);
#3766 = ORIENTED_EDGE('',*,*,#1228,.T.);
#3767 = ORIENTED_EDGE('',*,*,#1211,.T.);
#3768 = ORIENTED_EDGE('',*,*,#1186,.T.);
#3769 = FACE_BOUND('',#3770,.T.);
#3770 = EDGE_LOOP('',(#3771,#3772,#3773,#3774));
#3771 = ORIENTED_EDGE('',*,*,#1253,.F.);
#3772 = ORIENTED_EDGE('',*,*,#1326,.T.);
#3773 = ORIENTED_EDGE('',*,*,#1309,.T.);
#3774 = ORIENTED_EDGE('',*,*,#1284,.T.);
#3775 = FACE_BOUND('',#3776,.T.);
#3776 = EDGE_LOOP('',(#3777,#3778,#3779,#3780));
#3777 = ORIENTED_EDGE('',*,*,#1351,.F.);
#3778 = ORIENTED_EDGE('',*,*,#1424,.T.);
#3779 = ORIENTED_EDGE('',*,*,#1407,.T.);
#3780 = ORIENTED_EDGE('',*,*,#1382,.T.);
#3781 = PLANE('',#3782);
#3782 = AXIS2_PLACEMENT_3D('',#3783,#3784,#3785);
#3783 = CARTESIAN_POINT('',(0.,2.032,0.));
#3784 = DIRECTION('',(0.,1.,0.));
#3785 = DIRECTION('',(1.,0.,0.));
#3786 = ADVANCED_FACE('',(#3787),#3798,.T.);
#3787 = FACE_BOUND('',#3788,.T.);
#3788 = EDGE_LOOP('',(#3789,#3795,#3796,#3797));
#3789 = ORIENTED_EDGE('',*,*,#3790,.F.);
#3790 = EDGE_CURVE('',#1902,#1582,#3791,.T.);
#3791 = LINE('',#3792,#3793);
#3792 = CARTESIAN_POINT('',(2.54,50.250073868597,11.2395));
#3793 = VECTOR('',#3794,1.);
#3794 = DIRECTION('',(0.,-0.5,0.866025403784));
#3795 = ORIENTED_EDGE('',*,*,#2528,.T.);
#3796 = ORIENTED_EDGE('',*,*,#1538,.T.);
#3797 = ORIENTED_EDGE('',*,*,#1589,.F.);
#3798 = CONICAL_SURFACE('',#3799,2.54,0.523598775598);
#3799 = AXIS2_PLACEMENT_3D('',#3800,#3801,#3802);
#3800 = CARTESIAN_POINT('',(2.54,48.26,10.287));
#3801 = DIRECTION('',(-0.,-0.,-1.));
#3802 = DIRECTION('',(3.5E-16,1.,0.));
#3803 = ADVANCED_FACE('',(#3804),#3815,.F.);
#3804 = FACE_BOUND('',#3805,.T.);
#3805 = EDGE_LOOP('',(#3806,#3807,#3808,#3814));
#3806 = ORIENTED_EDGE('',*,*,#3699,.F.);
#3807 = ORIENTED_EDGE('',*,*,#1999,.T.);
#3808 = ORIENTED_EDGE('',*,*,#3809,.T.);
#3809 = EDGE_CURVE('',#1974,#1565,#3810,.T.);
#3810 = LINE('',#3811,#3812);
#3811 = CARTESIAN_POINT('',(25.612073868597,48.26,11.2395));
#3812 = VECTOR('',#3813,1.);
#3813 = DIRECTION('',(-0.5,0.,0.866025403784));
#3814 = ORIENTED_EDGE('',*,*,#1562,.F.);
#3815 = PLANE('',#3816);
#3816 = AXIS2_PLACEMENT_3D('',#3817,#3818,#3819);
#3817 = CARTESIAN_POINT('',(25.612073868597,2.54,11.2395));
#3818 = DIRECTION('',(-0.866025403784,-1.E-17,-0.5));
#3819 = DIRECTION('',(6.830127018922E-18,-1.,8.169872981078E-18));
#3820 = ADVANCED_FACE('',(#3821),#3832,.T.);
#3821 = FACE_BOUND('',#3822,.T.);
#3822 = EDGE_LOOP('',(#3823,#3824,#3825,#3831));
#3823 = ORIENTED_EDGE('',*,*,#3809,.F.);
#3824 = ORIENTED_EDGE('',*,*,#1983,.T.);
#3825 = ORIENTED_EDGE('',*,*,#3826,.T.);
#3826 = EDGE_CURVE('',#1952,#1573,#3827,.T.);
#3827 = LINE('',#3828,#3829);
#3828 = CARTESIAN_POINT('',(23.622,50.8,10.287));
#3829 = VECTOR('',#3830,1.);
#3830 = DIRECTION('',(-3.E-17,-0.5,0.866025403784));
#3831 = ORIENTED_EDGE('',*,*,#1572,.F.);
#3832 = CONICAL_SURFACE('',#3833,2.54,0.523598775598);
#3833 = AXIS2_PLACEMENT_3D('',#3834,#3835,#3836);
#3834 = CARTESIAN_POINT('',(23.622,48.26,10.287));
#3835 = DIRECTION('',(-0.,-0.,-1.));
#3836 = DIRECTION('',(1.,0.,0.));
#3837 = ADVANCED_FACE('',(#3838),#3844,.F.);
#3838 = FACE_BOUND('',#3839,.T.);
#3839 = EDGE_LOOP('',(#3840,#3841,#3842,#3843));
#3840 = ORIENTED_EDGE('',*,*,#3826,.F.);
#3841 = ORIENTED_EDGE('',*,*,#1959,.T.);
#3842 = ORIENTED_EDGE('',*,*,#3790,.T.);
#3843 = ORIENTED_EDGE('',*,*,#1581,.F.);
#3844 = PLANE('',#3845);
#3845 = AXIS2_PLACEMENT_3D('',#3846,#3847,#3848);
#3846 = CARTESIAN_POINT('',(23.622,50.250073868597,11.2395));
#3847 = DIRECTION('',(1.E-17,-0.866025403784,-0.5));
#3848 = DIRECTION('',(1.,6.830127018922E-18,8.169872981078E-18));
#3849 = ADVANCED_FACE('',(#3850,#3895,#3901,#3907,#3913,#3919,#3925,
    #3931,#3937,#3943,#3949),#3955,.T.);
#3850 = FACE_BOUND('',#3851,.T.);
#3851 = EDGE_LOOP('',(#3852,#3860,#3868,#3876,#3884,#3890,#3891,#3892,
    #3893,#3894));
#3852 = ORIENTED_EDGE('',*,*,#3853,.F.);
#3853 = EDGE_CURVE('',#3854,#2603,#3856,.T.);
#3854 = VERTEX_POINT('',#3855);
#3855 = CARTESIAN_POINT('',(2.032,48.26,2.032));
#3856 = LINE('',#3857,#3858);
#3857 = CARTESIAN_POINT('',(2.032,48.26,2.032));
#3858 = VECTOR('',#3859,1.);
#3859 = DIRECTION('',(-0.,-1.,-1.E-16));
#3860 = ORIENTED_EDGE('',*,*,#3861,.T.);
#3861 = EDGE_CURVE('',#3854,#3862,#3864,.T.);
#3862 = VERTEX_POINT('',#3863);
#3863 = CARTESIAN_POINT('',(2.032,48.26,10.16));
#3864 = LINE('',#3865,#3866);
#3865 = CARTESIAN_POINT('',(2.032,48.26,0.));
#3866 = VECTOR('',#3867,1.);
#3867 = DIRECTION('',(0.,0.,1.));
#3868 = ORIENTED_EDGE('',*,*,#3869,.T.);
#3869 = EDGE_CURVE('',#3862,#3870,#3872,.T.);
#3870 = VERTEX_POINT('',#3871);
#3871 = CARTESIAN_POINT('',(2.032,2.54,10.16));
#3872 = LINE('',#3873,#3874);
#3873 = CARTESIAN_POINT('',(2.032,38.1,10.16));
#3874 = VECTOR('',#3875,1.);
#3875 = DIRECTION('',(0.,-1.,0.));
#3876 = ORIENTED_EDGE('',*,*,#3877,.T.);
#3877 = EDGE_CURVE('',#3870,#3878,#3880,.T.);
#3878 = VERTEX_POINT('',#3879);
#3879 = CARTESIAN_POINT('',(2.032,2.54,2.032));
#3880 = LINE('',#3881,#3882);
#3881 = CARTESIAN_POINT('',(2.032,2.54,10.16));
#3882 = VECTOR('',#3883,1.);
#3883 = DIRECTION('',(0.,0.,-1.));
#3884 = ORIENTED_EDGE('',*,*,#3885,.F.);
#3885 = EDGE_CURVE('',#1650,#3878,#3886,.T.);
#3886 = LINE('',#3887,#3888);
#3887 = CARTESIAN_POINT('',(2.032,7.9248,2.032));
#3888 = VECTOR('',#3889,1.);
#3889 = DIRECTION('',(-0.,-1.,-1.E-16));
#3890 = ORIENTED_EDGE('',*,*,#1657,.T.);
#3891 = ORIENTED_EDGE('',*,*,#2701,.T.);
#3892 = ORIENTED_EDGE('',*,*,#2684,.T.);
#3893 = ORIENTED_EDGE('',*,*,#2659,.T.);
#3894 = ORIENTED_EDGE('',*,*,#2602,.T.);
#3895 = FACE_BOUND('',#3896,.T.);
#3896 = EDGE_LOOP('',(#3897,#3898,#3899,#3900));
#3897 = ORIENTED_EDGE('',*,*,#2726,.F.);
#3898 = ORIENTED_EDGE('',*,*,#2750,.T.);
#3899 = ORIENTED_EDGE('',*,*,#2800,.T.);
#3900 = ORIENTED_EDGE('',*,*,#2782,.T.);
#3901 = FACE_BOUND('',#3902,.T.);
#3902 = EDGE_LOOP('',(#3903,#3904,#3905,#3906));
#3903 = ORIENTED_EDGE('',*,*,#2824,.F.);
#3904 = ORIENTED_EDGE('',*,*,#2897,.T.);
#3905 = ORIENTED_EDGE('',*,*,#2880,.T.);
#3906 = ORIENTED_EDGE('',*,*,#2855,.T.);
#3907 = FACE_BOUND('',#3908,.T.);
#3908 = EDGE_LOOP('',(#3909,#3910,#3911,#3912));
#3909 = ORIENTED_EDGE('',*,*,#2922,.F.);
#3910 = ORIENTED_EDGE('',*,*,#2995,.T.);
#3911 = ORIENTED_EDGE('',*,*,#2978,.T.);
#3912 = ORIENTED_EDGE('',*,*,#2953,.T.);
#3913 = FACE_BOUND('',#3914,.T.);
#3914 = EDGE_LOOP('',(#3915,#3916,#3917,#3918));
#3915 = ORIENTED_EDGE('',*,*,#3020,.F.);
#3916 = ORIENTED_EDGE('',*,*,#3093,.T.);
#3917 = ORIENTED_EDGE('',*,*,#3076,.T.);
#3918 = ORIENTED_EDGE('',*,*,#3051,.T.);
#3919 = FACE_BOUND('',#3920,.T.);
#3920 = EDGE_LOOP('',(#3921,#3922,#3923,#3924));
#3921 = ORIENTED_EDGE('',*,*,#3118,.F.);
#3922 = ORIENTED_EDGE('',*,*,#3191,.T.);
#3923 = ORIENTED_EDGE('',*,*,#3174,.T.);
#3924 = ORIENTED_EDGE('',*,*,#3149,.T.);
#3925 = FACE_BOUND('',#3926,.T.);
#3926 = EDGE_LOOP('',(#3927,#3928,#3929,#3930));
#3927 = ORIENTED_EDGE('',*,*,#3216,.F.);
#3928 = ORIENTED_EDGE('',*,*,#3289,.T.);
#3929 = ORIENTED_EDGE('',*,*,#3272,.T.);
#3930 = ORIENTED_EDGE('',*,*,#3247,.T.);
#3931 = FACE_BOUND('',#3932,.T.);
#3932 = EDGE_LOOP('',(#3933,#3934,#3935,#3936));
#3933 = ORIENTED_EDGE('',*,*,#3314,.F.);
#3934 = ORIENTED_EDGE('',*,*,#3387,.T.);
#3935 = ORIENTED_EDGE('',*,*,#3370,.T.);
#3936 = ORIENTED_EDGE('',*,*,#3345,.T.);
#3937 = FACE_BOUND('',#3938,.T.);
#3938 = EDGE_LOOP('',(#3939,#3940,#3941,#3942));
#3939 = ORIENTED_EDGE('',*,*,#3412,.F.);
#3940 = ORIENTED_EDGE('',*,*,#3485,.T.);
#3941 = ORIENTED_EDGE('',*,*,#3468,.T.);
#3942 = ORIENTED_EDGE('',*,*,#3443,.T.);
#3943 = FACE_BOUND('',#3944,.T.);
#3944 = EDGE_LOOP('',(#3945,#3946,#3947,#3948));
#3945 = ORIENTED_EDGE('',*,*,#3510,.F.);
#3946 = ORIENTED_EDGE('',*,*,#3583,.T.);
#3947 = ORIENTED_EDGE('',*,*,#3566,.T.);
#3948 = ORIENTED_EDGE('',*,*,#3541,.T.);
#3949 = FACE_BOUND('',#3950,.T.);
#3950 = EDGE_LOOP('',(#3951,#3952,#3953,#3954));
#3951 = ORIENTED_EDGE('',*,*,#3608,.F.);
#3952 = ORIENTED_EDGE('',*,*,#3681,.T.);
#3953 = ORIENTED_EDGE('',*,*,#3664,.T.);
#3954 = ORIENTED_EDGE('',*,*,#3639,.T.);
#3955 = PLANE('',#3956);
#3956 = AXIS2_PLACEMENT_3D('',#3957,#3958,#3959);
#3957 = CARTESIAN_POINT('',(2.032,50.8,0.));
#3958 = DIRECTION('',(1.,0.,0.));
#3959 = DIRECTION('',(0.,-1.,0.));
#3960 = ADVANCED_FACE('',(#3961),#4063,.T.);
#3961 = FACE_BOUND('',#3962,.T.);
#3962 = EDGE_LOOP('',(#3963,#3964,#3971,#3972,#3981,#3989,#3998,#4004,
    #4005,#4013,#4022,#4030,#4039,#4047,#4056,#4062));
#3963 = ORIENTED_EDGE('',*,*,#3885,.T.);
#3964 = ORIENTED_EDGE('',*,*,#3965,.T.);
#3965 = EDGE_CURVE('',#3878,#3715,#3966,.T.);
#3966 = CIRCLE('',#3967,0.508);
#3967 = AXIS2_PLACEMENT_3D('',#3968,#3969,#3970);
#3968 = CARTESIAN_POINT('',(2.54,2.54,2.032));
#3969 = DIRECTION('',(0.,1.2E-16,1.));
#3970 = DIRECTION('',(-8.7E-16,-1.,1.2E-16));
#3971 = ORIENTED_EDGE('',*,*,#3714,.T.);
#3972 = ORIENTED_EDGE('',*,*,#3973,.T.);
#3973 = EDGE_CURVE('',#3717,#3974,#3976,.T.);
#3974 = VERTEX_POINT('',#3975);
#3975 = CARTESIAN_POINT('',(24.13,2.54,2.032));
#3976 = CIRCLE('',#3977,0.508);
#3977 = AXIS2_PLACEMENT_3D('',#3978,#3979,#3980);
#3978 = CARTESIAN_POINT('',(23.622,2.54,2.032));
#3979 = DIRECTION('',(-0.,1.2E-16,1.));
#3980 = DIRECTION('',(0.,-1.,1.2E-16));
#3981 = ORIENTED_EDGE('',*,*,#3982,.T.);
#3982 = EDGE_CURVE('',#3974,#3983,#3985,.T.);
#3983 = VERTEX_POINT('',#3984);
#3984 = CARTESIAN_POINT('',(24.13,48.26,2.032));
#3985 = LINE('',#3986,#3987);
#3986 = CARTESIAN_POINT('',(24.13,2.54,2.032));
#3987 = VECTOR('',#3988,1.);
#3988 = DIRECTION('',(0.,1.,-3.4E-16));
#3989 = ORIENTED_EDGE('',*,*,#3990,.T.);
#3990 = EDGE_CURVE('',#3983,#3991,#3993,.T.);
#3991 = VERTEX_POINT('',#3992);
#3992 = CARTESIAN_POINT('',(23.622,48.768,2.032));
#3993 = CIRCLE('',#3994,0.508);
#3994 = AXIS2_PLACEMENT_3D('',#3995,#3996,#3997);
#3995 = CARTESIAN_POINT('',(23.622,48.26,2.032));
#3996 = DIRECTION('',(0.,1.2E-16,1.));
#3997 = DIRECTION('',(6.99E-15,-1.,1.2E-16));
#3998 = ORIENTED_EDGE('',*,*,#3999,.T.);
#3999 = EDGE_CURVE('',#3991,#1859,#4000,.T.);
#4000 = LINE('',#4001,#4002);
#4001 = CARTESIAN_POINT('',(23.622,48.768,2.032));
#4002 = VECTOR('',#4003,1.);
#4003 = DIRECTION('',(-1.,0.,-2.2E-16));
#4004 = ORIENTED_EDGE('',*,*,#1866,.T.);
#4005 = ORIENTED_EDGE('',*,*,#4006,.F.);
#4006 = EDGE_CURVE('',#4007,#1867,#4009,.T.);
#4007 = VERTEX_POINT('',#4008);
#4008 = CARTESIAN_POINT('',(23.622,49.784,2.032));
#4009 = LINE('',#4010,#4011);
#4010 = CARTESIAN_POINT('',(23.622,49.784,2.032));
#4011 = VECTOR('',#4012,1.);
#4012 = DIRECTION('',(-1.,4.4E-16,0.));
#4013 = ORIENTED_EDGE('',*,*,#4014,.F.);
#4014 = EDGE_CURVE('',#4015,#4007,#4017,.T.);
#4015 = VERTEX_POINT('',#4016);
#4016 = CARTESIAN_POINT('',(25.146,48.26,2.032));
#4017 = CIRCLE('',#4018,1.524);
#4018 = AXIS2_PLACEMENT_3D('',#4019,#4020,#4021);
#4019 = CARTESIAN_POINT('',(23.622,48.26,2.032));
#4020 = DIRECTION('',(0.,1.2E-16,1.));
#4021 = DIRECTION('',(2.33E-15,-1.,1.2E-16));
#4022 = ORIENTED_EDGE('',*,*,#4023,.F.);
#4023 = EDGE_CURVE('',#4024,#4015,#4026,.T.);
#4024 = VERTEX_POINT('',#4025);
#4025 = CARTESIAN_POINT('',(25.146,2.54,2.032));
#4026 = LINE('',#4027,#4028);
#4027 = CARTESIAN_POINT('',(25.146,2.54,2.032));
#4028 = VECTOR('',#4029,1.);
#4029 = DIRECTION('',(1.23E-15,1.,-1.2E-16));
#4030 = ORIENTED_EDGE('',*,*,#4031,.F.);
#4031 = EDGE_CURVE('',#4032,#4024,#4034,.T.);
#4032 = VERTEX_POINT('',#4033);
#4033 = CARTESIAN_POINT('',(23.622,1.016,2.032));
#4034 = CIRCLE('',#4035,1.524);
#4035 = AXIS2_PLACEMENT_3D('',#4036,#4037,#4038);
#4036 = CARTESIAN_POINT('',(23.622,2.54,2.032));
#4037 = DIRECTION('',(-0.,1.2E-16,1.));
#4038 = DIRECTION('',(0.,-1.,1.2E-16));
#4039 = ORIENTED_EDGE('',*,*,#4040,.F.);
#4040 = EDGE_CURVE('',#4041,#4032,#4043,.T.);
#4041 = VERTEX_POINT('',#4042);
#4042 = CARTESIAN_POINT('',(2.54,1.016,2.032));
#4043 = LINE('',#4044,#4045);
#4044 = CARTESIAN_POINT('',(2.54,1.016,2.032));
#4045 = VECTOR('',#4046,1.);
#4046 = DIRECTION('',(1.,-5.1E-16,0.));
#4047 = ORIENTED_EDGE('',*,*,#4048,.F.);
#4048 = EDGE_CURVE('',#4049,#4041,#4051,.T.);
#4049 = VERTEX_POINT('',#4050);
#4050 = CARTESIAN_POINT('',(1.016,2.54,2.032));
#4051 = CIRCLE('',#4052,1.524);
#4052 = AXIS2_PLACEMENT_3D('',#4053,#4054,#4055);
#4053 = CARTESIAN_POINT('',(2.54,2.54,2.032));
#4054 = DIRECTION('',(0.,1.2E-16,1.));
#4055 = DIRECTION('',(-5.8E-16,-1.,1.2E-16));
#4056 = ORIENTED_EDGE('',*,*,#4057,.F.);
#4057 = EDGE_CURVE('',#1642,#4049,#4058,.T.);
#4058 = LINE('',#4059,#4060);
#4059 = CARTESIAN_POINT('',(1.016,7.9248,2.032));
#4060 = VECTOR('',#4061,1.);
#4061 = DIRECTION('',(-4.4E-16,-1.,1.2E-16));
#4062 = ORIENTED_EDGE('',*,*,#1649,.F.);
#4063 = PLANE('',#4064);
#4064 = AXIS2_PLACEMENT_3D('',#4065,#4066,#4067);
#4065 = CARTESIAN_POINT('',(19.367567622444,18.986566549003,2.032));
#4066 = DIRECTION('',(-0.,-0.,-1.));
#4067 = DIRECTION('',(-1.,0.,0.));
#4068 = ADVANCED_FACE('',(#4069),#4087,.F.);
#4069 = FACE_BOUND('',#4070,.F.);
#4070 = EDGE_LOOP('',(#4071,#4072,#4073,#4081));
#4071 = ORIENTED_EDGE('',*,*,#4057,.F.);
#4072 = ORIENTED_EDGE('',*,*,#1641,.T.);
#4073 = ORIENTED_EDGE('',*,*,#4074,.T.);
#4074 = EDGE_CURVE('',#1633,#4075,#4077,.T.);
#4075 = VERTEX_POINT('',#4076);
#4076 = CARTESIAN_POINT('',(1.016,2.54,1.016));
#4077 = LINE('',#4078,#4079);
#4078 = CARTESIAN_POINT('',(1.016,7.9248,1.016));
#4079 = VECTOR('',#4080,1.);
#4080 = DIRECTION('',(-0.,-1.,-1.E-16));
#4081 = ORIENTED_EDGE('',*,*,#4082,.F.);
#4082 = EDGE_CURVE('',#4049,#4075,#4083,.T.);
#4083 = LINE('',#4084,#4085);
#4084 = CARTESIAN_POINT('',(1.016,2.54,2.032));
#4085 = VECTOR('',#4086,1.);
#4086 = DIRECTION('',(-2.2E-16,1.E-16,-1.));
#4087 = PLANE('',#4088);
#4088 = AXIS2_PLACEMENT_3D('',#4089,#4090,#4091);
#4089 = CARTESIAN_POINT('',(1.016,7.9248,2.032));
#4090 = DIRECTION('',(-1.,0.,2.2E-16));
#4091 = DIRECTION('',(-2.2E-16,1.E-16,-1.));
#4092 = ADVANCED_FACE('',(#4093),#4105,.F.);
#4093 = FACE_BOUND('',#4094,.F.);
#4094 = EDGE_LOOP('',(#4095,#4096,#4097,#4098));
#4095 = ORIENTED_EDGE('',*,*,#4074,.F.);
#4096 = ORIENTED_EDGE('',*,*,#1632,.T.);
#4097 = ORIENTED_EDGE('',*,*,#1671,.T.);
#4098 = ORIENTED_EDGE('',*,*,#4099,.F.);
#4099 = EDGE_CURVE('',#4075,#1672,#4100,.T.);
#4100 = CIRCLE('',#4101,0.26035000002);
#4101 = AXIS2_PLACEMENT_3D('',#4102,#4103,#4104);
#4102 = CARTESIAN_POINT('',(1.073150000089,2.54,0.762));
#4103 = DIRECTION('',(0.,-1.,1.2E-16));
#4104 = DIRECTION('',(1.,-2.64E-32,-2.2E-16));
#4105 = CYLINDRICAL_SURFACE('',#4106,0.26035000002);
#4106 = AXIS2_PLACEMENT_3D('',#4107,#4108,#4109);
#4107 = CARTESIAN_POINT('',(1.073150000089,7.9248,0.762));
#4108 = DIRECTION('',(0.,-1.,1.2E-16));
#4109 = DIRECTION('',(1.,-2.64E-32,-2.2E-16));
#4110 = ADVANCED_FACE('',(#4111),#4131,.F.);
#4111 = FACE_BOUND('',#4112,.F.);
#4112 = EDGE_LOOP('',(#4113,#4122,#4123,#4124));
#4113 = ORIENTED_EDGE('',*,*,#4114,.F.);
#4114 = EDGE_CURVE('',#4075,#4115,#4117,.T.);
#4115 = VERTEX_POINT('',#4116);
#4116 = CARTESIAN_POINT('',(2.54,1.016,1.016));
#4117 = CIRCLE('',#4118,1.524);
#4118 = AXIS2_PLACEMENT_3D('',#4119,#4120,#4121);
#4119 = CARTESIAN_POINT('',(2.54,2.54,1.016));
#4120 = DIRECTION('',(-0.,1.2E-16,1.));
#4121 = DIRECTION('',(0.,-1.,1.2E-16));
#4122 = ORIENTED_EDGE('',*,*,#4099,.T.);
#4123 = ORIENTED_EDGE('',*,*,#1695,.T.);
#4124 = ORIENTED_EDGE('',*,*,#4125,.T.);
#4125 = EDGE_CURVE('',#1696,#4115,#4126,.T.);
#4126 = CIRCLE('',#4127,0.26035000002);
#4127 = AXIS2_PLACEMENT_3D('',#4128,#4129,#4130);
#4128 = CARTESIAN_POINT('',(2.54,1.073150000089,0.762));
#4129 = DIRECTION('',(-1.,2.4E-16,0.));
#4130 = DIRECTION('',(-2.4E-16,-1.,1.2E-16));
#4131 = TOROIDAL_SURFACE('',#4132,1.466849999911,0.26035000002);
#4132 = AXIS2_PLACEMENT_3D('',#4133,#4134,#4135);
#4133 = CARTESIAN_POINT('',(2.54,2.54,0.762));
#4134 = DIRECTION('',(0.,1.2E-16,1.));
#4135 = DIRECTION('',(0.,-1.,1.2E-16));
#4136 = ADVANCED_FACE('',(#4137),#4156,.F.);
#4137 = FACE_BOUND('',#4138,.F.);
#4138 = EDGE_LOOP('',(#4139,#4147,#4148,#4149));
#4139 = ORIENTED_EDGE('',*,*,#4140,.F.);
#4140 = EDGE_CURVE('',#4115,#4141,#4143,.T.);
#4141 = VERTEX_POINT('',#4142);
#4142 = CARTESIAN_POINT('',(23.622,1.016,1.016));
#4143 = LINE('',#4144,#4145);
#4144 = CARTESIAN_POINT('',(2.54,1.016,1.016));
#4145 = VECTOR('',#4146,1.);
#4146 = DIRECTION('',(1.,0.,-2.2E-16));
#4147 = ORIENTED_EDGE('',*,*,#4125,.F.);
#4148 = ORIENTED_EDGE('',*,*,#1720,.T.);
#4149 = ORIENTED_EDGE('',*,*,#4150,.F.);
#4150 = EDGE_CURVE('',#4141,#1721,#4151,.T.);
#4151 = CIRCLE('',#4152,0.26035000002);
#4152 = AXIS2_PLACEMENT_3D('',#4153,#4154,#4155);
#4153 = CARTESIAN_POINT('',(23.622,1.073150000089,0.762));
#4154 = DIRECTION('',(1.,-0.,0.));
#4155 = DIRECTION('',(0.,1.,-3.4E-16));
#4156 = CYLINDRICAL_SURFACE('',#4157,0.26035000002);
#4157 = AXIS2_PLACEMENT_3D('',#4158,#4159,#4160);
#4158 = CARTESIAN_POINT('',(2.54,1.073150000089,0.762));
#4159 = DIRECTION('',(1.,0.,0.));
#4160 = DIRECTION('',(0.,1.,-3.4E-16));
#4161 = ADVANCED_FACE('',(#4162),#4182,.F.);
#4162 = FACE_BOUND('',#4163,.F.);
#4163 = EDGE_LOOP('',(#4164,#4173,#4174,#4175));
#4164 = ORIENTED_EDGE('',*,*,#4165,.F.);
#4165 = EDGE_CURVE('',#4141,#4166,#4168,.T.);
#4166 = VERTEX_POINT('',#4167);
#4167 = CARTESIAN_POINT('',(25.146,2.54,1.016));
#4168 = CIRCLE('',#4169,1.524);
#4169 = AXIS2_PLACEMENT_3D('',#4170,#4171,#4172);
#4170 = CARTESIAN_POINT('',(23.622,2.54,1.016));
#4171 = DIRECTION('',(-0.,1.2E-16,1.));
#4172 = DIRECTION('',(0.,-1.,1.2E-16));
#4173 = ORIENTED_EDGE('',*,*,#4150,.T.);
#4174 = ORIENTED_EDGE('',*,*,#1744,.T.);
#4175 = ORIENTED_EDGE('',*,*,#4176,.T.);
#4176 = EDGE_CURVE('',#1745,#4166,#4177,.T.);
#4177 = CIRCLE('',#4178,0.26035000002);
#4178 = AXIS2_PLACEMENT_3D('',#4179,#4180,#4181);
#4179 = CARTESIAN_POINT('',(25.088849999911,2.54,0.762));
#4180 = DIRECTION('',(-7.3E-16,-1.,1.2E-16));
#4181 = DIRECTION('',(1.,-7.3E-16,0.));
#4182 = TOROIDAL_SURFACE('',#4183,1.466849999911,0.26035000002);
#4183 = AXIS2_PLACEMENT_3D('',#4184,#4185,#4186);
#4184 = CARTESIAN_POINT('',(23.622,2.54,0.762));
#4185 = DIRECTION('',(0.,1.2E-16,1.));
#4186 = DIRECTION('',(0.,-1.,1.2E-16));
#4187 = ADVANCED_FACE('',(#4188),#4207,.F.);
#4188 = FACE_BOUND('',#4189,.F.);
#4189 = EDGE_LOOP('',(#4190,#4198,#4199,#4200));
#4190 = ORIENTED_EDGE('',*,*,#4191,.F.);
#4191 = EDGE_CURVE('',#4166,#4192,#4194,.T.);
#4192 = VERTEX_POINT('',#4193);
#4193 = CARTESIAN_POINT('',(25.146,48.26,1.016));
#4194 = LINE('',#4195,#4196);
#4195 = CARTESIAN_POINT('',(25.146,2.54,1.016));
#4196 = VECTOR('',#4197,1.);
#4197 = DIRECTION('',(0.,1.,-3.4E-16));
#4198 = ORIENTED_EDGE('',*,*,#4176,.F.);
#4199 = ORIENTED_EDGE('',*,*,#1769,.T.);
#4200 = ORIENTED_EDGE('',*,*,#4201,.F.);
#4201 = EDGE_CURVE('',#4192,#1770,#4202,.T.);
#4202 = CIRCLE('',#4203,0.26035000002);
#4203 = AXIS2_PLACEMENT_3D('',#4204,#4205,#4206);
#4204 = CARTESIAN_POINT('',(25.088849999911,48.26,0.762));
#4205 = DIRECTION('',(0.,1.,-1.2E-16));
#4206 = DIRECTION('',(-1.,-2.64E-32,-2.2E-16));
#4207 = CYLINDRICAL_SURFACE('',#4208,0.26035000002);
#4208 = AXIS2_PLACEMENT_3D('',#4209,#4210,#4211);
#4209 = CARTESIAN_POINT('',(25.088849999911,2.54,0.762));
#4210 = DIRECTION('',(0.,1.,-1.2E-16));
#4211 = DIRECTION('',(-1.,-2.64E-32,-2.2E-16));
#4212 = ADVANCED_FACE('',(#4213),#4233,.F.);
#4213 = FACE_BOUND('',#4214,.F.);
#4214 = EDGE_LOOP('',(#4215,#4224,#4225,#4226));
#4215 = ORIENTED_EDGE('',*,*,#4216,.F.);
#4216 = EDGE_CURVE('',#4192,#4217,#4219,.T.);
#4217 = VERTEX_POINT('',#4218);
#4218 = CARTESIAN_POINT('',(23.622,49.784,1.016));
#4219 = CIRCLE('',#4220,1.524);
#4220 = AXIS2_PLACEMENT_3D('',#4221,#4222,#4223);
#4221 = CARTESIAN_POINT('',(23.622,48.26,1.016));
#4222 = DIRECTION('',(-0.,1.2E-16,1.));
#4223 = DIRECTION('',(0.,-1.,1.2E-16));
#4224 = ORIENTED_EDGE('',*,*,#4201,.T.);
#4225 = ORIENTED_EDGE('',*,*,#1793,.T.);
#4226 = ORIENTED_EDGE('',*,*,#4227,.T.);
#4227 = EDGE_CURVE('',#1794,#4217,#4228,.T.);
#4228 = CIRCLE('',#4229,0.26035000002);
#4229 = AXIS2_PLACEMENT_3D('',#4230,#4231,#4232);
#4230 = CARTESIAN_POINT('',(23.622,49.726849999911,0.762));
#4231 = DIRECTION('',(1.,-1.2E-16,0.));
#4232 = DIRECTION('',(1.2E-16,1.,-1.2E-16));
#4233 = TOROIDAL_SURFACE('',#4234,1.466849999911,0.26035000002);
#4234 = AXIS2_PLACEMENT_3D('',#4235,#4236,#4237);
#4235 = CARTESIAN_POINT('',(23.622,48.26,0.762));
#4236 = DIRECTION('',(0.,1.2E-16,1.));
#4237 = DIRECTION('',(0.,-1.,1.2E-16));
#4238 = ADVANCED_FACE('',(#4239),#4250,.F.);
#4239 = FACE_BOUND('',#4240,.F.);
#4240 = EDGE_LOOP('',(#4241,#4247,#4248,#4249));
#4241 = ORIENTED_EDGE('',*,*,#4242,.F.);
#4242 = EDGE_CURVE('',#4217,#1875,#4243,.T.);
#4243 = LINE('',#4244,#4245);
#4244 = CARTESIAN_POINT('',(23.622,49.784,1.016));
#4245 = VECTOR('',#4246,1.);
#4246 = DIRECTION('',(-1.,0.,-2.2E-16));
#4247 = ORIENTED_EDGE('',*,*,#4227,.F.);
#4248 = ORIENTED_EDGE('',*,*,#1818,.T.);
#4249 = ORIENTED_EDGE('',*,*,#1882,.F.);
#4250 = CYLINDRICAL_SURFACE('',#4251,0.26035000002);
#4251 = AXIS2_PLACEMENT_3D('',#4252,#4253,#4254);
#4252 = CARTESIAN_POINT('',(23.622,49.726849999911,0.762));
#4253 = DIRECTION('',(-1.,0.,0.));
#4254 = DIRECTION('',(-0.,-1.,-2.2E-16));
#4255 = ADVANCED_FACE('',(#4256),#4267,.F.);
#4256 = FACE_BOUND('',#4257,.F.);
#4257 = EDGE_LOOP('',(#4258,#4259,#4265,#4266));
#4258 = ORIENTED_EDGE('',*,*,#4006,.F.);
#4259 = ORIENTED_EDGE('',*,*,#4260,.T.);
#4260 = EDGE_CURVE('',#4007,#4217,#4261,.T.);
#4261 = LINE('',#4262,#4263);
#4262 = CARTESIAN_POINT('',(23.622,49.784,2.032));
#4263 = VECTOR('',#4264,1.);
#4264 = DIRECTION('',(0.,-1.2E-16,-1.));
#4265 = ORIENTED_EDGE('',*,*,#4242,.T.);
#4266 = ORIENTED_EDGE('',*,*,#1874,.F.);
#4267 = PLANE('',#4268);
#4268 = AXIS2_PLACEMENT_3D('',#4269,#4270,#4271);
#4269 = CARTESIAN_POINT('',(23.622,49.784,2.032));
#4270 = DIRECTION('',(0.,1.,2.2E-16));
#4271 = DIRECTION('',(2.2E-16,2.2E-16,-1.));
#4272 = ADVANCED_FACE('',(#4273),#4341,.T.);
#4273 = FACE_BOUND('',#4274,.T.);
#4274 = EDGE_LOOP('',(#4275,#4276,#4284,#4292,#4300,#4308,#4316,#4325,
    #4333,#4340));
#4275 = ORIENTED_EDGE('',*,*,#3999,.F.);
#4276 = ORIENTED_EDGE('',*,*,#4277,.T.);
#4277 = EDGE_CURVE('',#3991,#4278,#4280,.T.);
#4278 = VERTEX_POINT('',#4279);
#4279 = CARTESIAN_POINT('',(23.622,48.768,10.16));
#4280 = LINE('',#4281,#4282);
#4281 = CARTESIAN_POINT('',(23.622,48.768,0.));
#4282 = VECTOR('',#4283,1.);
#4283 = DIRECTION('',(0.,0.,1.));
#4284 = ORIENTED_EDGE('',*,*,#4285,.T.);
#4285 = EDGE_CURVE('',#4278,#4286,#4288,.T.);
#4286 = VERTEX_POINT('',#4287);
#4287 = CARTESIAN_POINT('',(2.54,48.768,10.16));
#4288 = LINE('',#4289,#4290);
#4289 = CARTESIAN_POINT('',(19.6215,48.768,10.16));
#4290 = VECTOR('',#4291,1.);
#4291 = DIRECTION('',(-1.,0.,0.));
#4292 = ORIENTED_EDGE('',*,*,#4293,.F.);
#4293 = EDGE_CURVE('',#4294,#4286,#4296,.T.);
#4294 = VERTEX_POINT('',#4295);
#4295 = CARTESIAN_POINT('',(2.54,48.768,2.032));
#4296 = LINE('',#4297,#4298);
#4297 = CARTESIAN_POINT('',(2.54,48.768,0.));
#4298 = VECTOR('',#4299,1.);
#4299 = DIRECTION('',(0.,0.,1.));
#4300 = ORIENTED_EDGE('',*,*,#4301,.F.);
#4301 = EDGE_CURVE('',#4302,#4294,#4304,.T.);
#4302 = VERTEX_POINT('',#4303);
#4303 = CARTESIAN_POINT('',(8.636,48.768,2.032));
#4304 = LINE('',#4305,#4306);
#4305 = CARTESIAN_POINT('',(8.636,48.768,2.032));
#4306 = VECTOR('',#4307,1.);
#4307 = DIRECTION('',(-1.,0.,-2.2E-16));
#4308 = ORIENTED_EDGE('',*,*,#4309,.T.);
#4309 = EDGE_CURVE('',#4302,#4310,#4312,.T.);
#4310 = VERTEX_POINT('',#4311);
#4311 = CARTESIAN_POINT('',(8.636,48.768,5.4864));
#4312 = LINE('',#4313,#4314);
#4313 = CARTESIAN_POINT('',(8.636,48.768,-0.3048));
#4314 = VECTOR('',#4315,1.);
#4315 = DIRECTION('',(0.,0.,1.));
#4316 = ORIENTED_EDGE('',*,*,#4317,.T.);
#4317 = EDGE_CURVE('',#4310,#4318,#4320,.T.);
#4318 = VERTEX_POINT('',#4319);
#4319 = CARTESIAN_POINT('',(8.763,48.768,5.6134));
#4320 = CIRCLE('',#4321,0.127);
#4321 = AXIS2_PLACEMENT_3D('',#4322,#4323,#4324);
#4322 = CARTESIAN_POINT('',(8.763,48.768,5.4864));
#4323 = DIRECTION('',(0.,1.,-2.2E-16));
#4324 = DIRECTION('',(-1.,0.,0.));
#4325 = ORIENTED_EDGE('',*,*,#4326,.T.);
#4326 = EDGE_CURVE('',#4318,#4327,#4329,.T.);
#4327 = VERTEX_POINT('',#4328);
#4328 = CARTESIAN_POINT('',(18.669,48.768,5.6134));
#4329 = LINE('',#4330,#4331);
#4330 = CARTESIAN_POINT('',(17.4625,48.768,5.6134));
#4331 = VECTOR('',#4332,1.);
#4332 = DIRECTION('',(1.,0.,0.));
#4333 = ORIENTED_EDGE('',*,*,#4334,.T.);
#4334 = EDGE_CURVE('',#4327,#1851,#4335,.T.);
#4335 = CIRCLE('',#4336,0.127);
#4336 = AXIS2_PLACEMENT_3D('',#4337,#4338,#4339);
#4337 = CARTESIAN_POINT('',(18.669,48.768,5.4864));
#4338 = DIRECTION('',(0.,1.,-2.2E-16));
#4339 = DIRECTION('',(-1.,0.,0.));
#4340 = ORIENTED_EDGE('',*,*,#1858,.T.);
#4341 = PLANE('',#4342);
#4342 = AXIS2_PLACEMENT_3D('',#4343,#4344,#4345);
#4343 = CARTESIAN_POINT('',(26.162,48.768,0.));
#4344 = DIRECTION('',(0.,-1.,0.));
#4345 = DIRECTION('',(-1.,0.,0.));
#4346 = ADVANCED_FACE('',(#4347),#4358,.F.);
#4347 = FACE_BOUND('',#4348,.F.);
#4348 = EDGE_LOOP('',(#4349,#4350,#4356,#4357));
#4349 = ORIENTED_EDGE('',*,*,#1942,.F.);
#4350 = ORIENTED_EDGE('',*,*,#4351,.T.);
#4351 = EDGE_CURVE('',#1935,#4327,#4352,.T.);
#4352 = LINE('',#4353,#4354);
#4353 = CARTESIAN_POINT('',(18.669,50.8,5.6134));
#4354 = VECTOR('',#4355,1.);
#4355 = DIRECTION('',(0.,-1.,2.2E-16));
#4356 = ORIENTED_EDGE('',*,*,#4334,.T.);
#4357 = ORIENTED_EDGE('',*,*,#1850,.F.);
#4358 = CYLINDRICAL_SURFACE('',#4359,0.127);
#4359 = AXIS2_PLACEMENT_3D('',#4360,#4361,#4362);
#4360 = CARTESIAN_POINT('',(18.669,50.8,5.4864));
#4361 = DIRECTION('',(0.,1.,-2.2E-16));
#4362 = DIRECTION('',(-1.,0.,0.));
#4363 = ADVANCED_FACE('',(#4364),#4406,.F.);
#4364 = FACE_BOUND('',#4365,.F.);
#4365 = EDGE_LOOP('',(#4366,#4367,#4368,#4376,#4385,#4393,#4399,#4400));
#4366 = ORIENTED_EDGE('',*,*,#1917,.F.);
#4367 = ORIENTED_EDGE('',*,*,#2578,.T.);
#4368 = ORIENTED_EDGE('',*,*,#4369,.F.);
#4369 = EDGE_CURVE('',#4370,#2571,#4372,.T.);
#4370 = VERTEX_POINT('',#4371);
#4371 = CARTESIAN_POINT('',(8.636,49.784,0.508));
#4372 = LINE('',#4373,#4374);
#4373 = CARTESIAN_POINT('',(8.636,49.784,1.105E-14));
#4374 = VECTOR('',#4375,1.);
#4375 = DIRECTION('',(2.2E-16,2.2E-16,-1.));
#4376 = ORIENTED_EDGE('',*,*,#4377,.F.);
#4377 = EDGE_CURVE('',#4378,#4370,#4380,.T.);
#4378 = VERTEX_POINT('',#4379);
#4379 = CARTESIAN_POINT('',(8.636,49.784,1.016));
#4380 = CIRCLE('',#4381,0.26035000002);
#4381 = AXIS2_PLACEMENT_3D('',#4382,#4383,#4384);
#4382 = CARTESIAN_POINT('',(8.636,49.726849999911,0.762));
#4383 = DIRECTION('',(-1.,0.,0.));
#4384 = DIRECTION('',(-0.,-1.,-2.2E-16));
#4385 = ORIENTED_EDGE('',*,*,#4386,.F.);
#4386 = EDGE_CURVE('',#4387,#4378,#4389,.T.);
#4387 = VERTEX_POINT('',#4388);
#4388 = CARTESIAN_POINT('',(8.636,49.784,2.032));
#4389 = LINE('',#4390,#4391);
#4390 = CARTESIAN_POINT('',(8.636,49.784,2.032));
#4391 = VECTOR('',#4392,1.);
#4392 = DIRECTION('',(2.2E-16,2.2E-16,-1.));
#4393 = ORIENTED_EDGE('',*,*,#4394,.F.);
#4394 = EDGE_CURVE('',#4302,#4387,#4395,.T.);
#4395 = LINE('',#4396,#4397);
#4396 = CARTESIAN_POINT('',(8.636,48.768,2.032));
#4397 = VECTOR('',#4398,1.);
#4398 = DIRECTION('',(4.4E-16,1.,2.2E-16));
#4399 = ORIENTED_EDGE('',*,*,#4309,.T.);
#4400 = ORIENTED_EDGE('',*,*,#4401,.F.);
#4401 = EDGE_CURVE('',#1918,#4310,#4402,.T.);
#4402 = LINE('',#4403,#4404);
#4403 = CARTESIAN_POINT('',(8.636,50.8,5.4864));
#4404 = VECTOR('',#4405,1.);
#4405 = DIRECTION('',(0.,-1.,2.2E-16));
#4406 = PLANE('',#4407);
#4407 = AXIS2_PLACEMENT_3D('',#4408,#4409,#4410);
#4408 = CARTESIAN_POINT('',(8.636,50.8,-0.6096));
#4409 = DIRECTION('',(-1.,0.,0.));
#4410 = DIRECTION('',(0.,2.2E-16,1.));
#4411 = ADVANCED_FACE('',(#4412),#4423,.F.);
#4412 = FACE_BOUND('',#4413,.F.);
#4413 = EDGE_LOOP('',(#4414,#4415,#4416,#4417));
#4414 = ORIENTED_EDGE('',*,*,#1925,.F.);
#4415 = ORIENTED_EDGE('',*,*,#4401,.T.);
#4416 = ORIENTED_EDGE('',*,*,#4317,.T.);
#4417 = ORIENTED_EDGE('',*,*,#4418,.F.);
#4418 = EDGE_CURVE('',#1926,#4318,#4419,.T.);
#4419 = LINE('',#4420,#4421);
#4420 = CARTESIAN_POINT('',(8.763,50.8,5.6134));
#4421 = VECTOR('',#4422,1.);
#4422 = DIRECTION('',(0.,-1.,2.2E-16));
#4423 = CYLINDRICAL_SURFACE('',#4424,0.127);
#4424 = AXIS2_PLACEMENT_3D('',#4425,#4426,#4427);
#4425 = CARTESIAN_POINT('',(8.763,50.8,5.4864));
#4426 = DIRECTION('',(0.,1.,-2.2E-16));
#4427 = DIRECTION('',(-1.,0.,0.));
#4428 = ADVANCED_FACE('',(#4429),#4435,.F.);
#4429 = FACE_BOUND('',#4430,.F.);
#4430 = EDGE_LOOP('',(#4431,#4432,#4433,#4434));
#4431 = ORIENTED_EDGE('',*,*,#1934,.F.);
#4432 = ORIENTED_EDGE('',*,*,#4418,.T.);
#4433 = ORIENTED_EDGE('',*,*,#4326,.T.);
#4434 = ORIENTED_EDGE('',*,*,#4351,.F.);
#4435 = PLANE('',#4436);
#4436 = AXIS2_PLACEMENT_3D('',#4437,#4438,#4439);
#4437 = CARTESIAN_POINT('',(8.763,50.8,5.6134));
#4438 = DIRECTION('',(0.,2.2E-16,1.));
#4439 = DIRECTION('',(1.,0.,0.));
#4440 = ADVANCED_FACE('',(#4441),#4466,.T.);
#4441 = FACE_BOUND('',#4442,.T.);
#4442 = EDGE_LOOP('',(#4443,#4444,#4452,#4460));
#4443 = ORIENTED_EDGE('',*,*,#2009,.F.);
#4444 = ORIENTED_EDGE('',*,*,#4445,.T.);
#4445 = EDGE_CURVE('',#2010,#4446,#4448,.T.);
#4446 = VERTEX_POINT('',#4447);
#4447 = CARTESIAN_POINT('',(24.13,12.517393466278,3.878035115446));
#4448 = LINE('',#4449,#4450);
#4449 = CARTESIAN_POINT('',(26.162,12.517393466278,3.878035115446));
#4450 = VECTOR('',#4451,1.);
#4451 = DIRECTION('',(-1.,-0.,-0.));
#4452 = ORIENTED_EDGE('',*,*,#4453,.T.);
#4453 = EDGE_CURVE('',#4446,#4454,#4456,.T.);
#4454 = VERTEX_POINT('',#4455);
#4455 = CARTESIAN_POINT('',(24.13,14.945457442291,9.085035115446));
#4456 = LINE('',#4457,#4458);
#4457 = CARTESIAN_POINT('',(24.13,11.473452167787,1.639295776226));
#4458 = VECTOR('',#4459,1.);
#4459 = DIRECTION('',(0.,0.422618261741,0.906307787037));
#4460 = ORIENTED_EDGE('',*,*,#4461,.F.);
#4461 = EDGE_CURVE('',#2012,#4454,#4462,.T.);
#4462 = LINE('',#4463,#4464);
#4463 = CARTESIAN_POINT('',(26.162,14.945457442291,9.085035115446));
#4464 = VECTOR('',#4465,1.);
#4465 = DIRECTION('',(-1.,-0.,-0.));
#4466 = PLANE('',#4467);
#4467 = AXIS2_PLACEMENT_3D('',#4468,#4469,#4470);
#4468 = CARTESIAN_POINT('',(26.162,12.517393466278,3.878035115446));
#4469 = DIRECTION('',(0.,0.906307787037,-0.422618261741));
#4470 = DIRECTION('',(0.,0.422618261741,0.906307787037));
#4471 = ADVANCED_FACE('',(#4472),#4491,.F.);
#4472 = FACE_BOUND('',#4473,.F.);
#4473 = EDGE_LOOP('',(#4474,#4475,#4483,#4490));
#4474 = ORIENTED_EDGE('',*,*,#2036,.F.);
#4475 = ORIENTED_EDGE('',*,*,#4476,.T.);
#4476 = EDGE_CURVE('',#2029,#4477,#4479,.T.);
#4477 = VERTEX_POINT('',#4478);
#4478 = CARTESIAN_POINT('',(24.13,16.326670509735,8.440964884554));
#4479 = LINE('',#4480,#4481);
#4480 = CARTESIAN_POINT('',(26.162,16.326670509735,8.440964884554));
#4481 = VECTOR('',#4482,1.);
#4482 = DIRECTION('',(-1.,-0.,-0.));
#4483 = ORIENTED_EDGE('',*,*,#4484,.T.);
#4484 = EDGE_CURVE('',#4477,#4454,#4485,.T.);
#4485 = CIRCLE('',#4486,0.762);
#4486 = AXIS2_PLACEMENT_3D('',#4487,#4488,#4489);
#4487 = CARTESIAN_POINT('',(24.13,15.636063976013,8.763));
#4488 = DIRECTION('',(1.,0.,0.));
#4489 = DIRECTION('',(0.,1.,0.));
#4490 = ORIENTED_EDGE('',*,*,#4461,.F.);
#4491 = CYLINDRICAL_SURFACE('',#4492,0.762);
#4492 = AXIS2_PLACEMENT_3D('',#4493,#4494,#4495);
#4493 = CARTESIAN_POINT('',(26.162,15.636063976013,8.763));
#4494 = DIRECTION('',(1.,0.,0.));
#4495 = DIRECTION('',(0.,1.,0.));
#4496 = ADVANCED_FACE('',(#4497),#4515,.F.);
#4497 = FACE_BOUND('',#4498,.F.);
#4498 = EDGE_LOOP('',(#4499,#4500,#4508,#4514));
#4499 = ORIENTED_EDGE('',*,*,#2028,.F.);
#4500 = ORIENTED_EDGE('',*,*,#4501,.T.);
#4501 = EDGE_CURVE('',#2020,#4502,#4504,.T.);
#4502 = VERTEX_POINT('',#4503);
#4503 = CARTESIAN_POINT('',(24.13,13.898606533722,3.233964884554));
#4504 = LINE('',#4505,#4506);
#4505 = CARTESIAN_POINT('',(26.162,13.898606533722,3.233964884554));
#4506 = VECTOR('',#4507,1.);
#4507 = DIRECTION('',(-1.,-0.,-0.));
#4508 = ORIENTED_EDGE('',*,*,#4509,.T.);
#4509 = EDGE_CURVE('',#4502,#4477,#4510,.T.);
#4510 = LINE('',#4511,#4512);
#4511 = CARTESIAN_POINT('',(24.13,12.854665235231,0.995225545333));
#4512 = VECTOR('',#4513,1.);
#4513 = DIRECTION('',(0.,0.422618261741,0.906307787037));
#4514 = ORIENTED_EDGE('',*,*,#4476,.F.);
#4515 = PLANE('',#4516);
#4516 = AXIS2_PLACEMENT_3D('',#4517,#4518,#4519);
#4517 = CARTESIAN_POINT('',(26.162,13.898606533722,3.233964884554));
#4518 = DIRECTION('',(0.,0.906307787037,-0.422618261741));
#4519 = DIRECTION('',(0.,0.422618261741,0.906307787037));
#4520 = ADVANCED_FACE('',(#4521),#4533,.F.);
#4521 = FACE_BOUND('',#4522,.F.);
#4522 = EDGE_LOOP('',(#4523,#4524,#4525,#4532));
#4523 = ORIENTED_EDGE('',*,*,#2019,.F.);
#4524 = ORIENTED_EDGE('',*,*,#4445,.T.);
#4525 = ORIENTED_EDGE('',*,*,#4526,.T.);
#4526 = EDGE_CURVE('',#4446,#4502,#4527,.T.);
#4527 = CIRCLE('',#4528,0.762);
#4528 = AXIS2_PLACEMENT_3D('',#4529,#4530,#4531);
#4529 = CARTESIAN_POINT('',(24.13,13.208,3.556));
#4530 = DIRECTION('',(1.,0.,0.));
#4531 = DIRECTION('',(0.,1.,0.));
#4532 = ORIENTED_EDGE('',*,*,#4501,.F.);
#4533 = CYLINDRICAL_SURFACE('',#4534,0.762);
#4534 = AXIS2_PLACEMENT_3D('',#4535,#4536,#4537);
#4535 = CARTESIAN_POINT('',(26.162,13.208,3.556));
#4536 = DIRECTION('',(1.,0.,0.));
#4537 = DIRECTION('',(0.,1.,0.));
#4538 = ADVANCED_FACE('',(#4539),#4564,.T.);
#4539 = FACE_BOUND('',#4540,.T.);
#4540 = EDGE_LOOP('',(#4541,#4542,#4550,#4558));
#4541 = ORIENTED_EDGE('',*,*,#2045,.F.);
#4542 = ORIENTED_EDGE('',*,*,#4543,.T.);
#4543 = EDGE_CURVE('',#2046,#4544,#4546,.T.);
#4544 = VERTEX_POINT('',#4545);
#4545 = CARTESIAN_POINT('',(24.13,3.373393466278,3.878035115446));
#4546 = LINE('',#4547,#4548);
#4547 = CARTESIAN_POINT('',(26.162,3.373393466278,3.878035115446));
#4548 = VECTOR('',#4549,1.);
#4549 = DIRECTION('',(-1.,-0.,-0.));
#4550 = ORIENTED_EDGE('',*,*,#4551,.T.);
#4551 = EDGE_CURVE('',#4544,#4552,#4554,.T.);
#4552 = VERTEX_POINT('',#4553);
#4553 = CARTESIAN_POINT('',(24.13,5.801457442291,9.085035115446));
#4554 = LINE('',#4555,#4556);
#4555 = CARTESIAN_POINT('',(24.13,2.329452167787,1.639295776226));
#4556 = VECTOR('',#4557,1.);
#4557 = DIRECTION('',(0.,0.422618261741,0.906307787037));
#4558 = ORIENTED_EDGE('',*,*,#4559,.F.);
#4559 = EDGE_CURVE('',#2048,#4552,#4560,.T.);
#4560 = LINE('',#4561,#4562);
#4561 = CARTESIAN_POINT('',(26.162,5.801457442291,9.085035115446));
#4562 = VECTOR('',#4563,1.);
#4563 = DIRECTION('',(-1.,-0.,-0.));
#4564 = PLANE('',#4565);
#4565 = AXIS2_PLACEMENT_3D('',#4566,#4567,#4568);
#4566 = CARTESIAN_POINT('',(26.162,3.373393466278,3.878035115446));
#4567 = DIRECTION('',(0.,0.906307787037,-0.422618261741));
#4568 = DIRECTION('',(0.,0.422618261741,0.906307787037));
#4569 = ADVANCED_FACE('',(#4570),#4589,.F.);
#4570 = FACE_BOUND('',#4571,.F.);
#4571 = EDGE_LOOP('',(#4572,#4573,#4574,#4583));
#4572 = ORIENTED_EDGE('',*,*,#2055,.F.);
#4573 = ORIENTED_EDGE('',*,*,#4543,.T.);
#4574 = ORIENTED_EDGE('',*,*,#4575,.T.);
#4575 = EDGE_CURVE('',#4544,#4576,#4578,.T.);
#4576 = VERTEX_POINT('',#4577);
#4577 = CARTESIAN_POINT('',(24.13,4.754606533722,3.233964884554));
#4578 = CIRCLE('',#4579,0.762);
#4579 = AXIS2_PLACEMENT_3D('',#4580,#4581,#4582);
#4580 = CARTESIAN_POINT('',(24.13,4.064,3.556));
#4581 = DIRECTION('',(1.,0.,0.));
#4582 = DIRECTION('',(0.,1.,0.));
#4583 = ORIENTED_EDGE('',*,*,#4584,.F.);
#4584 = EDGE_CURVE('',#2056,#4576,#4585,.T.);
#4585 = LINE('',#4586,#4587);
#4586 = CARTESIAN_POINT('',(26.162,4.754606533722,3.233964884554));
#4587 = VECTOR('',#4588,1.);
#4588 = DIRECTION('',(-1.,-0.,-0.));
#4589 = CYLINDRICAL_SURFACE('',#4590,0.762);
#4590 = AXIS2_PLACEMENT_3D('',#4591,#4592,#4593);
#4591 = CARTESIAN_POINT('',(26.162,4.064,3.556));
#4592 = DIRECTION('',(1.,0.,0.));
#4593 = DIRECTION('',(0.,1.,0.));
#4594 = ADVANCED_FACE('',(#4595),#4614,.F.);
#4595 = FACE_BOUND('',#4596,.F.);
#4596 = EDGE_LOOP('',(#4597,#4598,#4606,#4613));
#4597 = ORIENTED_EDGE('',*,*,#2072,.F.);
#4598 = ORIENTED_EDGE('',*,*,#4599,.T.);
#4599 = EDGE_CURVE('',#2065,#4600,#4602,.T.);
#4600 = VERTEX_POINT('',#4601);
#4601 = CARTESIAN_POINT('',(24.13,7.182670509735,8.440964884554));
#4602 = LINE('',#4603,#4604);
#4603 = CARTESIAN_POINT('',(26.162,7.182670509735,8.440964884554));
#4604 = VECTOR('',#4605,1.);
#4605 = DIRECTION('',(-1.,-0.,-0.));
#4606 = ORIENTED_EDGE('',*,*,#4607,.T.);
#4607 = EDGE_CURVE('',#4600,#4552,#4608,.T.);
#4608 = CIRCLE('',#4609,0.762);
#4609 = AXIS2_PLACEMENT_3D('',#4610,#4611,#4612);
#4610 = CARTESIAN_POINT('',(24.13,6.492063976013,8.763));
#4611 = DIRECTION('',(1.,0.,0.));
#4612 = DIRECTION('',(0.,1.,0.));
#4613 = ORIENTED_EDGE('',*,*,#4559,.F.);
#4614 = CYLINDRICAL_SURFACE('',#4615,0.762);
#4615 = AXIS2_PLACEMENT_3D('',#4616,#4617,#4618);
#4616 = CARTESIAN_POINT('',(26.162,6.492063976013,8.763));
#4617 = DIRECTION('',(1.,0.,0.));
#4618 = DIRECTION('',(0.,1.,0.));
#4619 = ADVANCED_FACE('',(#4620),#4631,.F.);
#4620 = FACE_BOUND('',#4621,.F.);
#4621 = EDGE_LOOP('',(#4622,#4623,#4624,#4630));
#4622 = ORIENTED_EDGE('',*,*,#2064,.F.);
#4623 = ORIENTED_EDGE('',*,*,#4584,.T.);
#4624 = ORIENTED_EDGE('',*,*,#4625,.T.);
#4625 = EDGE_CURVE('',#4576,#4600,#4626,.T.);
#4626 = LINE('',#4627,#4628);
#4627 = CARTESIAN_POINT('',(24.13,3.710665235231,0.995225545333));
#4628 = VECTOR('',#4629,1.);
#4629 = DIRECTION('',(0.,0.422618261741,0.906307787037));
#4630 = ORIENTED_EDGE('',*,*,#4599,.F.);
#4631 = PLANE('',#4632);
#4632 = AXIS2_PLACEMENT_3D('',#4633,#4634,#4635);
#4633 = CARTESIAN_POINT('',(26.162,4.754606533722,3.233964884554));
#4634 = DIRECTION('',(0.,0.906307787037,-0.422618261741));
#4635 = DIRECTION('',(0.,0.422618261741,0.906307787037));
#4636 = ADVANCED_FACE('',(#4637),#4662,.T.);
#4637 = FACE_BOUND('',#4638,.T.);
#4638 = EDGE_LOOP('',(#4639,#4640,#4648,#4656));
#4639 = ORIENTED_EDGE('',*,*,#2081,.F.);
#4640 = ORIENTED_EDGE('',*,*,#4641,.T.);
#4641 = EDGE_CURVE('',#2082,#4642,#4644,.T.);
#4642 = VERTEX_POINT('',#4643);
#4643 = CARTESIAN_POINT('',(24.13,6.421393466278,3.878035115446));
#4644 = LINE('',#4645,#4646);
#4645 = CARTESIAN_POINT('',(26.162,6.421393466278,3.878035115446));
#4646 = VECTOR('',#4647,1.);
#4647 = DIRECTION('',(-1.,-0.,-0.));
#4648 = ORIENTED_EDGE('',*,*,#4649,.T.);
#4649 = EDGE_CURVE('',#4642,#4650,#4652,.T.);
#4650 = VERTEX_POINT('',#4651);
#4651 = CARTESIAN_POINT('',(24.13,8.849457442291,9.085035115446));
#4652 = LINE('',#4653,#4654);
#4653 = CARTESIAN_POINT('',(24.13,5.377452167787,1.639295776226));
#4654 = VECTOR('',#4655,1.);
#4655 = DIRECTION('',(0.,0.422618261741,0.906307787037));
#4656 = ORIENTED_EDGE('',*,*,#4657,.F.);
#4657 = EDGE_CURVE('',#2084,#4650,#4658,.T.);
#4658 = LINE('',#4659,#4660);
#4659 = CARTESIAN_POINT('',(26.162,8.849457442291,9.085035115446));
#4660 = VECTOR('',#4661,1.);
#4661 = DIRECTION('',(-1.,-0.,-0.));
#4662 = PLANE('',#4663);
#4663 = AXIS2_PLACEMENT_3D('',#4664,#4665,#4666);
#4664 = CARTESIAN_POINT('',(26.162,6.421393466278,3.878035115446));
#4665 = DIRECTION('',(0.,0.906307787037,-0.422618261741));
#4666 = DIRECTION('',(0.,0.422618261741,0.906307787037));
#4667 = ADVANCED_FACE('',(#4668),#4687,.F.);
#4668 = FACE_BOUND('',#4669,.F.);
#4669 = EDGE_LOOP('',(#4670,#4671,#4679,#4686));
#4670 = ORIENTED_EDGE('',*,*,#2108,.F.);
#4671 = ORIENTED_EDGE('',*,*,#4672,.T.);
#4672 = EDGE_CURVE('',#2101,#4673,#4675,.T.);
#4673 = VERTEX_POINT('',#4674);
#4674 = CARTESIAN_POINT('',(24.13,10.230670509735,8.440964884554));
#4675 = LINE('',#4676,#4677);
#4676 = CARTESIAN_POINT('',(26.162,10.230670509735,8.440964884554));
#4677 = VECTOR('',#4678,1.);
#4678 = DIRECTION('',(-1.,-0.,-0.));
#4679 = ORIENTED_EDGE('',*,*,#4680,.T.);
#4680 = EDGE_CURVE('',#4673,#4650,#4681,.T.);
#4681 = CIRCLE('',#4682,0.762);
#4682 = AXIS2_PLACEMENT_3D('',#4683,#4684,#4685);
#4683 = CARTESIAN_POINT('',(24.13,9.540063976013,8.763));
#4684 = DIRECTION('',(1.,0.,0.));
#4685 = DIRECTION('',(0.,1.,0.));
#4686 = ORIENTED_EDGE('',*,*,#4657,.F.);
#4687 = CYLINDRICAL_SURFACE('',#4688,0.762);
#4688 = AXIS2_PLACEMENT_3D('',#4689,#4690,#4691);
#4689 = CARTESIAN_POINT('',(26.162,9.540063976013,8.763));
#4690 = DIRECTION('',(1.,0.,0.));
#4691 = DIRECTION('',(0.,1.,0.));
#4692 = ADVANCED_FACE('',(#4693),#4711,.F.);
#4693 = FACE_BOUND('',#4694,.F.);
#4694 = EDGE_LOOP('',(#4695,#4696,#4704,#4710));
#4695 = ORIENTED_EDGE('',*,*,#2100,.F.);
#4696 = ORIENTED_EDGE('',*,*,#4697,.T.);
#4697 = EDGE_CURVE('',#2092,#4698,#4700,.T.);
#4698 = VERTEX_POINT('',#4699);
#4699 = CARTESIAN_POINT('',(24.13,7.802606533722,3.233964884554));
#4700 = LINE('',#4701,#4702);
#4701 = CARTESIAN_POINT('',(26.162,7.802606533722,3.233964884554));
#4702 = VECTOR('',#4703,1.);
#4703 = DIRECTION('',(-1.,-0.,-0.));
#4704 = ORIENTED_EDGE('',*,*,#4705,.T.);
#4705 = EDGE_CURVE('',#4698,#4673,#4706,.T.);
#4706 = LINE('',#4707,#4708);
#4707 = CARTESIAN_POINT('',(24.13,6.758665235231,0.995225545333));
#4708 = VECTOR('',#4709,1.);
#4709 = DIRECTION('',(0.,0.422618261741,0.906307787037));
#4710 = ORIENTED_EDGE('',*,*,#4672,.F.);
#4711 = PLANE('',#4712);
#4712 = AXIS2_PLACEMENT_3D('',#4713,#4714,#4715);
#4713 = CARTESIAN_POINT('',(26.162,7.802606533722,3.233964884554));
#4714 = DIRECTION('',(0.,0.906307787037,-0.422618261741));
#4715 = DIRECTION('',(0.,0.422618261741,0.906307787037));
#4716 = ADVANCED_FACE('',(#4717),#4729,.F.);
#4717 = FACE_BOUND('',#4718,.F.);
#4718 = EDGE_LOOP('',(#4719,#4720,#4721,#4728));
#4719 = ORIENTED_EDGE('',*,*,#2091,.F.);
#4720 = ORIENTED_EDGE('',*,*,#4641,.T.);
#4721 = ORIENTED_EDGE('',*,*,#4722,.T.);
#4722 = EDGE_CURVE('',#4642,#4698,#4723,.T.);
#4723 = CIRCLE('',#4724,0.762);
#4724 = AXIS2_PLACEMENT_3D('',#4725,#4726,#4727);
#4725 = CARTESIAN_POINT('',(24.13,7.112,3.556));
#4726 = DIRECTION('',(1.,0.,0.));
#4727 = DIRECTION('',(0.,1.,0.));
#4728 = ORIENTED_EDGE('',*,*,#4697,.F.);
#4729 = CYLINDRICAL_SURFACE('',#4730,0.762);
#4730 = AXIS2_PLACEMENT_3D('',#4731,#4732,#4733);
#4731 = CARTESIAN_POINT('',(26.162,7.112,3.556));
#4732 = DIRECTION('',(1.,0.,0.));
#4733 = DIRECTION('',(0.,1.,0.));
#4734 = ADVANCED_FACE('',(#4735),#4760,.T.);
#4735 = FACE_BOUND('',#4736,.T.);
#4736 = EDGE_LOOP('',(#4737,#4738,#4746,#4754));
#4737 = ORIENTED_EDGE('',*,*,#2117,.F.);
#4738 = ORIENTED_EDGE('',*,*,#4739,.T.);
#4739 = EDGE_CURVE('',#2118,#4740,#4742,.T.);
#4740 = VERTEX_POINT('',#4741);
#4741 = CARTESIAN_POINT('',(24.13,9.469393466278,3.878035115446));
#4742 = LINE('',#4743,#4744);
#4743 = CARTESIAN_POINT('',(26.162,9.469393466278,3.878035115446));
#4744 = VECTOR('',#4745,1.);
#4745 = DIRECTION('',(-1.,-0.,-0.));
#4746 = ORIENTED_EDGE('',*,*,#4747,.T.);
#4747 = EDGE_CURVE('',#4740,#4748,#4750,.T.);
#4748 = VERTEX_POINT('',#4749);
#4749 = CARTESIAN_POINT('',(24.13,11.897457442291,9.085035115446));
#4750 = LINE('',#4751,#4752);
#4751 = CARTESIAN_POINT('',(24.13,8.425452167787,1.639295776226));
#4752 = VECTOR('',#4753,1.);
#4753 = DIRECTION('',(0.,0.422618261741,0.906307787037));
#4754 = ORIENTED_EDGE('',*,*,#4755,.F.);
#4755 = EDGE_CURVE('',#2120,#4748,#4756,.T.);
#4756 = LINE('',#4757,#4758);
#4757 = CARTESIAN_POINT('',(26.162,11.897457442291,9.085035115446));
#4758 = VECTOR('',#4759,1.);
#4759 = DIRECTION('',(-1.,-0.,-0.));
#4760 = PLANE('',#4761);
#4761 = AXIS2_PLACEMENT_3D('',#4762,#4763,#4764);
#4762 = CARTESIAN_POINT('',(26.162,9.469393466278,3.878035115446));
#4763 = DIRECTION('',(0.,0.906307787037,-0.422618261741));
#4764 = DIRECTION('',(0.,0.422618261741,0.906307787037));
#4765 = ADVANCED_FACE('',(#4766),#4785,.F.);
#4766 = FACE_BOUND('',#4767,.F.);
#4767 = EDGE_LOOP('',(#4768,#4769,#4777,#4784));
#4768 = ORIENTED_EDGE('',*,*,#2144,.F.);
#4769 = ORIENTED_EDGE('',*,*,#4770,.T.);
#4770 = EDGE_CURVE('',#2137,#4771,#4773,.T.);
#4771 = VERTEX_POINT('',#4772);
#4772 = CARTESIAN_POINT('',(24.13,13.278670509735,8.440964884554));
#4773 = LINE('',#4774,#4775);
#4774 = CARTESIAN_POINT('',(26.162,13.278670509735,8.440964884554));
#4775 = VECTOR('',#4776,1.);
#4776 = DIRECTION('',(-1.,-0.,-0.));
#4777 = ORIENTED_EDGE('',*,*,#4778,.T.);
#4778 = EDGE_CURVE('',#4771,#4748,#4779,.T.);
#4779 = CIRCLE('',#4780,0.762);
#4780 = AXIS2_PLACEMENT_3D('',#4781,#4782,#4783);
#4781 = CARTESIAN_POINT('',(24.13,12.588063976013,8.763));
#4782 = DIRECTION('',(1.,0.,0.));
#4783 = DIRECTION('',(0.,1.,0.));
#4784 = ORIENTED_EDGE('',*,*,#4755,.F.);
#4785 = CYLINDRICAL_SURFACE('',#4786,0.762);
#4786 = AXIS2_PLACEMENT_3D('',#4787,#4788,#4789);
#4787 = CARTESIAN_POINT('',(26.162,12.588063976013,8.763));
#4788 = DIRECTION('',(1.,0.,0.));
#4789 = DIRECTION('',(0.,1.,0.));
#4790 = ADVANCED_FACE('',(#4791),#4809,.F.);
#4791 = FACE_BOUND('',#4792,.F.);
#4792 = EDGE_LOOP('',(#4793,#4794,#4802,#4808));
#4793 = ORIENTED_EDGE('',*,*,#2136,.F.);
#4794 = ORIENTED_EDGE('',*,*,#4795,.T.);
#4795 = EDGE_CURVE('',#2128,#4796,#4798,.T.);
#4796 = VERTEX_POINT('',#4797);
#4797 = CARTESIAN_POINT('',(24.13,10.850606533722,3.233964884554));
#4798 = LINE('',#4799,#4800);
#4799 = CARTESIAN_POINT('',(26.162,10.850606533722,3.233964884554));
#4800 = VECTOR('',#4801,1.);
#4801 = DIRECTION('',(-1.,-0.,-0.));
#4802 = ORIENTED_EDGE('',*,*,#4803,.T.);
#4803 = EDGE_CURVE('',#4796,#4771,#4804,.T.);
#4804 = LINE('',#4805,#4806);
#4805 = CARTESIAN_POINT('',(24.13,9.806665235231,0.995225545333));
#4806 = VECTOR('',#4807,1.);
#4807 = DIRECTION('',(0.,0.422618261741,0.906307787037));
#4808 = ORIENTED_EDGE('',*,*,#4770,.F.);
#4809 = PLANE('',#4810);
#4810 = AXIS2_PLACEMENT_3D('',#4811,#4812,#4813);
#4811 = CARTESIAN_POINT('',(26.162,10.850606533722,3.233964884554));
#4812 = DIRECTION('',(0.,0.906307787037,-0.422618261741));
#4813 = DIRECTION('',(0.,0.422618261741,0.906307787037));
#4814 = ADVANCED_FACE('',(#4815),#4827,.F.);
#4815 = FACE_BOUND('',#4816,.F.);
#4816 = EDGE_LOOP('',(#4817,#4818,#4819,#4826));
#4817 = ORIENTED_EDGE('',*,*,#2127,.F.);
#4818 = ORIENTED_EDGE('',*,*,#4739,.T.);
#4819 = ORIENTED_EDGE('',*,*,#4820,.T.);
#4820 = EDGE_CURVE('',#4740,#4796,#4821,.T.);
#4821 = CIRCLE('',#4822,0.762);
#4822 = AXIS2_PLACEMENT_3D('',#4823,#4824,#4825);
#4823 = CARTESIAN_POINT('',(24.13,10.16,3.556));
#4824 = DIRECTION('',(1.,0.,0.));
#4825 = DIRECTION('',(0.,1.,0.));
#4826 = ORIENTED_EDGE('',*,*,#4795,.F.);
#4827 = CYLINDRICAL_SURFACE('',#4828,0.762);
#4828 = AXIS2_PLACEMENT_3D('',#4829,#4830,#4831);
#4829 = CARTESIAN_POINT('',(26.162,10.16,3.556));
#4830 = DIRECTION('',(1.,0.,0.));
#4831 = DIRECTION('',(0.,1.,0.));
#4832 = ADVANCED_FACE('',(#4833),#4858,.T.);
#4833 = FACE_BOUND('',#4834,.T.);
#4834 = EDGE_LOOP('',(#4835,#4836,#4844,#4852));
#4835 = ORIENTED_EDGE('',*,*,#2153,.F.);
#4836 = ORIENTED_EDGE('',*,*,#4837,.T.);
#4837 = EDGE_CURVE('',#2154,#4838,#4840,.T.);
#4838 = VERTEX_POINT('',#4839);
#4839 = CARTESIAN_POINT('',(24.13,15.565393466278,3.878035115446));
#4840 = LINE('',#4841,#4842);
#4841 = CARTESIAN_POINT('',(26.162,15.565393466278,3.878035115446));
#4842 = VECTOR('',#4843,1.);
#4843 = DIRECTION('',(-1.,-0.,-0.));
#4844 = ORIENTED_EDGE('',*,*,#4845,.T.);
#4845 = EDGE_CURVE('',#4838,#4846,#4848,.T.);
#4846 = VERTEX_POINT('',#4847);
#4847 = CARTESIAN_POINT('',(24.13,17.993457442291,9.085035115446));
#4848 = LINE('',#4849,#4850);
#4849 = CARTESIAN_POINT('',(24.13,14.521452167787,1.639295776226));
#4850 = VECTOR('',#4851,1.);
#4851 = DIRECTION('',(0.,0.422618261741,0.906307787037));
#4852 = ORIENTED_EDGE('',*,*,#4853,.F.);
#4853 = EDGE_CURVE('',#2156,#4846,#4854,.T.);
#4854 = LINE('',#4855,#4856);
#4855 = CARTESIAN_POINT('',(26.162,17.993457442291,9.085035115446));
#4856 = VECTOR('',#4857,1.);
#4857 = DIRECTION('',(-1.,-0.,-0.));
#4858 = PLANE('',#4859);
#4859 = AXIS2_PLACEMENT_3D('',#4860,#4861,#4862);
#4860 = CARTESIAN_POINT('',(26.162,15.565393466278,3.878035115446));
#4861 = DIRECTION('',(0.,0.906307787037,-0.422618261741));
#4862 = DIRECTION('',(0.,0.422618261741,0.906307787037));
#4863 = ADVANCED_FACE('',(#4864),#4883,.F.);
#4864 = FACE_BOUND('',#4865,.F.);
#4865 = EDGE_LOOP('',(#4866,#4867,#4875,#4882));
#4866 = ORIENTED_EDGE('',*,*,#2180,.F.);
#4867 = ORIENTED_EDGE('',*,*,#4868,.T.);
#4868 = EDGE_CURVE('',#2173,#4869,#4871,.T.);
#4869 = VERTEX_POINT('',#4870);
#4870 = CARTESIAN_POINT('',(24.13,19.374670509735,8.440964884554));
#4871 = LINE('',#4872,#4873);
#4872 = CARTESIAN_POINT('',(26.162,19.374670509735,8.440964884554));
#4873 = VECTOR('',#4874,1.);
#4874 = DIRECTION('',(-1.,-0.,-0.));
#4875 = ORIENTED_EDGE('',*,*,#4876,.T.);
#4876 = EDGE_CURVE('',#4869,#4846,#4877,.T.);
#4877 = CIRCLE('',#4878,0.762);
#4878 = AXIS2_PLACEMENT_3D('',#4879,#4880,#4881);
#4879 = CARTESIAN_POINT('',(24.13,18.684063976013,8.763));
#4880 = DIRECTION('',(1.,0.,0.));
#4881 = DIRECTION('',(0.,1.,0.));
#4882 = ORIENTED_EDGE('',*,*,#4853,.F.);
#4883 = CYLINDRICAL_SURFACE('',#4884,0.762);
#4884 = AXIS2_PLACEMENT_3D('',#4885,#4886,#4887);
#4885 = CARTESIAN_POINT('',(26.162,18.684063976013,8.763));
#4886 = DIRECTION('',(1.,0.,0.));
#4887 = DIRECTION('',(0.,1.,0.));
#4888 = ADVANCED_FACE('',(#4889),#4907,.F.);
#4889 = FACE_BOUND('',#4890,.F.);
#4890 = EDGE_LOOP('',(#4891,#4892,#4900,#4906));
#4891 = ORIENTED_EDGE('',*,*,#2172,.F.);
#4892 = ORIENTED_EDGE('',*,*,#4893,.T.);
#4893 = EDGE_CURVE('',#2164,#4894,#4896,.T.);
#4894 = VERTEX_POINT('',#4895);
#4895 = CARTESIAN_POINT('',(24.13,16.946606533722,3.233964884554));
#4896 = LINE('',#4897,#4898);
#4897 = CARTESIAN_POINT('',(26.162,16.946606533722,3.233964884554));
#4898 = VECTOR('',#4899,1.);
#4899 = DIRECTION('',(-1.,-0.,-0.));
#4900 = ORIENTED_EDGE('',*,*,#4901,.T.);
#4901 = EDGE_CURVE('',#4894,#4869,#4902,.T.);
#4902 = LINE('',#4903,#4904);
#4903 = CARTESIAN_POINT('',(24.13,15.902665235231,0.995225545333));
#4904 = VECTOR('',#4905,1.);
#4905 = DIRECTION('',(0.,0.422618261741,0.906307787037));
#4906 = ORIENTED_EDGE('',*,*,#4868,.F.);
#4907 = PLANE('',#4908);
#4908 = AXIS2_PLACEMENT_3D('',#4909,#4910,#4911);
#4909 = CARTESIAN_POINT('',(26.162,16.946606533722,3.233964884554));
#4910 = DIRECTION('',(0.,0.906307787037,-0.422618261741));
#4911 = DIRECTION('',(0.,0.422618261741,0.906307787037));
#4912 = ADVANCED_FACE('',(#4913),#4925,.F.);
#4913 = FACE_BOUND('',#4914,.F.);
#4914 = EDGE_LOOP('',(#4915,#4916,#4917,#4924));
#4915 = ORIENTED_EDGE('',*,*,#2163,.F.);
#4916 = ORIENTED_EDGE('',*,*,#4837,.T.);
#4917 = ORIENTED_EDGE('',*,*,#4918,.T.);
#4918 = EDGE_CURVE('',#4838,#4894,#4919,.T.);
#4919 = CIRCLE('',#4920,0.762);
#4920 = AXIS2_PLACEMENT_3D('',#4921,#4922,#4923);
#4921 = CARTESIAN_POINT('',(24.13,16.256,3.556));
#4922 = DIRECTION('',(1.,0.,0.));
#4923 = DIRECTION('',(0.,1.,0.));
#4924 = ORIENTED_EDGE('',*,*,#4893,.F.);
#4925 = CYLINDRICAL_SURFACE('',#4926,0.762);
#4926 = AXIS2_PLACEMENT_3D('',#4927,#4928,#4929);
#4927 = CARTESIAN_POINT('',(26.162,16.256,3.556));
#4928 = DIRECTION('',(1.,0.,0.));
#4929 = DIRECTION('',(0.,1.,0.));
#4930 = ADVANCED_FACE('',(#4931),#4956,.T.);
#4931 = FACE_BOUND('',#4932,.T.);
#4932 = EDGE_LOOP('',(#4933,#4934,#4942,#4950));
#4933 = ORIENTED_EDGE('',*,*,#2189,.F.);
#4934 = ORIENTED_EDGE('',*,*,#4935,.T.);
#4935 = EDGE_CURVE('',#2190,#4936,#4938,.T.);
#4936 = VERTEX_POINT('',#4937);
#4937 = CARTESIAN_POINT('',(24.13,18.613393466278,3.878035115446));
#4938 = LINE('',#4939,#4940);
#4939 = CARTESIAN_POINT('',(26.162,18.613393466278,3.878035115446));
#4940 = VECTOR('',#4941,1.);
#4941 = DIRECTION('',(-1.,-0.,-0.));
#4942 = ORIENTED_EDGE('',*,*,#4943,.T.);
#4943 = EDGE_CURVE('',#4936,#4944,#4946,.T.);
#4944 = VERTEX_POINT('',#4945);
#4945 = CARTESIAN_POINT('',(24.13,21.041457442291,9.085035115446));
#4946 = LINE('',#4947,#4948);
#4947 = CARTESIAN_POINT('',(24.13,17.569452167787,1.639295776226));
#4948 = VECTOR('',#4949,1.);
#4949 = DIRECTION('',(0.,0.422618261741,0.906307787037));
#4950 = ORIENTED_EDGE('',*,*,#4951,.F.);
#4951 = EDGE_CURVE('',#2192,#4944,#4952,.T.);
#4952 = LINE('',#4953,#4954);
#4953 = CARTESIAN_POINT('',(26.162,21.041457442291,9.085035115446));
#4954 = VECTOR('',#4955,1.);
#4955 = DIRECTION('',(-1.,-0.,-0.));
#4956 = PLANE('',#4957);
#4957 = AXIS2_PLACEMENT_3D('',#4958,#4959,#4960);
#4958 = CARTESIAN_POINT('',(26.162,18.613393466278,3.878035115446));
#4959 = DIRECTION('',(0.,0.906307787037,-0.422618261741));
#4960 = DIRECTION('',(0.,0.422618261741,0.906307787037));
#4961 = ADVANCED_FACE('',(#4962),#4981,.F.);
#4962 = FACE_BOUND('',#4963,.F.);
#4963 = EDGE_LOOP('',(#4964,#4965,#4973,#4980));
#4964 = ORIENTED_EDGE('',*,*,#2216,.F.);
#4965 = ORIENTED_EDGE('',*,*,#4966,.T.);
#4966 = EDGE_CURVE('',#2209,#4967,#4969,.T.);
#4967 = VERTEX_POINT('',#4968);
#4968 = CARTESIAN_POINT('',(24.13,22.422670509735,8.440964884554));
#4969 = LINE('',#4970,#4971);
#4970 = CARTESIAN_POINT('',(26.162,22.422670509735,8.440964884554));
#4971 = VECTOR('',#4972,1.);
#4972 = DIRECTION('',(-1.,-0.,-0.));
#4973 = ORIENTED_EDGE('',*,*,#4974,.T.);
#4974 = EDGE_CURVE('',#4967,#4944,#4975,.T.);
#4975 = CIRCLE('',#4976,0.762);
#4976 = AXIS2_PLACEMENT_3D('',#4977,#4978,#4979);
#4977 = CARTESIAN_POINT('',(24.13,21.732063976013,8.763));
#4978 = DIRECTION('',(1.,0.,0.));
#4979 = DIRECTION('',(0.,1.,0.));
#4980 = ORIENTED_EDGE('',*,*,#4951,.F.);
#4981 = CYLINDRICAL_SURFACE('',#4982,0.762);
#4982 = AXIS2_PLACEMENT_3D('',#4983,#4984,#4985);
#4983 = CARTESIAN_POINT('',(26.162,21.732063976013,8.763));
#4984 = DIRECTION('',(1.,0.,0.));
#4985 = DIRECTION('',(0.,1.,0.));
#4986 = ADVANCED_FACE('',(#4987),#5005,.F.);
#4987 = FACE_BOUND('',#4988,.F.);
#4988 = EDGE_LOOP('',(#4989,#4990,#4998,#5004));
#4989 = ORIENTED_EDGE('',*,*,#2208,.F.);
#4990 = ORIENTED_EDGE('',*,*,#4991,.T.);
#4991 = EDGE_CURVE('',#2200,#4992,#4994,.T.);
#4992 = VERTEX_POINT('',#4993);
#4993 = CARTESIAN_POINT('',(24.13,19.994606533722,3.233964884554));
#4994 = LINE('',#4995,#4996);
#4995 = CARTESIAN_POINT('',(26.162,19.994606533722,3.233964884554));
#4996 = VECTOR('',#4997,1.);
#4997 = DIRECTION('',(-1.,-0.,-0.));
#4998 = ORIENTED_EDGE('',*,*,#4999,.T.);
#4999 = EDGE_CURVE('',#4992,#4967,#5000,.T.);
#5000 = LINE('',#5001,#5002);
#5001 = CARTESIAN_POINT('',(24.13,18.950665235231,0.995225545333));
#5002 = VECTOR('',#5003,1.);
#5003 = DIRECTION('',(0.,0.422618261741,0.906307787037));
#5004 = ORIENTED_EDGE('',*,*,#4966,.F.);
#5005 = PLANE('',#5006);
#5006 = AXIS2_PLACEMENT_3D('',#5007,#5008,#5009);
#5007 = CARTESIAN_POINT('',(26.162,19.994606533722,3.233964884554));
#5008 = DIRECTION('',(0.,0.906307787037,-0.422618261741));
#5009 = DIRECTION('',(0.,0.422618261741,0.906307787037));
#5010 = ADVANCED_FACE('',(#5011),#5023,.F.);
#5011 = FACE_BOUND('',#5012,.F.);
#5012 = EDGE_LOOP('',(#5013,#5014,#5015,#5022));
#5013 = ORIENTED_EDGE('',*,*,#2199,.F.);
#5014 = ORIENTED_EDGE('',*,*,#4935,.T.);
#5015 = ORIENTED_EDGE('',*,*,#5016,.T.);
#5016 = EDGE_CURVE('',#4936,#4992,#5017,.T.);
#5017 = CIRCLE('',#5018,0.762);
#5018 = AXIS2_PLACEMENT_3D('',#5019,#5020,#5021);
#5019 = CARTESIAN_POINT('',(24.13,19.304,3.556));
#5020 = DIRECTION('',(1.,0.,0.));
#5021 = DIRECTION('',(0.,1.,0.));
#5022 = ORIENTED_EDGE('',*,*,#4991,.F.);
#5023 = CYLINDRICAL_SURFACE('',#5024,0.762);
#5024 = AXIS2_PLACEMENT_3D('',#5025,#5026,#5027);
#5025 = CARTESIAN_POINT('',(26.162,19.304,3.556));
#5026 = DIRECTION('',(1.,0.,0.));
#5027 = DIRECTION('',(0.,1.,0.));
#5028 = ADVANCED_FACE('',(#5029),#5054,.T.);
#5029 = FACE_BOUND('',#5030,.T.);
#5030 = EDGE_LOOP('',(#5031,#5032,#5040,#5048));
#5031 = ORIENTED_EDGE('',*,*,#2225,.F.);
#5032 = ORIENTED_EDGE('',*,*,#5033,.T.);
#5033 = EDGE_CURVE('',#2226,#5034,#5036,.T.);
#5034 = VERTEX_POINT('',#5035);
#5035 = CARTESIAN_POINT('',(24.13,21.661393466278,3.878035115446));
#5036 = LINE('',#5037,#5038);
#5037 = CARTESIAN_POINT('',(26.162,21.661393466278,3.878035115446));
#5038 = VECTOR('',#5039,1.);
#5039 = DIRECTION('',(-1.,-0.,-0.));
#5040 = ORIENTED_EDGE('',*,*,#5041,.T.);
#5041 = EDGE_CURVE('',#5034,#5042,#5044,.T.);
#5042 = VERTEX_POINT('',#5043);
#5043 = CARTESIAN_POINT('',(24.13,24.089457442291,9.085035115446));
#5044 = LINE('',#5045,#5046);
#5045 = CARTESIAN_POINT('',(24.13,20.617452167787,1.639295776226));
#5046 = VECTOR('',#5047,1.);
#5047 = DIRECTION('',(0.,0.422618261741,0.906307787037));
#5048 = ORIENTED_EDGE('',*,*,#5049,.F.);
#5049 = EDGE_CURVE('',#2228,#5042,#5050,.T.);
#5050 = LINE('',#5051,#5052);
#5051 = CARTESIAN_POINT('',(26.162,24.089457442291,9.085035115446));
#5052 = VECTOR('',#5053,1.);
#5053 = DIRECTION('',(-1.,-0.,-0.));
#5054 = PLANE('',#5055);
#5055 = AXIS2_PLACEMENT_3D('',#5056,#5057,#5058);
#5056 = CARTESIAN_POINT('',(26.162,21.661393466278,3.878035115446));
#5057 = DIRECTION('',(0.,0.906307787037,-0.422618261741));
#5058 = DIRECTION('',(0.,0.422618261741,0.906307787037));
#5059 = ADVANCED_FACE('',(#5060),#5079,.F.);
#5060 = FACE_BOUND('',#5061,.F.);
#5061 = EDGE_LOOP('',(#5062,#5063,#5071,#5078));
#5062 = ORIENTED_EDGE('',*,*,#2252,.F.);
#5063 = ORIENTED_EDGE('',*,*,#5064,.T.);
#5064 = EDGE_CURVE('',#2245,#5065,#5067,.T.);
#5065 = VERTEX_POINT('',#5066);
#5066 = CARTESIAN_POINT('',(24.13,25.470670509735,8.440964884554));
#5067 = LINE('',#5068,#5069);
#5068 = CARTESIAN_POINT('',(26.162,25.470670509735,8.440964884554));
#5069 = VECTOR('',#5070,1.);
#5070 = DIRECTION('',(-1.,-0.,-0.));
#5071 = ORIENTED_EDGE('',*,*,#5072,.T.);
#5072 = EDGE_CURVE('',#5065,#5042,#5073,.T.);
#5073 = CIRCLE('',#5074,0.762);
#5074 = AXIS2_PLACEMENT_3D('',#5075,#5076,#5077);
#5075 = CARTESIAN_POINT('',(24.13,24.780063976013,8.763));
#5076 = DIRECTION('',(1.,0.,0.));
#5077 = DIRECTION('',(0.,1.,0.));
#5078 = ORIENTED_EDGE('',*,*,#5049,.F.);
#5079 = CYLINDRICAL_SURFACE('',#5080,0.762);
#5080 = AXIS2_PLACEMENT_3D('',#5081,#5082,#5083);
#5081 = CARTESIAN_POINT('',(26.162,24.780063976013,8.763));
#5082 = DIRECTION('',(1.,0.,0.));
#5083 = DIRECTION('',(0.,1.,0.));
#5084 = ADVANCED_FACE('',(#5085),#5103,.F.);
#5085 = FACE_BOUND('',#5086,.F.);
#5086 = EDGE_LOOP('',(#5087,#5088,#5096,#5102));
#5087 = ORIENTED_EDGE('',*,*,#2244,.F.);
#5088 = ORIENTED_EDGE('',*,*,#5089,.T.);
#5089 = EDGE_CURVE('',#2236,#5090,#5092,.T.);
#5090 = VERTEX_POINT('',#5091);
#5091 = CARTESIAN_POINT('',(24.13,23.042606533722,3.233964884554));
#5092 = LINE('',#5093,#5094);
#5093 = CARTESIAN_POINT('',(26.162,23.042606533722,3.233964884554));
#5094 = VECTOR('',#5095,1.);
#5095 = DIRECTION('',(-1.,-0.,-0.));
#5096 = ORIENTED_EDGE('',*,*,#5097,.T.);
#5097 = EDGE_CURVE('',#5090,#5065,#5098,.T.);
#5098 = LINE('',#5099,#5100);
#5099 = CARTESIAN_POINT('',(24.13,21.998665235231,0.995225545333));
#5100 = VECTOR('',#5101,1.);
#5101 = DIRECTION('',(0.,0.422618261741,0.906307787037));
#5102 = ORIENTED_EDGE('',*,*,#5064,.F.);
#5103 = PLANE('',#5104);
#5104 = AXIS2_PLACEMENT_3D('',#5105,#5106,#5107);
#5105 = CARTESIAN_POINT('',(26.162,23.042606533722,3.233964884554));
#5106 = DIRECTION('',(0.,0.906307787037,-0.422618261741));
#5107 = DIRECTION('',(0.,0.422618261741,0.906307787037));
#5108 = ADVANCED_FACE('',(#5109),#5121,.F.);
#5109 = FACE_BOUND('',#5110,.F.);
#5110 = EDGE_LOOP('',(#5111,#5112,#5113,#5120));
#5111 = ORIENTED_EDGE('',*,*,#2235,.F.);
#5112 = ORIENTED_EDGE('',*,*,#5033,.T.);
#5113 = ORIENTED_EDGE('',*,*,#5114,.T.);
#5114 = EDGE_CURVE('',#5034,#5090,#5115,.T.);
#5115 = CIRCLE('',#5116,0.762);
#5116 = AXIS2_PLACEMENT_3D('',#5117,#5118,#5119);
#5117 = CARTESIAN_POINT('',(24.13,22.352,3.556));
#5118 = DIRECTION('',(1.,0.,0.));
#5119 = DIRECTION('',(0.,1.,0.));
#5120 = ORIENTED_EDGE('',*,*,#5089,.F.);
#5121 = CYLINDRICAL_SURFACE('',#5122,0.762);
#5122 = AXIS2_PLACEMENT_3D('',#5123,#5124,#5125);
#5123 = CARTESIAN_POINT('',(26.162,22.352,3.556));
#5124 = DIRECTION('',(1.,0.,0.));
#5125 = DIRECTION('',(0.,1.,0.));
#5126 = ADVANCED_FACE('',(#5127),#5152,.T.);
#5127 = FACE_BOUND('',#5128,.T.);
#5128 = EDGE_LOOP('',(#5129,#5130,#5138,#5146));
#5129 = ORIENTED_EDGE('',*,*,#2261,.F.);
#5130 = ORIENTED_EDGE('',*,*,#5131,.T.);
#5131 = EDGE_CURVE('',#2262,#5132,#5134,.T.);
#5132 = VERTEX_POINT('',#5133);
#5133 = CARTESIAN_POINT('',(24.13,24.709393466278,3.878035115446));
#5134 = LINE('',#5135,#5136);
#5135 = CARTESIAN_POINT('',(26.162,24.709393466278,3.878035115446));
#5136 = VECTOR('',#5137,1.);
#5137 = DIRECTION('',(-1.,-0.,-0.));
#5138 = ORIENTED_EDGE('',*,*,#5139,.T.);
#5139 = EDGE_CURVE('',#5132,#5140,#5142,.T.);
#5140 = VERTEX_POINT('',#5141);
#5141 = CARTESIAN_POINT('',(24.13,27.137457442291,9.085035115446));
#5142 = LINE('',#5143,#5144);
#5143 = CARTESIAN_POINT('',(24.13,23.665452167787,1.639295776226));
#5144 = VECTOR('',#5145,1.);
#5145 = DIRECTION('',(0.,0.422618261741,0.906307787037));
#5146 = ORIENTED_EDGE('',*,*,#5147,.F.);
#5147 = EDGE_CURVE('',#2264,#5140,#5148,.T.);
#5148 = LINE('',#5149,#5150);
#5149 = CARTESIAN_POINT('',(26.162,27.137457442291,9.085035115446));
#5150 = VECTOR('',#5151,1.);
#5151 = DIRECTION('',(-1.,-0.,-0.));
#5152 = PLANE('',#5153);
#5153 = AXIS2_PLACEMENT_3D('',#5154,#5155,#5156);
#5154 = CARTESIAN_POINT('',(26.162,24.709393466278,3.878035115446));
#5155 = DIRECTION('',(0.,0.906307787037,-0.422618261741));
#5156 = DIRECTION('',(0.,0.422618261741,0.906307787037));
#5157 = ADVANCED_FACE('',(#5158),#5177,.F.);
#5158 = FACE_BOUND('',#5159,.F.);
#5159 = EDGE_LOOP('',(#5160,#5161,#5169,#5176));
#5160 = ORIENTED_EDGE('',*,*,#2288,.F.);
#5161 = ORIENTED_EDGE('',*,*,#5162,.T.);
#5162 = EDGE_CURVE('',#2281,#5163,#5165,.T.);
#5163 = VERTEX_POINT('',#5164);
#5164 = CARTESIAN_POINT('',(24.13,28.518670509735,8.440964884554));
#5165 = LINE('',#5166,#5167);
#5166 = CARTESIAN_POINT('',(26.162,28.518670509735,8.440964884554));
#5167 = VECTOR('',#5168,1.);
#5168 = DIRECTION('',(-1.,-0.,-0.));
#5169 = ORIENTED_EDGE('',*,*,#5170,.T.);
#5170 = EDGE_CURVE('',#5163,#5140,#5171,.T.);
#5171 = CIRCLE('',#5172,0.762);
#5172 = AXIS2_PLACEMENT_3D('',#5173,#5174,#5175);
#5173 = CARTESIAN_POINT('',(24.13,27.828063976013,8.763));
#5174 = DIRECTION('',(1.,0.,0.));
#5175 = DIRECTION('',(0.,1.,0.));
#5176 = ORIENTED_EDGE('',*,*,#5147,.F.);
#5177 = CYLINDRICAL_SURFACE('',#5178,0.762);
#5178 = AXIS2_PLACEMENT_3D('',#5179,#5180,#5181);
#5179 = CARTESIAN_POINT('',(26.162,27.828063976013,8.763));
#5180 = DIRECTION('',(1.,0.,0.));
#5181 = DIRECTION('',(0.,1.,0.));
#5182 = ADVANCED_FACE('',(#5183),#5201,.F.);
#5183 = FACE_BOUND('',#5184,.F.);
#5184 = EDGE_LOOP('',(#5185,#5186,#5194,#5200));
#5185 = ORIENTED_EDGE('',*,*,#2280,.F.);
#5186 = ORIENTED_EDGE('',*,*,#5187,.T.);
#5187 = EDGE_CURVE('',#2272,#5188,#5190,.T.);
#5188 = VERTEX_POINT('',#5189);
#5189 = CARTESIAN_POINT('',(24.13,26.090606533722,3.233964884554));
#5190 = LINE('',#5191,#5192);
#5191 = CARTESIAN_POINT('',(26.162,26.090606533722,3.233964884554));
#5192 = VECTOR('',#5193,1.);
#5193 = DIRECTION('',(-1.,-0.,-0.));
#5194 = ORIENTED_EDGE('',*,*,#5195,.T.);
#5195 = EDGE_CURVE('',#5188,#5163,#5196,.T.);
#5196 = LINE('',#5197,#5198);
#5197 = CARTESIAN_POINT('',(24.13,25.046665235231,0.995225545333));
#5198 = VECTOR('',#5199,1.);
#5199 = DIRECTION('',(0.,0.422618261741,0.906307787037));
#5200 = ORIENTED_EDGE('',*,*,#5162,.F.);
#5201 = PLANE('',#5202);
#5202 = AXIS2_PLACEMENT_3D('',#5203,#5204,#5205);
#5203 = CARTESIAN_POINT('',(26.162,26.090606533722,3.233964884554));
#5204 = DIRECTION('',(0.,0.906307787037,-0.422618261741));
#5205 = DIRECTION('',(0.,0.422618261741,0.906307787037));
#5206 = ADVANCED_FACE('',(#5207),#5219,.F.);
#5207 = FACE_BOUND('',#5208,.F.);
#5208 = EDGE_LOOP('',(#5209,#5210,#5211,#5218));
#5209 = ORIENTED_EDGE('',*,*,#2271,.F.);
#5210 = ORIENTED_EDGE('',*,*,#5131,.T.);
#5211 = ORIENTED_EDGE('',*,*,#5212,.T.);
#5212 = EDGE_CURVE('',#5132,#5188,#5213,.T.);
#5213 = CIRCLE('',#5214,0.762);
#5214 = AXIS2_PLACEMENT_3D('',#5215,#5216,#5217);
#5215 = CARTESIAN_POINT('',(24.13,25.4,3.556));
#5216 = DIRECTION('',(1.,0.,0.));
#5217 = DIRECTION('',(0.,1.,0.));
#5218 = ORIENTED_EDGE('',*,*,#5187,.F.);
#5219 = CYLINDRICAL_SURFACE('',#5220,0.762);
#5220 = AXIS2_PLACEMENT_3D('',#5221,#5222,#5223);
#5221 = CARTESIAN_POINT('',(26.162,25.4,3.556));
#5222 = DIRECTION('',(1.,0.,0.));
#5223 = DIRECTION('',(0.,1.,0.));
#5224 = ADVANCED_FACE('',(#5225),#5250,.T.);
#5225 = FACE_BOUND('',#5226,.T.);
#5226 = EDGE_LOOP('',(#5227,#5228,#5236,#5244));
#5227 = ORIENTED_EDGE('',*,*,#2297,.F.);
#5228 = ORIENTED_EDGE('',*,*,#5229,.T.);
#5229 = EDGE_CURVE('',#2298,#5230,#5232,.T.);
#5230 = VERTEX_POINT('',#5231);
#5231 = CARTESIAN_POINT('',(24.13,27.757393466278,3.878035115446));
#5232 = LINE('',#5233,#5234);
#5233 = CARTESIAN_POINT('',(26.162,27.757393466278,3.878035115446));
#5234 = VECTOR('',#5235,1.);
#5235 = DIRECTION('',(-1.,-0.,-0.));
#5236 = ORIENTED_EDGE('',*,*,#5237,.T.);
#5237 = EDGE_CURVE('',#5230,#5238,#5240,.T.);
#5238 = VERTEX_POINT('',#5239);
#5239 = CARTESIAN_POINT('',(24.13,30.185457442291,9.085035115446));
#5240 = LINE('',#5241,#5242);
#5241 = CARTESIAN_POINT('',(24.13,26.713452167787,1.639295776226));
#5242 = VECTOR('',#5243,1.);
#5243 = DIRECTION('',(0.,0.422618261741,0.906307787037));
#5244 = ORIENTED_EDGE('',*,*,#5245,.F.);
#5245 = EDGE_CURVE('',#2300,#5238,#5246,.T.);
#5246 = LINE('',#5247,#5248);
#5247 = CARTESIAN_POINT('',(26.162,30.185457442291,9.085035115446));
#5248 = VECTOR('',#5249,1.);
#5249 = DIRECTION('',(-1.,-0.,-0.));
#5250 = PLANE('',#5251);
#5251 = AXIS2_PLACEMENT_3D('',#5252,#5253,#5254);
#5252 = CARTESIAN_POINT('',(26.162,27.757393466278,3.878035115446));
#5253 = DIRECTION('',(0.,0.906307787037,-0.422618261741));
#5254 = DIRECTION('',(0.,0.422618261741,0.906307787037));
#5255 = ADVANCED_FACE('',(#5256),#5275,.F.);
#5256 = FACE_BOUND('',#5257,.F.);
#5257 = EDGE_LOOP('',(#5258,#5259,#5267,#5274));
#5258 = ORIENTED_EDGE('',*,*,#2324,.F.);
#5259 = ORIENTED_EDGE('',*,*,#5260,.T.);
#5260 = EDGE_CURVE('',#2317,#5261,#5263,.T.);
#5261 = VERTEX_POINT('',#5262);
#5262 = CARTESIAN_POINT('',(24.13,31.566670509735,8.440964884554));
#5263 = LINE('',#5264,#5265);
#5264 = CARTESIAN_POINT('',(26.162,31.566670509735,8.440964884554));
#5265 = VECTOR('',#5266,1.);
#5266 = DIRECTION('',(-1.,-0.,-0.));
#5267 = ORIENTED_EDGE('',*,*,#5268,.T.);
#5268 = EDGE_CURVE('',#5261,#5238,#5269,.T.);
#5269 = CIRCLE('',#5270,0.762);
#5270 = AXIS2_PLACEMENT_3D('',#5271,#5272,#5273);
#5271 = CARTESIAN_POINT('',(24.13,30.876063976013,8.763));
#5272 = DIRECTION('',(1.,0.,0.));
#5273 = DIRECTION('',(0.,1.,0.));
#5274 = ORIENTED_EDGE('',*,*,#5245,.F.);
#5275 = CYLINDRICAL_SURFACE('',#5276,0.762);
#5276 = AXIS2_PLACEMENT_3D('',#5277,#5278,#5279);
#5277 = CARTESIAN_POINT('',(26.162,30.876063976013,8.763));
#5278 = DIRECTION('',(1.,0.,0.));
#5279 = DIRECTION('',(0.,1.,0.));
#5280 = ADVANCED_FACE('',(#5281),#5299,.F.);
#5281 = FACE_BOUND('',#5282,.F.);
#5282 = EDGE_LOOP('',(#5283,#5284,#5292,#5298));
#5283 = ORIENTED_EDGE('',*,*,#2316,.F.);
#5284 = ORIENTED_EDGE('',*,*,#5285,.T.);
#5285 = EDGE_CURVE('',#2308,#5286,#5288,.T.);
#5286 = VERTEX_POINT('',#5287);
#5287 = CARTESIAN_POINT('',(24.13,29.138606533722,3.233964884554));
#5288 = LINE('',#5289,#5290);
#5289 = CARTESIAN_POINT('',(26.162,29.138606533722,3.233964884554));
#5290 = VECTOR('',#5291,1.);
#5291 = DIRECTION('',(-1.,-0.,-0.));
#5292 = ORIENTED_EDGE('',*,*,#5293,.T.);
#5293 = EDGE_CURVE('',#5286,#5261,#5294,.T.);
#5294 = LINE('',#5295,#5296);
#5295 = CARTESIAN_POINT('',(24.13,28.094665235231,0.995225545333));
#5296 = VECTOR('',#5297,1.);
#5297 = DIRECTION('',(0.,0.422618261741,0.906307787037));
#5298 = ORIENTED_EDGE('',*,*,#5260,.F.);
#5299 = PLANE('',#5300);
#5300 = AXIS2_PLACEMENT_3D('',#5301,#5302,#5303);
#5301 = CARTESIAN_POINT('',(26.162,29.138606533722,3.233964884554));
#5302 = DIRECTION('',(0.,0.906307787037,-0.422618261741));
#5303 = DIRECTION('',(0.,0.422618261741,0.906307787037));
#5304 = ADVANCED_FACE('',(#5305),#5317,.F.);
#5305 = FACE_BOUND('',#5306,.F.);
#5306 = EDGE_LOOP('',(#5307,#5308,#5309,#5316));
#5307 = ORIENTED_EDGE('',*,*,#2307,.F.);
#5308 = ORIENTED_EDGE('',*,*,#5229,.T.);
#5309 = ORIENTED_EDGE('',*,*,#5310,.T.);
#5310 = EDGE_CURVE('',#5230,#5286,#5311,.T.);
#5311 = CIRCLE('',#5312,0.762);
#5312 = AXIS2_PLACEMENT_3D('',#5313,#5314,#5315);
#5313 = CARTESIAN_POINT('',(24.13,28.448,3.556));
#5314 = DIRECTION('',(1.,0.,0.));
#5315 = DIRECTION('',(0.,1.,0.));
#5316 = ORIENTED_EDGE('',*,*,#5285,.F.);
#5317 = CYLINDRICAL_SURFACE('',#5318,0.762);
#5318 = AXIS2_PLACEMENT_3D('',#5319,#5320,#5321);
#5319 = CARTESIAN_POINT('',(26.162,28.448,3.556));
#5320 = DIRECTION('',(1.,0.,0.));
#5321 = DIRECTION('',(0.,1.,0.));
#5322 = ADVANCED_FACE('',(#5323),#5348,.T.);
#5323 = FACE_BOUND('',#5324,.T.);
#5324 = EDGE_LOOP('',(#5325,#5326,#5334,#5342));
#5325 = ORIENTED_EDGE('',*,*,#2333,.F.);
#5326 = ORIENTED_EDGE('',*,*,#5327,.T.);
#5327 = EDGE_CURVE('',#2334,#5328,#5330,.T.);
#5328 = VERTEX_POINT('',#5329);
#5329 = CARTESIAN_POINT('',(24.13,30.805393466278,3.878035115446));
#5330 = LINE('',#5331,#5332);
#5331 = CARTESIAN_POINT('',(26.162,30.805393466278,3.878035115446));
#5332 = VECTOR('',#5333,1.);
#5333 = DIRECTION('',(-1.,-0.,-0.));
#5334 = ORIENTED_EDGE('',*,*,#5335,.T.);
#5335 = EDGE_CURVE('',#5328,#5336,#5338,.T.);
#5336 = VERTEX_POINT('',#5337);
#5337 = CARTESIAN_POINT('',(24.13,33.233457442291,9.085035115446));
#5338 = LINE('',#5339,#5340);
#5339 = CARTESIAN_POINT('',(24.13,29.761452167787,1.639295776226));
#5340 = VECTOR('',#5341,1.);
#5341 = DIRECTION('',(0.,0.422618261741,0.906307787037));
#5342 = ORIENTED_EDGE('',*,*,#5343,.F.);
#5343 = EDGE_CURVE('',#2336,#5336,#5344,.T.);
#5344 = LINE('',#5345,#5346);
#5345 = CARTESIAN_POINT('',(26.162,33.233457442291,9.085035115446));
#5346 = VECTOR('',#5347,1.);
#5347 = DIRECTION('',(-1.,-0.,-0.));
#5348 = PLANE('',#5349);
#5349 = AXIS2_PLACEMENT_3D('',#5350,#5351,#5352);
#5350 = CARTESIAN_POINT('',(26.162,30.805393466278,3.878035115446));
#5351 = DIRECTION('',(0.,0.906307787037,-0.422618261741));
#5352 = DIRECTION('',(0.,0.422618261741,0.906307787037));
#5353 = ADVANCED_FACE('',(#5354),#5373,.F.);
#5354 = FACE_BOUND('',#5355,.F.);
#5355 = EDGE_LOOP('',(#5356,#5357,#5365,#5372));
#5356 = ORIENTED_EDGE('',*,*,#2360,.F.);
#5357 = ORIENTED_EDGE('',*,*,#5358,.T.);
#5358 = EDGE_CURVE('',#2353,#5359,#5361,.T.);
#5359 = VERTEX_POINT('',#5360);
#5360 = CARTESIAN_POINT('',(24.13,34.614670509735,8.440964884554));
#5361 = LINE('',#5362,#5363);
#5362 = CARTESIAN_POINT('',(26.162,34.614670509735,8.440964884554));
#5363 = VECTOR('',#5364,1.);
#5364 = DIRECTION('',(-1.,-0.,-0.));
#5365 = ORIENTED_EDGE('',*,*,#5366,.T.);
#5366 = EDGE_CURVE('',#5359,#5336,#5367,.T.);
#5367 = CIRCLE('',#5368,0.762);
#5368 = AXIS2_PLACEMENT_3D('',#5369,#5370,#5371);
#5369 = CARTESIAN_POINT('',(24.13,33.924063976013,8.763));
#5370 = DIRECTION('',(1.,0.,0.));
#5371 = DIRECTION('',(0.,1.,0.));
#5372 = ORIENTED_EDGE('',*,*,#5343,.F.);
#5373 = CYLINDRICAL_SURFACE('',#5374,0.762);
#5374 = AXIS2_PLACEMENT_3D('',#5375,#5376,#5377);
#5375 = CARTESIAN_POINT('',(26.162,33.924063976013,8.763));
#5376 = DIRECTION('',(1.,0.,0.));
#5377 = DIRECTION('',(0.,1.,0.));
#5378 = ADVANCED_FACE('',(#5379),#5397,.F.);
#5379 = FACE_BOUND('',#5380,.F.);
#5380 = EDGE_LOOP('',(#5381,#5382,#5390,#5396));
#5381 = ORIENTED_EDGE('',*,*,#2352,.F.);
#5382 = ORIENTED_EDGE('',*,*,#5383,.T.);
#5383 = EDGE_CURVE('',#2344,#5384,#5386,.T.);
#5384 = VERTEX_POINT('',#5385);
#5385 = CARTESIAN_POINT('',(24.13,32.186606533722,3.233964884554));
#5386 = LINE('',#5387,#5388);
#5387 = CARTESIAN_POINT('',(26.162,32.186606533722,3.233964884554));
#5388 = VECTOR('',#5389,1.);
#5389 = DIRECTION('',(-1.,-0.,-0.));
#5390 = ORIENTED_EDGE('',*,*,#5391,.T.);
#5391 = EDGE_CURVE('',#5384,#5359,#5392,.T.);
#5392 = LINE('',#5393,#5394);
#5393 = CARTESIAN_POINT('',(24.13,31.142665235231,0.995225545333));
#5394 = VECTOR('',#5395,1.);
#5395 = DIRECTION('',(0.,0.422618261741,0.906307787037));
#5396 = ORIENTED_EDGE('',*,*,#5358,.F.);
#5397 = PLANE('',#5398);
#5398 = AXIS2_PLACEMENT_3D('',#5399,#5400,#5401);
#5399 = CARTESIAN_POINT('',(26.162,32.186606533722,3.233964884554));
#5400 = DIRECTION('',(0.,0.906307787037,-0.422618261741));
#5401 = DIRECTION('',(0.,0.422618261741,0.906307787037));
#5402 = ADVANCED_FACE('',(#5403),#5415,.F.);
#5403 = FACE_BOUND('',#5404,.F.);
#5404 = EDGE_LOOP('',(#5405,#5406,#5407,#5414));
#5405 = ORIENTED_EDGE('',*,*,#2343,.F.);
#5406 = ORIENTED_EDGE('',*,*,#5327,.T.);
#5407 = ORIENTED_EDGE('',*,*,#5408,.T.);
#5408 = EDGE_CURVE('',#5328,#5384,#5409,.T.);
#5409 = CIRCLE('',#5410,0.762);
#5410 = AXIS2_PLACEMENT_3D('',#5411,#5412,#5413);
#5411 = CARTESIAN_POINT('',(24.13,31.496,3.556));
#5412 = DIRECTION('',(1.,0.,0.));
#5413 = DIRECTION('',(0.,1.,0.));
#5414 = ORIENTED_EDGE('',*,*,#5383,.F.);
#5415 = CYLINDRICAL_SURFACE('',#5416,0.762);
#5416 = AXIS2_PLACEMENT_3D('',#5417,#5418,#5419);
#5417 = CARTESIAN_POINT('',(26.162,31.496,3.556));
#5418 = DIRECTION('',(1.,0.,0.));
#5419 = DIRECTION('',(0.,1.,0.));
#5420 = ADVANCED_FACE('',(#5421),#5446,.T.);
#5421 = FACE_BOUND('',#5422,.T.);
#5422 = EDGE_LOOP('',(#5423,#5424,#5432,#5440));
#5423 = ORIENTED_EDGE('',*,*,#2369,.F.);
#5424 = ORIENTED_EDGE('',*,*,#5425,.T.);
#5425 = EDGE_CURVE('',#2370,#5426,#5428,.T.);
#5426 = VERTEX_POINT('',#5427);
#5427 = CARTESIAN_POINT('',(24.13,33.853393466278,3.878035115446));
#5428 = LINE('',#5429,#5430);
#5429 = CARTESIAN_POINT('',(26.162,33.853393466278,3.878035115446));
#5430 = VECTOR('',#5431,1.);
#5431 = DIRECTION('',(-1.,-0.,-0.));
#5432 = ORIENTED_EDGE('',*,*,#5433,.T.);
#5433 = EDGE_CURVE('',#5426,#5434,#5436,.T.);
#5434 = VERTEX_POINT('',#5435);
#5435 = CARTESIAN_POINT('',(24.13,36.281457442291,9.085035115446));
#5436 = LINE('',#5437,#5438);
#5437 = CARTESIAN_POINT('',(24.13,32.809452167787,1.639295776226));
#5438 = VECTOR('',#5439,1.);
#5439 = DIRECTION('',(0.,0.422618261741,0.906307787037));
#5440 = ORIENTED_EDGE('',*,*,#5441,.F.);
#5441 = EDGE_CURVE('',#2372,#5434,#5442,.T.);
#5442 = LINE('',#5443,#5444);
#5443 = CARTESIAN_POINT('',(26.162,36.281457442291,9.085035115446));
#5444 = VECTOR('',#5445,1.);
#5445 = DIRECTION('',(-1.,-0.,-0.));
#5446 = PLANE('',#5447);
#5447 = AXIS2_PLACEMENT_3D('',#5448,#5449,#5450);
#5448 = CARTESIAN_POINT('',(26.162,33.853393466278,3.878035115446));
#5449 = DIRECTION('',(0.,0.906307787037,-0.422618261741));
#5450 = DIRECTION('',(0.,0.422618261741,0.906307787037));
#5451 = ADVANCED_FACE('',(#5452),#5471,.F.);
#5452 = FACE_BOUND('',#5453,.F.);
#5453 = EDGE_LOOP('',(#5454,#5455,#5463,#5470));
#5454 = ORIENTED_EDGE('',*,*,#2396,.F.);
#5455 = ORIENTED_EDGE('',*,*,#5456,.T.);
#5456 = EDGE_CURVE('',#2389,#5457,#5459,.T.);
#5457 = VERTEX_POINT('',#5458);
#5458 = CARTESIAN_POINT('',(24.13,37.662670509735,8.440964884554));
#5459 = LINE('',#5460,#5461);
#5460 = CARTESIAN_POINT('',(26.162,37.662670509735,8.440964884554));
#5461 = VECTOR('',#5462,1.);
#5462 = DIRECTION('',(-1.,-0.,-0.));
#5463 = ORIENTED_EDGE('',*,*,#5464,.T.);
#5464 = EDGE_CURVE('',#5457,#5434,#5465,.T.);
#5465 = CIRCLE('',#5466,0.762);
#5466 = AXIS2_PLACEMENT_3D('',#5467,#5468,#5469);
#5467 = CARTESIAN_POINT('',(24.13,36.972063976013,8.763));
#5468 = DIRECTION('',(1.,0.,0.));
#5469 = DIRECTION('',(0.,1.,0.));
#5470 = ORIENTED_EDGE('',*,*,#5441,.F.);
#5471 = CYLINDRICAL_SURFACE('',#5472,0.762);
#5472 = AXIS2_PLACEMENT_3D('',#5473,#5474,#5475);
#5473 = CARTESIAN_POINT('',(26.162,36.972063976013,8.763));
#5474 = DIRECTION('',(1.,0.,0.));
#5475 = DIRECTION('',(0.,1.,0.));
#5476 = ADVANCED_FACE('',(#5477),#5495,.F.);
#5477 = FACE_BOUND('',#5478,.F.);
#5478 = EDGE_LOOP('',(#5479,#5480,#5488,#5494));
#5479 = ORIENTED_EDGE('',*,*,#2388,.F.);
#5480 = ORIENTED_EDGE('',*,*,#5481,.T.);
#5481 = EDGE_CURVE('',#2380,#5482,#5484,.T.);
#5482 = VERTEX_POINT('',#5483);
#5483 = CARTESIAN_POINT('',(24.13,35.234606533722,3.233964884554));
#5484 = LINE('',#5485,#5486);
#5485 = CARTESIAN_POINT('',(26.162,35.234606533722,3.233964884554));
#5486 = VECTOR('',#5487,1.);
#5487 = DIRECTION('',(-1.,-0.,-0.));
#5488 = ORIENTED_EDGE('',*,*,#5489,.T.);
#5489 = EDGE_CURVE('',#5482,#5457,#5490,.T.);
#5490 = LINE('',#5491,#5492);
#5491 = CARTESIAN_POINT('',(24.13,34.190665235231,0.995225545333));
#5492 = VECTOR('',#5493,1.);
#5493 = DIRECTION('',(0.,0.422618261741,0.906307787037));
#5494 = ORIENTED_EDGE('',*,*,#5456,.F.);
#5495 = PLANE('',#5496);
#5496 = AXIS2_PLACEMENT_3D('',#5497,#5498,#5499);
#5497 = CARTESIAN_POINT('',(26.162,35.234606533722,3.233964884554));
#5498 = DIRECTION('',(0.,0.906307787037,-0.422618261741));
#5499 = DIRECTION('',(0.,0.422618261741,0.906307787037));
#5500 = ADVANCED_FACE('',(#5501),#5513,.F.);
#5501 = FACE_BOUND('',#5502,.F.);
#5502 = EDGE_LOOP('',(#5503,#5504,#5505,#5512));
#5503 = ORIENTED_EDGE('',*,*,#2379,.F.);
#5504 = ORIENTED_EDGE('',*,*,#5425,.T.);
#5505 = ORIENTED_EDGE('',*,*,#5506,.T.);
#5506 = EDGE_CURVE('',#5426,#5482,#5507,.T.);
#5507 = CIRCLE('',#5508,0.762);
#5508 = AXIS2_PLACEMENT_3D('',#5509,#5510,#5511);
#5509 = CARTESIAN_POINT('',(24.13,34.544,3.556));
#5510 = DIRECTION('',(1.,0.,0.));
#5511 = DIRECTION('',(0.,1.,0.));
#5512 = ORIENTED_EDGE('',*,*,#5481,.F.);
#5513 = CYLINDRICAL_SURFACE('',#5514,0.762);
#5514 = AXIS2_PLACEMENT_3D('',#5515,#5516,#5517);
#5515 = CARTESIAN_POINT('',(26.162,34.544,3.556));
#5516 = DIRECTION('',(1.,0.,0.));
#5517 = DIRECTION('',(0.,1.,0.));
#5518 = ADVANCED_FACE('',(#5519),#5544,.T.);
#5519 = FACE_BOUND('',#5520,.T.);
#5520 = EDGE_LOOP('',(#5521,#5522,#5530,#5538));
#5521 = ORIENTED_EDGE('',*,*,#2405,.F.);
#5522 = ORIENTED_EDGE('',*,*,#5523,.T.);
#5523 = EDGE_CURVE('',#2406,#5524,#5526,.T.);
#5524 = VERTEX_POINT('',#5525);
#5525 = CARTESIAN_POINT('',(24.13,36.901393466278,3.878035115446));
#5526 = LINE('',#5527,#5528);
#5527 = CARTESIAN_POINT('',(26.162,36.901393466278,3.878035115446));
#5528 = VECTOR('',#5529,1.);
#5529 = DIRECTION('',(-1.,-0.,-0.));
#5530 = ORIENTED_EDGE('',*,*,#5531,.T.);
#5531 = EDGE_CURVE('',#5524,#5532,#5534,.T.);
#5532 = VERTEX_POINT('',#5533);
#5533 = CARTESIAN_POINT('',(24.13,39.329457442291,9.085035115446));
#5534 = LINE('',#5535,#5536);
#5535 = CARTESIAN_POINT('',(24.13,35.857452167787,1.639295776226));
#5536 = VECTOR('',#5537,1.);
#5537 = DIRECTION('',(0.,0.422618261741,0.906307787037));
#5538 = ORIENTED_EDGE('',*,*,#5539,.F.);
#5539 = EDGE_CURVE('',#2408,#5532,#5540,.T.);
#5540 = LINE('',#5541,#5542);
#5541 = CARTESIAN_POINT('',(26.162,39.329457442291,9.085035115446));
#5542 = VECTOR('',#5543,1.);
#5543 = DIRECTION('',(-1.,-0.,-0.));
#5544 = PLANE('',#5545);
#5545 = AXIS2_PLACEMENT_3D('',#5546,#5547,#5548);
#5546 = CARTESIAN_POINT('',(26.162,36.901393466278,3.878035115446));
#5547 = DIRECTION('',(0.,0.906307787037,-0.422618261741));
#5548 = DIRECTION('',(0.,0.422618261741,0.906307787037));
#5549 = ADVANCED_FACE('',(#5550),#5569,.F.);
#5550 = FACE_BOUND('',#5551,.F.);
#5551 = EDGE_LOOP('',(#5552,#5553,#5561,#5568));
#5552 = ORIENTED_EDGE('',*,*,#2432,.F.);
#5553 = ORIENTED_EDGE('',*,*,#5554,.T.);
#5554 = EDGE_CURVE('',#2425,#5555,#5557,.T.);
#5555 = VERTEX_POINT('',#5556);
#5556 = CARTESIAN_POINT('',(24.13,40.710670509735,8.440964884554));
#5557 = LINE('',#5558,#5559);
#5558 = CARTESIAN_POINT('',(26.162,40.710670509735,8.440964884554));
#5559 = VECTOR('',#5560,1.);
#5560 = DIRECTION('',(-1.,-0.,-0.));
#5561 = ORIENTED_EDGE('',*,*,#5562,.T.);
#5562 = EDGE_CURVE('',#5555,#5532,#5563,.T.);
#5563 = CIRCLE('',#5564,0.762);
#5564 = AXIS2_PLACEMENT_3D('',#5565,#5566,#5567);
#5565 = CARTESIAN_POINT('',(24.13,40.020063976013,8.763));
#5566 = DIRECTION('',(1.,0.,0.));
#5567 = DIRECTION('',(0.,1.,0.));
#5568 = ORIENTED_EDGE('',*,*,#5539,.F.);
#5569 = CYLINDRICAL_SURFACE('',#5570,0.762);
#5570 = AXIS2_PLACEMENT_3D('',#5571,#5572,#5573);
#5571 = CARTESIAN_POINT('',(26.162,40.020063976013,8.763));
#5572 = DIRECTION('',(1.,0.,0.));
#5573 = DIRECTION('',(0.,1.,0.));
#5574 = ADVANCED_FACE('',(#5575),#5593,.F.);
#5575 = FACE_BOUND('',#5576,.F.);
#5576 = EDGE_LOOP('',(#5577,#5578,#5586,#5592));
#5577 = ORIENTED_EDGE('',*,*,#2424,.F.);
#5578 = ORIENTED_EDGE('',*,*,#5579,.T.);
#5579 = EDGE_CURVE('',#2416,#5580,#5582,.T.);
#5580 = VERTEX_POINT('',#5581);
#5581 = CARTESIAN_POINT('',(24.13,38.282606533722,3.233964884554));
#5582 = LINE('',#5583,#5584);
#5583 = CARTESIAN_POINT('',(26.162,38.282606533722,3.233964884554));
#5584 = VECTOR('',#5585,1.);
#5585 = DIRECTION('',(-1.,-0.,-0.));
#5586 = ORIENTED_EDGE('',*,*,#5587,.T.);
#5587 = EDGE_CURVE('',#5580,#5555,#5588,.T.);
#5588 = LINE('',#5589,#5590);
#5589 = CARTESIAN_POINT('',(24.13,37.238665235231,0.995225545333));
#5590 = VECTOR('',#5591,1.);
#5591 = DIRECTION('',(0.,0.422618261741,0.906307787037));
#5592 = ORIENTED_EDGE('',*,*,#5554,.F.);
#5593 = PLANE('',#5594);
#5594 = AXIS2_PLACEMENT_3D('',#5595,#5596,#5597);
#5595 = CARTESIAN_POINT('',(26.162,38.282606533722,3.233964884554));
#5596 = DIRECTION('',(0.,0.906307787037,-0.422618261741));
#5597 = DIRECTION('',(0.,0.422618261741,0.906307787037));
#5598 = ADVANCED_FACE('',(#5599),#5611,.F.);
#5599 = FACE_BOUND('',#5600,.F.);
#5600 = EDGE_LOOP('',(#5601,#5602,#5603,#5610));
#5601 = ORIENTED_EDGE('',*,*,#2415,.F.);
#5602 = ORIENTED_EDGE('',*,*,#5523,.T.);
#5603 = ORIENTED_EDGE('',*,*,#5604,.T.);
#5604 = EDGE_CURVE('',#5524,#5580,#5605,.T.);
#5605 = CIRCLE('',#5606,0.762);
#5606 = AXIS2_PLACEMENT_3D('',#5607,#5608,#5609);
#5607 = CARTESIAN_POINT('',(24.13,37.592,3.556));
#5608 = DIRECTION('',(1.,0.,0.));
#5609 = DIRECTION('',(0.,1.,0.));
#5610 = ORIENTED_EDGE('',*,*,#5579,.F.);
#5611 = CYLINDRICAL_SURFACE('',#5612,0.762);
#5612 = AXIS2_PLACEMENT_3D('',#5613,#5614,#5615);
#5613 = CARTESIAN_POINT('',(26.162,37.592,3.556));
#5614 = DIRECTION('',(1.,0.,0.));
#5615 = DIRECTION('',(0.,1.,0.));
#5616 = ADVANCED_FACE('',(#5617),#5642,.T.);
#5617 = FACE_BOUND('',#5618,.T.);
#5618 = EDGE_LOOP('',(#5619,#5620,#5628,#5636));
#5619 = ORIENTED_EDGE('',*,*,#2441,.F.);
#5620 = ORIENTED_EDGE('',*,*,#5621,.T.);
#5621 = EDGE_CURVE('',#2442,#5622,#5624,.T.);
#5622 = VERTEX_POINT('',#5623);
#5623 = CARTESIAN_POINT('',(24.13,39.949393466278,3.878035115446));
#5624 = LINE('',#5625,#5626);
#5625 = CARTESIAN_POINT('',(26.162,39.949393466278,3.878035115446));
#5626 = VECTOR('',#5627,1.);
#5627 = DIRECTION('',(-1.,-0.,-0.));
#5628 = ORIENTED_EDGE('',*,*,#5629,.T.);
#5629 = EDGE_CURVE('',#5622,#5630,#5632,.T.);
#5630 = VERTEX_POINT('',#5631);
#5631 = CARTESIAN_POINT('',(24.13,42.377457442291,9.085035115446));
#5632 = LINE('',#5633,#5634);
#5633 = CARTESIAN_POINT('',(24.13,38.905452167787,1.639295776226));
#5634 = VECTOR('',#5635,1.);
#5635 = DIRECTION('',(0.,0.422618261741,0.906307787037));
#5636 = ORIENTED_EDGE('',*,*,#5637,.F.);
#5637 = EDGE_CURVE('',#2444,#5630,#5638,.T.);
#5638 = LINE('',#5639,#5640);
#5639 = CARTESIAN_POINT('',(26.162,42.377457442291,9.085035115446));
#5640 = VECTOR('',#5641,1.);
#5641 = DIRECTION('',(-1.,-0.,-0.));
#5642 = PLANE('',#5643);
#5643 = AXIS2_PLACEMENT_3D('',#5644,#5645,#5646);
#5644 = CARTESIAN_POINT('',(26.162,39.949393466278,3.878035115446));
#5645 = DIRECTION('',(0.,0.906307787037,-0.422618261741));
#5646 = DIRECTION('',(0.,0.422618261741,0.906307787037));
#5647 = ADVANCED_FACE('',(#5648),#5667,.F.);
#5648 = FACE_BOUND('',#5649,.F.);
#5649 = EDGE_LOOP('',(#5650,#5651,#5659,#5666));
#5650 = ORIENTED_EDGE('',*,*,#2468,.F.);
#5651 = ORIENTED_EDGE('',*,*,#5652,.T.);
#5652 = EDGE_CURVE('',#2461,#5653,#5655,.T.);
#5653 = VERTEX_POINT('',#5654);
#5654 = CARTESIAN_POINT('',(24.13,43.758670509735,8.440964884554));
#5655 = LINE('',#5656,#5657);
#5656 = CARTESIAN_POINT('',(26.162,43.758670509735,8.440964884554));
#5657 = VECTOR('',#5658,1.);
#5658 = DIRECTION('',(-1.,-0.,-0.));
#5659 = ORIENTED_EDGE('',*,*,#5660,.T.);
#5660 = EDGE_CURVE('',#5653,#5630,#5661,.T.);
#5661 = CIRCLE('',#5662,0.762);
#5662 = AXIS2_PLACEMENT_3D('',#5663,#5664,#5665);
#5663 = CARTESIAN_POINT('',(24.13,43.068063976013,8.763));
#5664 = DIRECTION('',(1.,0.,0.));
#5665 = DIRECTION('',(0.,1.,0.));
#5666 = ORIENTED_EDGE('',*,*,#5637,.F.);
#5667 = CYLINDRICAL_SURFACE('',#5668,0.762);
#5668 = AXIS2_PLACEMENT_3D('',#5669,#5670,#5671);
#5669 = CARTESIAN_POINT('',(26.162,43.068063976013,8.763));
#5670 = DIRECTION('',(1.,0.,0.));
#5671 = DIRECTION('',(0.,1.,0.));
#5672 = ADVANCED_FACE('',(#5673),#5691,.F.);
#5673 = FACE_BOUND('',#5674,.F.);
#5674 = EDGE_LOOP('',(#5675,#5676,#5684,#5690));
#5675 = ORIENTED_EDGE('',*,*,#2460,.F.);
#5676 = ORIENTED_EDGE('',*,*,#5677,.T.);
#5677 = EDGE_CURVE('',#2452,#5678,#5680,.T.);
#5678 = VERTEX_POINT('',#5679);
#5679 = CARTESIAN_POINT('',(24.13,41.330606533722,3.233964884554));
#5680 = LINE('',#5681,#5682);
#5681 = CARTESIAN_POINT('',(26.162,41.330606533722,3.233964884554));
#5682 = VECTOR('',#5683,1.);
#5683 = DIRECTION('',(-1.,-0.,-0.));
#5684 = ORIENTED_EDGE('',*,*,#5685,.T.);
#5685 = EDGE_CURVE('',#5678,#5653,#5686,.T.);
#5686 = LINE('',#5687,#5688);
#5687 = CARTESIAN_POINT('',(24.13,40.286665235231,0.995225545333));
#5688 = VECTOR('',#5689,1.);
#5689 = DIRECTION('',(0.,0.422618261741,0.906307787037));
#5690 = ORIENTED_EDGE('',*,*,#5652,.F.);
#5691 = PLANE('',#5692);
#5692 = AXIS2_PLACEMENT_3D('',#5693,#5694,#5695);
#5693 = CARTESIAN_POINT('',(26.162,41.330606533722,3.233964884554));
#5694 = DIRECTION('',(0.,0.906307787037,-0.422618261741));
#5695 = DIRECTION('',(0.,0.422618261741,0.906307787037));
#5696 = ADVANCED_FACE('',(#5697),#5709,.F.);
#5697 = FACE_BOUND('',#5698,.F.);
#5698 = EDGE_LOOP('',(#5699,#5700,#5701,#5708));
#5699 = ORIENTED_EDGE('',*,*,#2451,.F.);
#5700 = ORIENTED_EDGE('',*,*,#5621,.T.);
#5701 = ORIENTED_EDGE('',*,*,#5702,.T.);
#5702 = EDGE_CURVE('',#5622,#5678,#5703,.T.);
#5703 = CIRCLE('',#5704,0.762);
#5704 = AXIS2_PLACEMENT_3D('',#5705,#5706,#5707);
#5705 = CARTESIAN_POINT('',(24.13,40.64,3.556));
#5706 = DIRECTION('',(1.,0.,0.));
#5707 = DIRECTION('',(0.,1.,0.));
#5708 = ORIENTED_EDGE('',*,*,#5677,.F.);
#5709 = CYLINDRICAL_SURFACE('',#5710,0.762);
#5710 = AXIS2_PLACEMENT_3D('',#5711,#5712,#5713);
#5711 = CARTESIAN_POINT('',(26.162,40.64,3.556));
#5712 = DIRECTION('',(1.,0.,0.));
#5713 = DIRECTION('',(0.,1.,0.));
#5714 = ADVANCED_FACE('',(#5715),#5740,.T.);
#5715 = FACE_BOUND('',#5716,.T.);
#5716 = EDGE_LOOP('',(#5717,#5718,#5726,#5734));
#5717 = ORIENTED_EDGE('',*,*,#2477,.F.);
#5718 = ORIENTED_EDGE('',*,*,#5719,.T.);
#5719 = EDGE_CURVE('',#2478,#5720,#5722,.T.);
#5720 = VERTEX_POINT('',#5721);
#5721 = CARTESIAN_POINT('',(24.13,42.997393466278,3.878035115446));
#5722 = LINE('',#5723,#5724);
#5723 = CARTESIAN_POINT('',(26.162,42.997393466278,3.878035115446));
#5724 = VECTOR('',#5725,1.);
#5725 = DIRECTION('',(-1.,-0.,-0.));
#5726 = ORIENTED_EDGE('',*,*,#5727,.T.);
#5727 = EDGE_CURVE('',#5720,#5728,#5730,.T.);
#5728 = VERTEX_POINT('',#5729);
#5729 = CARTESIAN_POINT('',(24.13,45.425457442291,9.085035115446));
#5730 = LINE('',#5731,#5732);
#5731 = CARTESIAN_POINT('',(24.13,41.953452167787,1.639295776226));
#5732 = VECTOR('',#5733,1.);
#5733 = DIRECTION('',(0.,0.422618261741,0.906307787037));
#5734 = ORIENTED_EDGE('',*,*,#5735,.F.);
#5735 = EDGE_CURVE('',#2480,#5728,#5736,.T.);
#5736 = LINE('',#5737,#5738);
#5737 = CARTESIAN_POINT('',(26.162,45.425457442291,9.085035115446));
#5738 = VECTOR('',#5739,1.);
#5739 = DIRECTION('',(-1.,-0.,-0.));
#5740 = PLANE('',#5741);
#5741 = AXIS2_PLACEMENT_3D('',#5742,#5743,#5744);
#5742 = CARTESIAN_POINT('',(26.162,42.997393466278,3.878035115446));
#5743 = DIRECTION('',(0.,0.906307787037,-0.422618261741));
#5744 = DIRECTION('',(0.,0.422618261741,0.906307787037));
#5745 = ADVANCED_FACE('',(#5746),#5765,.F.);
#5746 = FACE_BOUND('',#5747,.F.);
#5747 = EDGE_LOOP('',(#5748,#5749,#5757,#5764));
#5748 = ORIENTED_EDGE('',*,*,#2504,.F.);
#5749 = ORIENTED_EDGE('',*,*,#5750,.T.);
#5750 = EDGE_CURVE('',#2497,#5751,#5753,.T.);
#5751 = VERTEX_POINT('',#5752);
#5752 = CARTESIAN_POINT('',(24.13,46.806670509735,8.440964884554));
#5753 = LINE('',#5754,#5755);
#5754 = CARTESIAN_POINT('',(26.162,46.806670509735,8.440964884554));
#5755 = VECTOR('',#5756,1.);
#5756 = DIRECTION('',(-1.,-0.,-0.));
#5757 = ORIENTED_EDGE('',*,*,#5758,.T.);
#5758 = EDGE_CURVE('',#5751,#5728,#5759,.T.);
#5759 = CIRCLE('',#5760,0.762);
#5760 = AXIS2_PLACEMENT_3D('',#5761,#5762,#5763);
#5761 = CARTESIAN_POINT('',(24.13,46.116063976013,8.763));
#5762 = DIRECTION('',(1.,0.,0.));
#5763 = DIRECTION('',(0.,1.,0.));
#5764 = ORIENTED_EDGE('',*,*,#5735,.F.);
#5765 = CYLINDRICAL_SURFACE('',#5766,0.762);
#5766 = AXIS2_PLACEMENT_3D('',#5767,#5768,#5769);
#5767 = CARTESIAN_POINT('',(26.162,46.116063976013,8.763));
#5768 = DIRECTION('',(1.,0.,0.));
#5769 = DIRECTION('',(0.,1.,0.));
#5770 = ADVANCED_FACE('',(#5771),#5789,.F.);
#5771 = FACE_BOUND('',#5772,.F.);
#5772 = EDGE_LOOP('',(#5773,#5774,#5782,#5788));
#5773 = ORIENTED_EDGE('',*,*,#2496,.F.);
#5774 = ORIENTED_EDGE('',*,*,#5775,.T.);
#5775 = EDGE_CURVE('',#2488,#5776,#5778,.T.);
#5776 = VERTEX_POINT('',#5777);
#5777 = CARTESIAN_POINT('',(24.13,44.378606533722,3.233964884554));
#5778 = LINE('',#5779,#5780);
#5779 = CARTESIAN_POINT('',(26.162,44.378606533722,3.233964884554));
#5780 = VECTOR('',#5781,1.);
#5781 = DIRECTION('',(-1.,-0.,-0.));
#5782 = ORIENTED_EDGE('',*,*,#5783,.T.);
#5783 = EDGE_CURVE('',#5776,#5751,#5784,.T.);
#5784 = LINE('',#5785,#5786);
#5785 = CARTESIAN_POINT('',(24.13,43.334665235231,0.995225545333));
#5786 = VECTOR('',#5787,1.);
#5787 = DIRECTION('',(0.,0.422618261741,0.906307787037));
#5788 = ORIENTED_EDGE('',*,*,#5750,.F.);
#5789 = PLANE('',#5790);
#5790 = AXIS2_PLACEMENT_3D('',#5791,#5792,#5793);
#5791 = CARTESIAN_POINT('',(26.162,44.378606533722,3.233964884554));
#5792 = DIRECTION('',(0.,0.906307787037,-0.422618261741));
#5793 = DIRECTION('',(0.,0.422618261741,0.906307787037));
#5794 = ADVANCED_FACE('',(#5795),#5807,.F.);
#5795 = FACE_BOUND('',#5796,.F.);
#5796 = EDGE_LOOP('',(#5797,#5798,#5799,#5806));
#5797 = ORIENTED_EDGE('',*,*,#2487,.F.);
#5798 = ORIENTED_EDGE('',*,*,#5719,.T.);
#5799 = ORIENTED_EDGE('',*,*,#5800,.T.);
#5800 = EDGE_CURVE('',#5720,#5776,#5801,.T.);
#5801 = CIRCLE('',#5802,0.762);
#5802 = AXIS2_PLACEMENT_3D('',#5803,#5804,#5805);
#5803 = CARTESIAN_POINT('',(24.13,43.688,3.556));
#5804 = DIRECTION('',(1.,0.,0.));
#5805 = DIRECTION('',(0.,1.,0.));
#5806 = ORIENTED_EDGE('',*,*,#5775,.F.);
#5807 = CYLINDRICAL_SURFACE('',#5808,0.762);
#5808 = AXIS2_PLACEMENT_3D('',#5809,#5810,#5811);
#5809 = CARTESIAN_POINT('',(26.162,43.688,3.556));
#5810 = DIRECTION('',(1.,0.,0.));
#5811 = DIRECTION('',(0.,1.,0.));
#5812 = ADVANCED_FACE('',(#5813),#5831,.F.);
#5813 = FACE_BOUND('',#5814,.F.);
#5814 = EDGE_LOOP('',(#5815,#5823,#5824,#5825));
#5815 = ORIENTED_EDGE('',*,*,#5816,.F.);
#5816 = EDGE_CURVE('',#4370,#5817,#5819,.T.);
#5817 = VERTEX_POINT('',#5818);
#5818 = CARTESIAN_POINT('',(2.54,49.784,0.508));
#5819 = LINE('',#5820,#5821);
#5820 = CARTESIAN_POINT('',(8.636,49.784,0.508));
#5821 = VECTOR('',#5822,1.);
#5822 = DIRECTION('',(-1.,0.,0.));
#5823 = ORIENTED_EDGE('',*,*,#4369,.T.);
#5824 = ORIENTED_EDGE('',*,*,#2570,.T.);
#5825 = ORIENTED_EDGE('',*,*,#5826,.F.);
#5826 = EDGE_CURVE('',#5817,#2562,#5827,.T.);
#5827 = LINE('',#5828,#5829);
#5828 = CARTESIAN_POINT('',(2.54,49.784,9.7E-15));
#5829 = VECTOR('',#5830,1.);
#5830 = DIRECTION('',(2.2E-16,2.2E-16,-1.));
#5831 = PLANE('',#5832);
#5832 = AXIS2_PLACEMENT_3D('',#5833,#5834,#5835);
#5833 = CARTESIAN_POINT('',(8.636,49.784,1.105E-14));
#5834 = DIRECTION('',(0.,1.,2.2E-16));
#5835 = DIRECTION('',(2.2E-16,2.2E-16,-1.));
#5836 = ADVANCED_FACE('',(#5837),#5856,.F.);
#5837 = FACE_BOUND('',#5838,.T.);
#5838 = EDGE_LOOP('',(#5839,#5848,#5854,#5855));
#5839 = ORIENTED_EDGE('',*,*,#5840,.T.);
#5840 = EDGE_CURVE('',#5817,#5841,#5843,.T.);
#5841 = VERTEX_POINT('',#5842);
#5842 = CARTESIAN_POINT('',(1.016,48.26,0.508));
#5843 = CIRCLE('',#5844,1.524);
#5844 = AXIS2_PLACEMENT_3D('',#5845,#5846,#5847);
#5845 = CARTESIAN_POINT('',(2.54,48.26,0.508));
#5846 = DIRECTION('',(-0.,1.2E-16,1.));
#5847 = DIRECTION('',(0.,-1.,1.2E-16));
#5848 = ORIENTED_EDGE('',*,*,#5849,.T.);
#5849 = EDGE_CURVE('',#5841,#2554,#5850,.T.);
#5850 = LINE('',#5851,#5852);
#5851 = CARTESIAN_POINT('',(1.016,48.26,1.124E-14));
#5852 = VECTOR('',#5853,1.);
#5853 = DIRECTION('',(0.,-1.2E-16,-1.));
#5854 = ORIENTED_EDGE('',*,*,#2561,.F.);
#5855 = ORIENTED_EDGE('',*,*,#5826,.F.);
#5856 = CYLINDRICAL_SURFACE('',#5857,1.524);
#5857 = AXIS2_PLACEMENT_3D('',#5858,#5859,#5860);
#5858 = CARTESIAN_POINT('',(2.54,48.26,1.124E-14));
#5859 = DIRECTION('',(0.,-1.2E-16,-1.));
#5860 = DIRECTION('',(0.,-1.,1.2E-16));
#5861 = ADVANCED_FACE('',(#5862),#5873,.F.);
#5862 = FACE_BOUND('',#5863,.F.);
#5863 = EDGE_LOOP('',(#5864,#5870,#5871,#5872));
#5864 = ORIENTED_EDGE('',*,*,#5865,.F.);
#5865 = EDGE_CURVE('',#5841,#2627,#5866,.T.);
#5866 = LINE('',#5867,#5868);
#5867 = CARTESIAN_POINT('',(1.016,48.26,0.508));
#5868 = VECTOR('',#5869,1.);
#5869 = DIRECTION('',(0.,-1.,1.2E-16));
#5870 = ORIENTED_EDGE('',*,*,#5849,.T.);
#5871 = ORIENTED_EDGE('',*,*,#2553,.T.);
#5872 = ORIENTED_EDGE('',*,*,#2635,.F.);
#5873 = PLANE('',#5874);
#5874 = AXIS2_PLACEMENT_3D('',#5875,#5876,#5877);
#5875 = CARTESIAN_POINT('',(1.016,48.26,1.137E-14));
#5876 = DIRECTION('',(-1.,0.,2.2E-16));
#5877 = DIRECTION('',(-2.2E-16,1.E-16,-1.));
#5878 = ADVANCED_FACE('',(#5879),#5898,.F.);
#5879 = FACE_BOUND('',#5880,.F.);
#5880 = EDGE_LOOP('',(#5881,#5889,#5896,#5897));
#5881 = ORIENTED_EDGE('',*,*,#5882,.F.);
#5882 = EDGE_CURVE('',#5883,#2619,#5885,.T.);
#5883 = VERTEX_POINT('',#5884);
#5884 = CARTESIAN_POINT('',(1.016,48.26,1.016));
#5885 = LINE('',#5886,#5887);
#5886 = CARTESIAN_POINT('',(1.016,48.26,1.016));
#5887 = VECTOR('',#5888,1.);
#5888 = DIRECTION('',(-0.,-1.,-1.E-16));
#5889 = ORIENTED_EDGE('',*,*,#5890,.F.);
#5890 = EDGE_CURVE('',#5841,#5883,#5891,.T.);
#5891 = CIRCLE('',#5892,0.26035000002);
#5892 = AXIS2_PLACEMENT_3D('',#5893,#5894,#5895);
#5893 = CARTESIAN_POINT('',(1.073150000089,48.26,0.762));
#5894 = DIRECTION('',(1.8E-16,1.,-1.2E-16));
#5895 = DIRECTION('',(-1.,1.8E-16,0.));
#5896 = ORIENTED_EDGE('',*,*,#5865,.T.);
#5897 = ORIENTED_EDGE('',*,*,#2626,.F.);
#5898 = CYLINDRICAL_SURFACE('',#5899,0.26035000002);
#5899 = AXIS2_PLACEMENT_3D('',#5900,#5901,#5902);
#5900 = CARTESIAN_POINT('',(1.073150000089,48.26,0.762));
#5901 = DIRECTION('',(0.,-1.,1.2E-16));
#5902 = DIRECTION('',(1.,-2.64E-32,-2.2E-16));
#5903 = ADVANCED_FACE('',(#5904),#5922,.F.);
#5904 = FACE_BOUND('',#5905,.F.);
#5905 = EDGE_LOOP('',(#5906,#5914,#5920,#5921));
#5906 = ORIENTED_EDGE('',*,*,#5907,.F.);
#5907 = EDGE_CURVE('',#5908,#2611,#5910,.T.);
#5908 = VERTEX_POINT('',#5909);
#5909 = CARTESIAN_POINT('',(1.016,48.26,2.032));
#5910 = LINE('',#5911,#5912);
#5911 = CARTESIAN_POINT('',(1.016,48.26,2.032));
#5912 = VECTOR('',#5913,1.);
#5913 = DIRECTION('',(-4.4E-16,-1.,1.2E-16));
#5914 = ORIENTED_EDGE('',*,*,#5915,.T.);
#5915 = EDGE_CURVE('',#5908,#5883,#5916,.T.);
#5916 = LINE('',#5917,#5918);
#5917 = CARTESIAN_POINT('',(1.016,48.26,2.032));
#5918 = VECTOR('',#5919,1.);
#5919 = DIRECTION('',(0.,-1.2E-16,-1.));
#5920 = ORIENTED_EDGE('',*,*,#5882,.T.);
#5921 = ORIENTED_EDGE('',*,*,#2618,.F.);
#5922 = PLANE('',#5923);
#5923 = AXIS2_PLACEMENT_3D('',#5924,#5925,#5926);
#5924 = CARTESIAN_POINT('',(1.016,48.26,2.032));
#5925 = DIRECTION('',(-1.,0.,2.2E-16));
#5926 = DIRECTION('',(-2.2E-16,1.E-16,-1.));
#5927 = ADVANCED_FACE('',(#5928),#5957,.T.);
#5928 = FACE_BOUND('',#5929,.T.);
#5929 = EDGE_LOOP('',(#5930,#5931,#5932,#5933,#5942,#5948,#5949,#5950));
#5930 = ORIENTED_EDGE('',*,*,#3853,.T.);
#5931 = ORIENTED_EDGE('',*,*,#2610,.T.);
#5932 = ORIENTED_EDGE('',*,*,#5907,.F.);
#5933 = ORIENTED_EDGE('',*,*,#5934,.F.);
#5934 = EDGE_CURVE('',#5935,#5908,#5937,.T.);
#5935 = VERTEX_POINT('',#5936);
#5936 = CARTESIAN_POINT('',(2.54,49.784,2.032));
#5937 = CIRCLE('',#5938,1.524);
#5938 = AXIS2_PLACEMENT_3D('',#5939,#5940,#5941);
#5939 = CARTESIAN_POINT('',(2.54,48.26,2.032));
#5940 = DIRECTION('',(0.,1.2E-16,1.));
#5941 = DIRECTION('',(-5.8E-16,-1.,1.2E-16));
#5942 = ORIENTED_EDGE('',*,*,#5943,.F.);
#5943 = EDGE_CURVE('',#4387,#5935,#5944,.T.);
#5944 = LINE('',#5945,#5946);
#5945 = CARTESIAN_POINT('',(8.636,49.784,2.032));
#5946 = VECTOR('',#5947,1.);
#5947 = DIRECTION('',(-1.,4.4E-16,0.));
#5948 = ORIENTED_EDGE('',*,*,#4394,.F.);
#5949 = ORIENTED_EDGE('',*,*,#4301,.T.);
#5950 = ORIENTED_EDGE('',*,*,#5951,.T.);
#5951 = EDGE_CURVE('',#4294,#3854,#5952,.T.);
#5952 = CIRCLE('',#5953,0.508);
#5953 = AXIS2_PLACEMENT_3D('',#5954,#5955,#5956);
#5954 = CARTESIAN_POINT('',(2.54,48.26,2.032));
#5955 = DIRECTION('',(0.,1.2E-16,1.));
#5956 = DIRECTION('',(-8.7E-16,-1.,1.2E-16));
#5957 = PLANE('',#5958);
#5958 = AXIS2_PLACEMENT_3D('',#5959,#5960,#5961);
#5959 = CARTESIAN_POINT('',(2.24153821177,35.778672473442,2.032));
#5960 = DIRECTION('',(-2.8E-16,-0.,-1.));
#5961 = DIRECTION('',(-1.,0.,2.8E-16));
#5962 = ADVANCED_FACE('',(#5963),#5975,.F.);
#5963 = FACE_BOUND('',#5964,.F.);
#5964 = EDGE_LOOP('',(#5965,#5966,#5973,#5974));
#5965 = ORIENTED_EDGE('',*,*,#3724,.F.);
#5966 = ORIENTED_EDGE('',*,*,#5967,.T.);
#5967 = EDGE_CURVE('',#3725,#3870,#5968,.T.);
#5968 = CIRCLE('',#5969,0.508);
#5969 = AXIS2_PLACEMENT_3D('',#5970,#5971,#5972);
#5970 = CARTESIAN_POINT('',(2.54,2.54,10.16));
#5971 = DIRECTION('',(0.,0.,-1.));
#5972 = DIRECTION('',(0.,1.,0.));
#5973 = ORIENTED_EDGE('',*,*,#3877,.T.);
#5974 = ORIENTED_EDGE('',*,*,#3965,.T.);
#5975 = CYLINDRICAL_SURFACE('',#5976,0.508);
#5976 = AXIS2_PLACEMENT_3D('',#5977,#5978,#5979);
#5977 = CARTESIAN_POINT('',(2.54,2.54,10.16));
#5978 = DIRECTION('',(0.,0.,-1.));
#5979 = DIRECTION('',(0.,-1.,0.));
#5980 = ADVANCED_FACE('',(#5981),#6000,.F.);
#5981 = FACE_BOUND('',#5982,.F.);
#5982 = EDGE_LOOP('',(#5983,#5984,#5985,#5993));
#5983 = ORIENTED_EDGE('',*,*,#3740,.F.);
#5984 = ORIENTED_EDGE('',*,*,#3973,.T.);
#5985 = ORIENTED_EDGE('',*,*,#5986,.T.);
#5986 = EDGE_CURVE('',#3974,#5987,#5989,.T.);
#5987 = VERTEX_POINT('',#5988);
#5988 = CARTESIAN_POINT('',(24.13,2.54,10.16));
#5989 = LINE('',#5990,#5991);
#5990 = CARTESIAN_POINT('',(24.13,2.54,0.));
#5991 = VECTOR('',#5992,1.);
#5992 = DIRECTION('',(0.,0.,1.));
#5993 = ORIENTED_EDGE('',*,*,#5994,.F.);
#5994 = EDGE_CURVE('',#3733,#5987,#5995,.T.);
#5995 = CIRCLE('',#5996,0.508);
#5996 = AXIS2_PLACEMENT_3D('',#5997,#5998,#5999);
#5997 = CARTESIAN_POINT('',(23.622,2.54,10.16));
#5998 = DIRECTION('',(-0.,0.,1.));
#5999 = DIRECTION('',(0.,-1.,0.));
#6000 = CYLINDRICAL_SURFACE('',#6001,0.508);
#6001 = AXIS2_PLACEMENT_3D('',#6002,#6003,#6004);
#6002 = CARTESIAN_POINT('',(23.622,2.54,0.));
#6003 = DIRECTION('',(0.,0.,1.));
#6004 = DIRECTION('',(0.,-1.,0.));
#6005 = ADVANCED_FACE('',(#6006),#6035,.F.);
#6006 = FACE_BOUND('',#6007,.F.);
#6007 = EDGE_LOOP('',(#6008,#6009,#6010,#6018,#6025,#6026,#6033,#6034));
#6008 = ORIENTED_EDGE('',*,*,#3732,.T.);
#6009 = ORIENTED_EDGE('',*,*,#5994,.T.);
#6010 = ORIENTED_EDGE('',*,*,#6011,.T.);
#6011 = EDGE_CURVE('',#5987,#6012,#6014,.T.);
#6012 = VERTEX_POINT('',#6013);
#6013 = CARTESIAN_POINT('',(24.13,48.26,10.16));
#6014 = LINE('',#6015,#6016);
#6015 = CARTESIAN_POINT('',(24.13,12.7,10.16));
#6016 = VECTOR('',#6017,1.);
#6017 = DIRECTION('',(0.,1.,0.));
#6018 = ORIENTED_EDGE('',*,*,#6019,.T.);
#6019 = EDGE_CURVE('',#6012,#4278,#6020,.T.);
#6020 = CIRCLE('',#6021,0.508);
#6021 = AXIS2_PLACEMENT_3D('',#6022,#6023,#6024);
#6022 = CARTESIAN_POINT('',(23.622,48.26,10.16));
#6023 = DIRECTION('',(-0.,0.,1.));
#6024 = DIRECTION('',(0.,-1.,0.));
#6025 = ORIENTED_EDGE('',*,*,#4285,.T.);
#6026 = ORIENTED_EDGE('',*,*,#6027,.T.);
#6027 = EDGE_CURVE('',#4286,#3862,#6028,.T.);
#6028 = CIRCLE('',#6029,0.508);
#6029 = AXIS2_PLACEMENT_3D('',#6030,#6031,#6032);
#6030 = CARTESIAN_POINT('',(2.54,48.26,10.16));
#6031 = DIRECTION('',(-0.,0.,1.));
#6032 = DIRECTION('',(0.,-1.,0.));
#6033 = ORIENTED_EDGE('',*,*,#3869,.T.);
#6034 = ORIENTED_EDGE('',*,*,#5967,.F.);
#6035 = PLANE('',#6036);
#6036 = AXIS2_PLACEMENT_3D('',#6037,#6038,#6039);
#6037 = CARTESIAN_POINT('',(13.081,25.4,10.16));
#6038 = DIRECTION('',(0.,0.,1.));
#6039 = DIRECTION('',(1.,0.,0.));
#6040 = ADVANCED_FACE('',(#6041),#6047,.F.);
#6041 = FACE_BOUND('',#6042,.F.);
#6042 = EDGE_LOOP('',(#6043,#6044,#6045,#6046));
#6043 = ORIENTED_EDGE('',*,*,#4293,.F.);
#6044 = ORIENTED_EDGE('',*,*,#5951,.T.);
#6045 = ORIENTED_EDGE('',*,*,#3861,.T.);
#6046 = ORIENTED_EDGE('',*,*,#6027,.F.);
#6047 = CYLINDRICAL_SURFACE('',#6048,0.508);
#6048 = AXIS2_PLACEMENT_3D('',#6049,#6050,#6051);
#6049 = CARTESIAN_POINT('',(2.54,48.26,0.));
#6050 = DIRECTION('',(0.,0.,1.));
#6051 = DIRECTION('',(0.,1.,0.));
#6052 = ADVANCED_FACE('',(#6053,#6064,#6070,#6076,#6082,#6088,#6094,
    #6100,#6106,#6112,#6118,#6124,#6130,#6136,#6142),#6148,.T.);
#6053 = FACE_BOUND('',#6054,.T.);
#6054 = EDGE_LOOP('',(#6055,#6056,#6057,#6058));
#6055 = ORIENTED_EDGE('',*,*,#3982,.F.);
#6056 = ORIENTED_EDGE('',*,*,#5986,.T.);
#6057 = ORIENTED_EDGE('',*,*,#6011,.T.);
#6058 = ORIENTED_EDGE('',*,*,#6059,.F.);
#6059 = EDGE_CURVE('',#3983,#6012,#6060,.T.);
#6060 = LINE('',#6061,#6062);
#6061 = CARTESIAN_POINT('',(24.13,48.26,0.));
#6062 = VECTOR('',#6063,1.);
#6063 = DIRECTION('',(0.,0.,1.));
#6064 = FACE_BOUND('',#6065,.T.);
#6065 = EDGE_LOOP('',(#6066,#6067,#6068,#6069));
#6066 = ORIENTED_EDGE('',*,*,#4453,.F.);
#6067 = ORIENTED_EDGE('',*,*,#4526,.T.);
#6068 = ORIENTED_EDGE('',*,*,#4509,.T.);
#6069 = ORIENTED_EDGE('',*,*,#4484,.T.);
#6070 = FACE_BOUND('',#6071,.T.);
#6071 = EDGE_LOOP('',(#6072,#6073,#6074,#6075));
#6072 = ORIENTED_EDGE('',*,*,#4551,.F.);
#6073 = ORIENTED_EDGE('',*,*,#4575,.T.);
#6074 = ORIENTED_EDGE('',*,*,#4625,.T.);
#6075 = ORIENTED_EDGE('',*,*,#4607,.T.);
#6076 = FACE_BOUND('',#6077,.T.);
#6077 = EDGE_LOOP('',(#6078,#6079,#6080,#6081));
#6078 = ORIENTED_EDGE('',*,*,#4649,.F.);
#6079 = ORIENTED_EDGE('',*,*,#4722,.T.);
#6080 = ORIENTED_EDGE('',*,*,#4705,.T.);
#6081 = ORIENTED_EDGE('',*,*,#4680,.T.);
#6082 = FACE_BOUND('',#6083,.T.);
#6083 = EDGE_LOOP('',(#6084,#6085,#6086,#6087));
#6084 = ORIENTED_EDGE('',*,*,#4747,.F.);
#6085 = ORIENTED_EDGE('',*,*,#4820,.T.);
#6086 = ORIENTED_EDGE('',*,*,#4803,.T.);
#6087 = ORIENTED_EDGE('',*,*,#4778,.T.);
#6088 = FACE_BOUND('',#6089,.T.);
#6089 = EDGE_LOOP('',(#6090,#6091,#6092,#6093));
#6090 = ORIENTED_EDGE('',*,*,#4845,.F.);
#6091 = ORIENTED_EDGE('',*,*,#4918,.T.);
#6092 = ORIENTED_EDGE('',*,*,#4901,.T.);
#6093 = ORIENTED_EDGE('',*,*,#4876,.T.);
#6094 = FACE_BOUND('',#6095,.T.);
#6095 = EDGE_LOOP('',(#6096,#6097,#6098,#6099));
#6096 = ORIENTED_EDGE('',*,*,#4943,.F.);
#6097 = ORIENTED_EDGE('',*,*,#5016,.T.);
#6098 = ORIENTED_EDGE('',*,*,#4999,.T.);
#6099 = ORIENTED_EDGE('',*,*,#4974,.T.);
#6100 = FACE_BOUND('',#6101,.T.);
#6101 = EDGE_LOOP('',(#6102,#6103,#6104,#6105));
#6102 = ORIENTED_EDGE('',*,*,#5041,.F.);
#6103 = ORIENTED_EDGE('',*,*,#5114,.T.);
#6104 = ORIENTED_EDGE('',*,*,#5097,.T.);
#6105 = ORIENTED_EDGE('',*,*,#5072,.T.);
#6106 = FACE_BOUND('',#6107,.T.);
#6107 = EDGE_LOOP('',(#6108,#6109,#6110,#6111));
#6108 = ORIENTED_EDGE('',*,*,#5139,.F.);
#6109 = ORIENTED_EDGE('',*,*,#5212,.T.);
#6110 = ORIENTED_EDGE('',*,*,#5195,.T.);
#6111 = ORIENTED_EDGE('',*,*,#5170,.T.);
#6112 = FACE_BOUND('',#6113,.T.);
#6113 = EDGE_LOOP('',(#6114,#6115,#6116,#6117));
#6114 = ORIENTED_EDGE('',*,*,#5237,.F.);
#6115 = ORIENTED_EDGE('',*,*,#5310,.T.);
#6116 = ORIENTED_EDGE('',*,*,#5293,.T.);
#6117 = ORIENTED_EDGE('',*,*,#5268,.T.);
#6118 = FACE_BOUND('',#6119,.T.);
#6119 = EDGE_LOOP('',(#6120,#6121,#6122,#6123));
#6120 = ORIENTED_EDGE('',*,*,#5335,.F.);
#6121 = ORIENTED_EDGE('',*,*,#5408,.T.);
#6122 = ORIENTED_EDGE('',*,*,#5391,.T.);
#6123 = ORIENTED_EDGE('',*,*,#5366,.T.);
#6124 = FACE_BOUND('',#6125,.T.);
#6125 = EDGE_LOOP('',(#6126,#6127,#6128,#6129));
#6126 = ORIENTED_EDGE('',*,*,#5433,.F.);
#6127 = ORIENTED_EDGE('',*,*,#5506,.T.);
#6128 = ORIENTED_EDGE('',*,*,#5489,.T.);
#6129 = ORIENTED_EDGE('',*,*,#5464,.T.);
#6130 = FACE_BOUND('',#6131,.T.);
#6131 = EDGE_LOOP('',(#6132,#6133,#6134,#6135));
#6132 = ORIENTED_EDGE('',*,*,#5531,.F.);
#6133 = ORIENTED_EDGE('',*,*,#5604,.T.);
#6134 = ORIENTED_EDGE('',*,*,#5587,.T.);
#6135 = ORIENTED_EDGE('',*,*,#5562,.T.);
#6136 = FACE_BOUND('',#6137,.T.);
#6137 = EDGE_LOOP('',(#6138,#6139,#6140,#6141));
#6138 = ORIENTED_EDGE('',*,*,#5629,.F.);
#6139 = ORIENTED_EDGE('',*,*,#5702,.T.);
#6140 = ORIENTED_EDGE('',*,*,#5685,.T.);
#6141 = ORIENTED_EDGE('',*,*,#5660,.T.);
#6142 = FACE_BOUND('',#6143,.T.);
#6143 = EDGE_LOOP('',(#6144,#6145,#6146,#6147));
#6144 = ORIENTED_EDGE('',*,*,#5727,.F.);
#6145 = ORIENTED_EDGE('',*,*,#5800,.T.);
#6146 = ORIENTED_EDGE('',*,*,#5783,.T.);
#6147 = ORIENTED_EDGE('',*,*,#5758,.T.);
#6148 = PLANE('',#6149);
#6149 = AXIS2_PLACEMENT_3D('',#6150,#6151,#6152);
#6150 = CARTESIAN_POINT('',(24.13,0.,0.));
#6151 = DIRECTION('',(-1.,0.,0.));
#6152 = DIRECTION('',(0.,1.,0.));
#6153 = ADVANCED_FACE('',(#6154),#6160,.F.);
#6154 = FACE_BOUND('',#6155,.F.);
#6155 = EDGE_LOOP('',(#6156,#6157,#6158,#6159));
#6156 = ORIENTED_EDGE('',*,*,#6059,.F.);
#6157 = ORIENTED_EDGE('',*,*,#3990,.T.);
#6158 = ORIENTED_EDGE('',*,*,#4277,.T.);
#6159 = ORIENTED_EDGE('',*,*,#6019,.F.);
#6160 = CYLINDRICAL_SURFACE('',#6161,0.508);
#6161 = AXIS2_PLACEMENT_3D('',#6162,#6163,#6164);
#6162 = CARTESIAN_POINT('',(23.622,48.26,0.));
#6163 = DIRECTION('',(0.,0.,1.));
#6164 = DIRECTION('',(1.,0.,0.));
#6165 = ADVANCED_FACE('',(#6166),#6177,.F.);
#6166 = FACE_BOUND('',#6167,.T.);
#6167 = EDGE_LOOP('',(#6168,#6169,#6170,#6171));
#6168 = ORIENTED_EDGE('',*,*,#4014,.T.);
#6169 = ORIENTED_EDGE('',*,*,#4260,.T.);
#6170 = ORIENTED_EDGE('',*,*,#4216,.F.);
#6171 = ORIENTED_EDGE('',*,*,#6172,.F.);
#6172 = EDGE_CURVE('',#4015,#4192,#6173,.T.);
#6173 = LINE('',#6174,#6175);
#6174 = CARTESIAN_POINT('',(25.146,48.26,2.032));
#6175 = VECTOR('',#6176,1.);
#6176 = DIRECTION('',(2.2E-16,-3.4E-16,-1.));
#6177 = CYLINDRICAL_SURFACE('',#6178,1.524);
#6178 = AXIS2_PLACEMENT_3D('',#6179,#6180,#6181);
#6179 = CARTESIAN_POINT('',(23.622,48.26,2.032));
#6180 = DIRECTION('',(0.,-1.2E-16,-1.));
#6181 = DIRECTION('',(0.,-1.,1.2E-16));
#6182 = ADVANCED_FACE('',(#6183),#6194,.F.);
#6183 = FACE_BOUND('',#6184,.F.);
#6184 = EDGE_LOOP('',(#6185,#6186,#6192,#6193));
#6185 = ORIENTED_EDGE('',*,*,#4023,.F.);
#6186 = ORIENTED_EDGE('',*,*,#6187,.T.);
#6187 = EDGE_CURVE('',#4024,#4166,#6188,.T.);
#6188 = LINE('',#6189,#6190);
#6189 = CARTESIAN_POINT('',(25.146,2.54,2.032));
#6190 = VECTOR('',#6191,1.);
#6191 = DIRECTION('',(-0.,-1.2E-16,-1.));
#6192 = ORIENTED_EDGE('',*,*,#4191,.T.);
#6193 = ORIENTED_EDGE('',*,*,#6172,.F.);
#6194 = PLANE('',#6195);
#6195 = AXIS2_PLACEMENT_3D('',#6196,#6197,#6198);
#6196 = CARTESIAN_POINT('',(25.146,2.54,2.032));
#6197 = DIRECTION('',(1.,0.,2.2E-16));
#6198 = DIRECTION('',(2.2E-16,-3.4E-16,-1.));
#6199 = ADVANCED_FACE('',(#6200),#6211,.F.);
#6200 = FACE_BOUND('',#6201,.T.);
#6201 = EDGE_LOOP('',(#6202,#6203,#6204,#6205));
#6202 = ORIENTED_EDGE('',*,*,#4031,.T.);
#6203 = ORIENTED_EDGE('',*,*,#6187,.T.);
#6204 = ORIENTED_EDGE('',*,*,#4165,.F.);
#6205 = ORIENTED_EDGE('',*,*,#6206,.F.);
#6206 = EDGE_CURVE('',#4032,#4141,#6207,.T.);
#6207 = LINE('',#6208,#6209);
#6208 = CARTESIAN_POINT('',(23.622,1.016,2.032));
#6209 = VECTOR('',#6210,1.);
#6210 = DIRECTION('',(-2.2E-16,-3.4E-16,-1.));
#6211 = CYLINDRICAL_SURFACE('',#6212,1.524);
#6212 = AXIS2_PLACEMENT_3D('',#6213,#6214,#6215);
#6213 = CARTESIAN_POINT('',(23.622,2.54,2.032));
#6214 = DIRECTION('',(-0.,-1.2E-16,-1.));
#6215 = DIRECTION('',(0.,-1.,1.2E-16));
#6216 = ADVANCED_FACE('',(#6217),#6228,.F.);
#6217 = FACE_BOUND('',#6218,.F.);
#6218 = EDGE_LOOP('',(#6219,#6220,#6226,#6227));
#6219 = ORIENTED_EDGE('',*,*,#4040,.F.);
#6220 = ORIENTED_EDGE('',*,*,#6221,.T.);
#6221 = EDGE_CURVE('',#4041,#4115,#6222,.T.);
#6222 = LINE('',#6223,#6224);
#6223 = CARTESIAN_POINT('',(2.54,1.016,2.032));
#6224 = VECTOR('',#6225,1.);
#6225 = DIRECTION('',(-0.,-1.2E-16,-1.));
#6226 = ORIENTED_EDGE('',*,*,#4140,.T.);
#6227 = ORIENTED_EDGE('',*,*,#6206,.F.);
#6228 = PLANE('',#6229);
#6229 = AXIS2_PLACEMENT_3D('',#6230,#6231,#6232);
#6230 = CARTESIAN_POINT('',(2.54,1.016,2.032));
#6231 = DIRECTION('',(0.,-1.,3.4E-16));
#6232 = DIRECTION('',(-2.2E-16,-3.4E-16,-1.));
#6233 = ADVANCED_FACE('',(#6234),#6240,.F.);
#6234 = FACE_BOUND('',#6235,.T.);
#6235 = EDGE_LOOP('',(#6236,#6237,#6238,#6239));
#6236 = ORIENTED_EDGE('',*,*,#4048,.T.);
#6237 = ORIENTED_EDGE('',*,*,#6221,.T.);
#6238 = ORIENTED_EDGE('',*,*,#4114,.F.);
#6239 = ORIENTED_EDGE('',*,*,#4082,.F.);
#6240 = CYLINDRICAL_SURFACE('',#6241,1.524);
#6241 = AXIS2_PLACEMENT_3D('',#6242,#6243,#6244);
#6242 = CARTESIAN_POINT('',(2.54,2.54,2.032));
#6243 = DIRECTION('',(-0.,-1.2E-16,-1.));
#6244 = DIRECTION('',(0.,-1.,1.2E-16));
#6245 = ADVANCED_FACE('',(#6246),#6264,.F.);
#6246 = FACE_BOUND('',#6247,.F.);
#6247 = EDGE_LOOP('',(#6248,#6249,#6250,#6258));
#6248 = ORIENTED_EDGE('',*,*,#5943,.F.);
#6249 = ORIENTED_EDGE('',*,*,#4386,.T.);
#6250 = ORIENTED_EDGE('',*,*,#6251,.T.);
#6251 = EDGE_CURVE('',#4378,#6252,#6254,.T.);
#6252 = VERTEX_POINT('',#6253);
#6253 = CARTESIAN_POINT('',(2.54,49.784,1.016));
#6254 = LINE('',#6255,#6256);
#6255 = CARTESIAN_POINT('',(8.636,49.784,1.016));
#6256 = VECTOR('',#6257,1.);
#6257 = DIRECTION('',(-1.,0.,-2.2E-16));
#6258 = ORIENTED_EDGE('',*,*,#6259,.F.);
#6259 = EDGE_CURVE('',#5935,#6252,#6260,.T.);
#6260 = LINE('',#6261,#6262);
#6261 = CARTESIAN_POINT('',(2.54,49.784,2.032));
#6262 = VECTOR('',#6263,1.);
#6263 = DIRECTION('',(2.2E-16,2.2E-16,-1.));
#6264 = PLANE('',#6265);
#6265 = AXIS2_PLACEMENT_3D('',#6266,#6267,#6268);
#6266 = CARTESIAN_POINT('',(8.636,49.784,2.032));
#6267 = DIRECTION('',(0.,1.,2.2E-16));
#6268 = DIRECTION('',(2.2E-16,2.2E-16,-1.));
#6269 = ADVANCED_FACE('',(#6270),#6282,.F.);
#6270 = FACE_BOUND('',#6271,.F.);
#6271 = EDGE_LOOP('',(#6272,#6273,#6274,#6275));
#6272 = ORIENTED_EDGE('',*,*,#6251,.F.);
#6273 = ORIENTED_EDGE('',*,*,#4377,.T.);
#6274 = ORIENTED_EDGE('',*,*,#5816,.T.);
#6275 = ORIENTED_EDGE('',*,*,#6276,.F.);
#6276 = EDGE_CURVE('',#6252,#5817,#6277,.T.);
#6277 = CIRCLE('',#6278,0.26035000002);
#6278 = AXIS2_PLACEMENT_3D('',#6279,#6280,#6281);
#6279 = CARTESIAN_POINT('',(2.54,49.726849999911,0.762));
#6280 = DIRECTION('',(-1.,0.,0.));
#6281 = DIRECTION('',(-0.,-1.,-2.2E-16));
#6282 = CYLINDRICAL_SURFACE('',#6283,0.26035000002);
#6283 = AXIS2_PLACEMENT_3D('',#6284,#6285,#6286);
#6284 = CARTESIAN_POINT('',(8.636,49.726849999911,0.762));
#6285 = DIRECTION('',(-1.,0.,0.));
#6286 = DIRECTION('',(-0.,-1.,-2.2E-16));
#6287 = ADVANCED_FACE('',(#6288),#6300,.F.);
#6288 = FACE_BOUND('',#6289,.F.);
#6289 = EDGE_LOOP('',(#6290,#6297,#6298,#6299));
#6290 = ORIENTED_EDGE('',*,*,#6291,.F.);
#6291 = EDGE_CURVE('',#6252,#5883,#6292,.T.);
#6292 = CIRCLE('',#6293,1.524);
#6293 = AXIS2_PLACEMENT_3D('',#6294,#6295,#6296);
#6294 = CARTESIAN_POINT('',(2.54,48.26,1.016));
#6295 = DIRECTION('',(-0.,1.2E-16,1.));
#6296 = DIRECTION('',(0.,-1.,1.2E-16));
#6297 = ORIENTED_EDGE('',*,*,#6276,.T.);
#6298 = ORIENTED_EDGE('',*,*,#5840,.T.);
#6299 = ORIENTED_EDGE('',*,*,#5890,.T.);
#6300 = TOROIDAL_SURFACE('',#6301,1.466849999911,0.26035000002);
#6301 = AXIS2_PLACEMENT_3D('',#6302,#6303,#6304);
#6302 = CARTESIAN_POINT('',(2.54,48.26,0.762));
#6303 = DIRECTION('',(0.,1.2E-16,1.));
#6304 = DIRECTION('',(0.,-1.,1.2E-16));
#6305 = ADVANCED_FACE('',(#6306),#6312,.F.);
#6306 = FACE_BOUND('',#6307,.T.);
#6307 = EDGE_LOOP('',(#6308,#6309,#6310,#6311));
#6308 = ORIENTED_EDGE('',*,*,#5934,.T.);
#6309 = ORIENTED_EDGE('',*,*,#5915,.T.);
#6310 = ORIENTED_EDGE('',*,*,#6291,.F.);
#6311 = ORIENTED_EDGE('',*,*,#6259,.F.);
#6312 = CYLINDRICAL_SURFACE('',#6313,1.524);
#6313 = AXIS2_PLACEMENT_3D('',#6314,#6315,#6316);
#6314 = CARTESIAN_POINT('',(2.54,48.26,2.032));
#6315 = DIRECTION('',(0.,-1.2E-16,-1.));
#6316 = DIRECTION('',(0.,-1.,1.2E-16));
#6317 = ( GEOMETRIC_REPRESENTATION_CONTEXT(3) 
GLOBAL_UNCERTAINTY_ASSIGNED_CONTEXT((#6321)) 
GLOBAL_UNIT_ASSIGNED_CONTEXT((#6318,#6319,#6320)) REPRESENTATION_CONTEXT
('Context #1','3D Context with UNIT and UNCERTAINTY') );
#6318 = ( LENGTH_UNIT() NAMED_UNIT(*) SI_UNIT(.MILLI.,.METRE.) );
#6319 = ( NAMED_UNIT(*) PLANE_ANGLE_UNIT() SI_UNIT($,.RADIAN.) );
#6320 = ( NAMED_UNIT(*) SI_UNIT($,.STERADIAN.) SOLID_ANGLE_UNIT() );
#6321 = UNCERTAINTY_MEASURE_WITH_UNIT(LENGTH_MEASURE(5.E-07),#6318,
  'distance_accuracy_value','confusion accuracy');
#6322 = PRODUCT_RELATED_PRODUCT_CATEGORY('part',$,(#7));
#6323 = MECHANICAL_DESIGN_GEOMETRIC_PRESENTATION_REPRESENTATION('',(
    #6324),#6317);
#6324 = STYLED_ITEM('color',(#6325),#15);
#6325 = PRESENTATION_STYLE_ASSIGNMENT((#6326,#6332));
#6326 = SURFACE_STYLE_USAGE(.BOTH.,#6327);
#6327 = SURFACE_SIDE_STYLE('',(#6328));
#6328 = SURFACE_STYLE_FILL_AREA(#6329);
#6329 = FILL_AREA_STYLE('',(#6330));
#6330 = FILL_AREA_STYLE_COLOUR('',#6331);
#6331 = COLOUR_RGB('',0.447058818107,0.474509808674,0.501960817233);
#6332 = CURVE_STYLE('',#6333,POSITIVE_LENGTH_MEASURE(0.1),#6334);
#6333 = DRAUGHTING_PRE_DEFINED_CURVE_FONT('continuous');
#6334 = COLOUR_RGB('',9.803921802644E-02,9.803921802644E-02,
  9.803921802644E-02);
ENDSEC;
END-ISO-10303-21;
